2026-07-29 08:59:20 [INFO] ticket_sync.local_runner: 로컬 실행 에이전트: 동기화 시작 {'freshdesk_env': 'prod', 'do_freshdesk': True, 'mode': 'range', 'start_date': '2026-07-27', 'end_date': '2026-07-28', 'date_basis': 'updated', 'case_status': 'open', 'owner': 'web-ui'}
2026-07-29 08:59:29 [INFO] ticket_sync.crawler: 로그인 화면에서 'yr.choi@kt.com' 를 자동으로 클릭했습니다.
2026-07-29 08:59:31 [INFO] ticket_sync.crawler: 로그인 화면에서 '로그인' 를 자동으로 클릭했습니다.
2026-07-29 08:59:32 [INFO] ticket_sync.crawler: 로그인 화면에서 'yr.choi@kt.com' 를 자동으로 클릭했습니다.
2026-07-29 08:59:34 [WARNING] ticket_sync.crawler: 로그인 세션이 없거나 만료된 것으로 보입니다. 계정 선택/로그인 상태 유지 확인처럼 비밀번호 없이 넘어갈 수 있는 화면은 자동으로 눌러드리며, 비밀번호나 MFA가 필요하면 브라우저 창에서 직접 완료해주세요. 최대 300초 대기합니다.
2026-07-29 08:59:34 [INFO] ticket_sync.crawler: 로그인 화면에서 'yr.choi@kt.com' 를 자동으로 클릭했습니다.
2026-07-29 08:59:35 [INFO] ticket_sync.crawler: 로그인 화면에서 'yr.choi@kt.com' 를 자동으로 클릭했습니다.
2026-07-29 08:59:38 [INFO] ticket_sync.crawler: 로그인 화면에서 '다음' 를 자동으로 클릭했습니다.
2026-07-29 08:59:39 [ERROR] ticket_sync.main: 티켓 수집 중 오류가 발생했습니다
Traceback (most recent call last):
  File "C:\Users\youre\Downloads\ticket_sync\main.py", line 239, in run_sync
    all_tickets, crawl_warnings = crawler.collect_tickets(
                                  ^^^^^^^^^^^^^^^^^^^^^^^^
  File "C:\Users\youre\Downloads\ticket_sync\crawler.py", line 1177, in collect_tickets
    context.close()
  File "C:\Users\youre\Downloads\ticket_sync\.venv\Lib\site-packages\playwright\sync_api\_generated.py", line 15212, in close
    return mapping.from_maybe_impl(self._sync(self._impl_obj.close(reason=reason)))
                                   ^^^^^^^^^^^^^^^^^^^^^^^^^^^^^^^^^^^^^^^^^^^^^^^
  File "C:\Users\youre\Downloads\ticket_sync\.venv\Lib\site-packages\playwright\_impl\_sync_base.py", line 115, in _sync
    return task.result()
           ^^^^^^^^^^^^^
  File "C:\Users\youre\Downloads\ticket_sync\.venv\Lib\site-packages\playwright\_impl\_browser_context.py", line 585, in close
    await self._channel.send("close", None, {"reason": reason})
  File "C:\Users\youre\Downloads\ticket_sync\.venv\Lib\site-packages\playwright\_impl\_connection.py", line 69, in send
    return await self._connection.wrap_api_call(
           ^^^^^^^^^^^^^^^^^^^^^^^^^^^^^^^^^^^^^
  File "C:\Users\youre\Downloads\ticket_sync\.venv\Lib\site-packages\playwright\_impl\_connection.py", line 563, in wrap_api_call
    raise rewrite_error(error, f"{parsed_st['apiName']}: {error}") from None
playwright._impl._errors.TargetClosedError: BrowserContext.close: Target page, context or browser has been closed
2026-07-29 08:59:40 [ERROR] ticket_sync.freshdesk: Freshdesk 요청 중 네트워크 오류: 티켓이 이미 생성됐을 가능성이 있어 재시도하지 않고 실패로 처리합니다. 다음 동기화 실행 시 재시도됩니다. (HTTPSConnectionPool(host='cloud-helpdesk.freshdesk.com', port=443): Max retries exceeded with url: /api/v2/tickets (Caused by SSLError(SSLCertVerificationError(1, '[SSL: CERTIFICATE_VERIFY_FAILED] certificate verify failed: self-signed certificate in certificate chain (_ssl.c:1010)'))))
2026-07-29 08:59:41 [ERROR] ticket_sync.freshdesk: Freshdesk 요청 중 네트워크 오류: 티켓이 이미 생성됐을 가능성이 있어 재시도하지 않고 실패로 처리합니다. 다음 동기화 실행 시 재시도됩니다. (HTTPSConnectionPool(host='cloud-helpdesk.freshdesk.com', port=443): Max retries exceeded with url: /api/v2/tickets (Caused by SSLError(SSLCertVerificationError(1, '[SSL: CERTIFICATE_VERIFY_FAILED] certificate verify failed: self-signed certificate in certificate chain (_ssl.c:1010)'))))
2026-07-29 08:59:41 [ERROR] ticket_sync.freshdesk: Freshdesk 요청 중 네트워크 오류: 티켓이 이미 생성됐을 가능성이 있어 재시도하지 않고 실패로 처리합니다. 다음 동기화 실행 시 재시도됩니다. (HTTPSConnectionPool(host='cloud-helpdesk.freshdesk.com', port=443): Max retries exceeded with url: /api/v2/tickets (Caused by SSLError(SSLCertVerificationError(1, '[SSL: CERTIFICATE_VERIFY_FAILED] certificate verify failed: self-signed certificate in certificate chain (_ssl.c:1010)'))))
2026-07-29 09:00:00 [INFO] ticket_sync.local_runner: 로컬 실행 에이전트: 동기화 시작 {'freshdesk_env': 'prod', 'do_freshdesk': False, 'mode': 'range', 'start_date': '2026-07-27', 'end_date': '2026-07-28', 'date_basis': 'updated', 'case_status': 'open', 'owner': 'web-ui'}
2026-07-29 09:00:04 [INFO] ticket_sync.crawler: 로그인 화면에서 'yr.choi@kt.com' 를 자동으로 클릭했습니다.
2026-07-29 09:00:09 [WARNING] ticket_sync.crawler: 로그인 세션이 없거나 만료된 것으로 보입니다. 계정 선택/로그인 상태 유지 확인처럼 비밀번호 없이 넘어갈 수 있는 화면은 자동으로 눌러드리며, 비밀번호나 MFA가 필요하면 브라우저 창에서 직접 완료해주세요. 최대 300초 대기합니다.
2026-07-29 09:00:10 [INFO] ticket_sync.crawler: 로그인 화면에서 'yr.choi@kt.com' 를 자동으로 클릭했습니다.
2026-07-29 09:00:12 [INFO] ticket_sync.crawler: 로그인 화면에서 'yr.choi@kt.com' 를 자동으로 클릭했습니다.
2026-07-29 09:00:13 [INFO] ticket_sync.crawler: 수동 로그인 완료 확인됨. 세션이 저장되어 다음 실행부터는 재사용됩니다.
2026-07-29 09:00:23 [INFO] ticket_sync.crawler: 상태 필터 적용: case_status=open (완료됨 체크=False)
2026-07-29 09:00:24 [INFO] ticket_sync.crawler: 케이스 목록 CSV 다운로드 완료: C:\Users\youre\Downloads\ticket_sync\data\downloads\SupportCases.csv
2026-07-29 09:00:24 [INFO] ticket_sync.crawler: CSV에서 총 76건 파싱됨 (날짜 필터 전, status=open)
2026-07-29 09:00:24 [INFO] ticket_sync.crawler: 날짜 필터(modified_at 기준) 적용 후 55건 (상세 보강 대상, status=open)
2026-07-29 09:00:58 [INFO] ticket_sync.crawler: 커뮤니케이션 '더 로드' 0회 클릭함(전체 수집).
2026-07-29 09:00:58 [INFO] ticket_sync.crawler: 커뮤니케이션 원본 행 1개 확인됨.
2026-07-29 09:01:09 [INFO] ticket_sync.crawler: 커뮤니케이션 1/1 수집 완료 (source=supportmail@techsupport.microsoft.com, updated=2026. 7. 28. 오후 07:46, 길이=1230자)
2026-07-29 09:01:14 [INFO] ticket_sync.crawler: 상세 보강 진행 1/55 완료 (case=2607280030005694)
2026-07-29 09:01:49 [INFO] ticket_sync.crawler: 커뮤니케이션 '더 로드' 0회 클릭함(전체 수집).
2026-07-29 09:01:49 [INFO] ticket_sync.crawler: 커뮤니케이션 원본 행 2개 확인됨.
2026-07-29 09:02:00 [INFO] ticket_sync.crawler: 커뮤니케이션 1/2 수집 완료 (source=supportmail@techsupport.microsoft.com, updated=2026. 7. 28. 오후 07:15, 길이=1690자)
2026-07-29 09:02:11 [INFO] ticket_sync.crawler: 커뮤니케이션 2/2 수집 완료 (source=supportmail@techsupport.microsoft.com, updated=2026. 7. 28. 오후 10:08, 길이=977자)
2026-07-29 09:02:16 [INFO] ticket_sync.crawler: 상세 보강 진행 2/55 완료 (case=2607280030005446)
2026-07-29 09:02:50 [INFO] ticket_sync.crawler: 커뮤니케이션 '더 로드' 0회 클릭함(전체 수집).
2026-07-29 09:02:50 [INFO] ticket_sync.crawler: 커뮤니케이션 원본 행 1개 확인됨.
2026-07-29 09:03:00 [INFO] ticket_sync.crawler: 커뮤니케이션 1/1 수집 완료 (source=supportmail@techsupport.microsoft.com, updated=2026. 7. 28. 오후 05:48, 길이=643자)
2026-07-29 09:03:05 [INFO] ticket_sync.crawler: 상세 보강 진행 3/55 완료 (case=2607280030004570)
2026-07-29 09:03:05 [INFO] ticket_sync.crawler: 변경 없음(modified_at 동일) 확인되어 상세 보강 건너뜀 4/55 (case=2607280030002572)
2026-07-29 09:03:05 [INFO] ticket_sync.crawler: 변경 없음(modified_at 동일) 확인되어 상세 보강 건너뜀 5/55 (case=2607280030002289)
2026-07-29 09:03:05 [INFO] ticket_sync.crawler: 변경 없음(modified_at 동일) 확인되어 상세 보강 건너뜀 6/55 (case=2607280030000733)
2026-07-29 09:03:05 [INFO] ticket_sync.crawler: 변경 없음(modified_at 동일) 확인되어 상세 보강 건너뜀 7/55 (case=2607280030000143)
2026-07-29 09:03:05 [INFO] ticket_sync.crawler: 변경 없음(modified_at 동일) 확인되어 상세 보강 건너뜀 8/55 (case=2607280030000132)
2026-07-29 09:03:39 [INFO] ticket_sync.crawler: 커뮤니케이션 '더 로드' 0회 클릭함(전체 수집).
2026-07-29 09:03:39 [INFO] ticket_sync.crawler: 커뮤니케이션 원본 행 3개 확인됨.
2026-07-29 09:03:49 [INFO] ticket_sync.crawler: 커뮤니케이션 1/3 수집 완료 (source=supportmail@techsupport.microsoft.com, updated=2026. 7. 28. 오후 01:58, 길이=1212자)
2026-07-29 09:04:00 [INFO] ticket_sync.crawler: 커뮤니케이션 2/3 수집 완료 (source=supportmail@techsupport.microsoft.com, updated=2026. 7. 28. 오후 04:19, 길이=1103자)
2026-07-29 09:04:11 [INFO] ticket_sync.crawler: 커뮤니케이션 3/3 수집 완료 (source=supportmail@techsupport.microsoft.com, updated=2026. 7. 29. 오전 12:18, 길이=870자)
2026-07-29 09:04:16 [INFO] ticket_sync.crawler: 상세 보강 진행 9/55 완료 (case=2607270030004632)
2026-07-29 09:05:01 [INFO] ticket_sync.crawler: 커뮤니케이션 '더 로드' 1회 클릭함(전체 수집).
2026-07-29 09:05:01 [INFO] ticket_sync.crawler: 커뮤니케이션 원본 행 6개 확인됨.
2026-07-29 09:05:12 [INFO] ticket_sync.crawler: 커뮤니케이션 1/6 수집 완료 (source=supportmail@techsupport.microsoft.com, updated=2026. 7. 27. 오후 04:58, 길이=1759자)
2026-07-29 09:05:23 [INFO] ticket_sync.crawler: 커뮤니케이션 2/6 수집 완료 (source=supportmail@techsupport.microsoft.com, updated=2026. 7. 27. 오후 06:33, 길이=1056자)
2026-07-29 09:05:34 [INFO] ticket_sync.crawler: 커뮤니케이션 3/6 수집 완료 (source=taehyeong_2019.kim@kt.com, updated=2026. 7. 27. 오후 06:52, 길이=455자)
2026-07-29 09:05:45 [INFO] ticket_sync.crawler: 커뮤니케이션 4/6 수집 완료 (source=tdeshpande@microsoft.com, updated=2026. 7. 27. 오후 08:45, 길이=786자)
2026-07-29 09:05:56 [INFO] ticket_sync.crawler: 커뮤니케이션 5/6 수집 완료 (source=taehyeong_2019.kim@kt.com, updated=2026. 7. 28. 오전 09:45, 길이=550자)
2026-07-29 09:06:06 [INFO] ticket_sync.crawler: 커뮤니케이션 6/6 수집 완료 (source=tdeshpande@microsoft.com, updated=2026. 7. 28. 오후 04:40, 길이=1753자)
2026-07-29 09:06:11 [INFO] ticket_sync.crawler: 상세 보강 진행 10/55 완료 (case=2607270030003903)
2026-07-29 09:06:43 [WARNING] ticket_sync.crawler: 상세 보강 중 오류: Target page, context or browser has been closed
Traceback (most recent call last):
  File "C:\Users\youre\Downloads\ticket_sync\crawler.py", line 1116, in _collect_for_single_status
    filtered[i - 1] = enrich_ticket_from_detail_page(page, t, config, do_freshdesk)
                      ^^^^^^^^^^^^^^^^^^^^^^^^^^^^^^^^^^^^^^^^^^^^^^^^^^^^^^^^^^^^^
  File "C:\Users\youre\Downloads\ticket_sync\crawler.py", line 992, in enrich_ticket_from_detail_page
    page.wait_for_load_state("networkidle", timeout=timeout_ms)
  File "C:\Users\youre\Downloads\ticket_sync\.venv\Lib\site-packages\playwright\sync_api\_generated.py", line 9875, in wait_for_load_state
    self._sync(
  File "C:\Users\youre\Downloads\ticket_sync\.venv\Lib\site-packages\playwright\_impl\_sync_base.py", line 115, in _sync
    return task.result()
           ^^^^^^^^^^^^^
  File "C:\Users\youre\Downloads\ticket_sync\.venv\Lib\site-packages\playwright\_impl\_page.py", line 580, in wait_for_load_state
    return await self._main_frame.wait_for_load_state(**locals_to_params(locals()))
           ^^^^^^^^^^^^^^^^^^^^^^^^^^^^^^^^^^^^^^^^^^^^^^^^^^^^^^^^^^^^^^^^^^^^^^^^
  File "C:\Users\youre\Downloads\ticket_sync\.venv\Lib\site-packages\playwright\_impl\_frame.py", line 298, in wait_for_load_state
    return await self._wait_for_load_state_impl(state, timeout)
           ^^^^^^^^^^^^^^^^^^^^^^^^^^^^^^^^^^^^^^^^^^^^^^^^^^^^
  File "C:\Users\youre\Downloads\ticket_sync\.venv\Lib\site-packages\playwright\_impl\_frame.py", line 326, in _wait_for_load_state_impl
    await waiter.result()
playwright._impl._errors.Error: Target page, context or browser has been closed
2026-07-29 09:06:43 [WARNING] ticket_sync.crawler: 상세 보강 중 오류: Page.wait_for_timeout: Target page, context or browser has been closed
Traceback (most recent call last):
  File "C:\Users\youre\Downloads\ticket_sync\crawler.py", line 1116, in _collect_for_single_status
    filtered[i - 1] = enrich_ticket_from_detail_page(page, t, config, do_freshdesk)
                      ^^^^^^^^^^^^^^^^^^^^^^^^^^^^^^^^^^^^^^^^^^^^^^^^^^^^^^^^^^^^^
  File "C:\Users\youre\Downloads\ticket_sync\crawler.py", line 975, in enrich_ticket_from_detail_page
    if not _click_case_row_by_title(page, title, timeout_ms):
           ^^^^^^^^^^^^^^^^^^^^^^^^^^^^^^^^^^^^^^^^^^^^^^^^^
  File "C:\Users\youre\Downloads\ticket_sync\crawler.py", line 698, in _click_case_row_by_title
    link = _find_locator_in_frames(page, title, exact=True, timeout_ms=timeout_ms)
           ^^^^^^^^^^^^^^^^^^^^^^^^^^^^^^^^^^^^^^^^^^^^^^^^^^^^^^^^^^^^^^^^^^^^^^^
  File "C:\Users\youre\Downloads\ticket_sync\crawler.py", line 117, in _find_locator_in_frames
    _, loc = _find_in_frames_with_frame(page, text, exact=exact, timeout_ms=timeout_ms)
             ^^^^^^^^^^^^^^^^^^^^^^^^^^^^^^^^^^^^^^^^^^^^^^^^^^^^^^^^^^^^^^^^^^^^^^^^^^
  File "C:\Users\youre\Downloads\ticket_sync\crawler.py", line 112, in _find_in_frames_with_frame
    page.wait_for_timeout(300)
  File "C:\Users\youre\Downloads\ticket_sync\.venv\Lib\site-packages\playwright\sync_api\_generated.py", line 12529, in wait_for_timeout
    self._sync(
  File "C:\Users\youre\Downloads\ticket_sync\.venv\Lib\site-packages\playwright\_impl\_sync_base.py", line 115, in _sync
    return task.result()
           ^^^^^^^^^^^^^
  File "C:\Users\youre\Downloads\ticket_sync\.venv\Lib\site-packages\playwright\_impl\_page.py", line 1135, in wait_for_timeout
    await self._main_frame.wait_for_timeout(timeout)
  File "C:\Users\youre\Downloads\ticket_sync\.venv\Lib\site-packages\playwright\_impl\_frame.py", line 916, in wait_for_timeout
    await self._channel.send("waitForTimeout", None, {"waitTimeout": timeout})
  File "C:\Users\youre\Downloads\ticket_sync\.venv\Lib\site-packages\playwright\_impl\_connection.py", line 69, in send
    return await self._connection.wrap_api_call(
           ^^^^^^^^^^^^^^^^^^^^^^^^^^^^^^^^^^^^^
  File "C:\Users\youre\Downloads\ticket_sync\.venv\Lib\site-packages\playwright\_impl\_connection.py", line 563, in wrap_api_call
    raise rewrite_error(error, f"{parsed_st['apiName']}: {error}") from None
playwright._impl._errors.TargetClosedError: Page.wait_for_timeout: Target page, context or browser has been closed
2026-07-29 09:06:43 [INFO] ticket_sync.crawler: 변경 없음(modified_at 동일) 확인되어 상세 보강 건너뜀 13/55 (case=2607270030000847)
2026-07-29 09:06:43 [WARNING] ticket_sync.crawler: 상세 보강 중 오류: Page.wait_for_timeout: Target page, context or browser has been closed
Traceback (most recent call last):
  File "C:\Users\youre\Downloads\ticket_sync\crawler.py", line 1116, in _collect_for_single_status
    filtered[i - 1] = enrich_ticket_from_detail_page(page, t, config, do_freshdesk)
                      ^^^^^^^^^^^^^^^^^^^^^^^^^^^^^^^^^^^^^^^^^^^^^^^^^^^^^^^^^^^^^
  File "C:\Users\youre\Downloads\ticket_sync\crawler.py", line 975, in enrich_ticket_from_detail_page
    if not _click_case_row_by_title(page, title, timeout_ms):
           ^^^^^^^^^^^^^^^^^^^^^^^^^^^^^^^^^^^^^^^^^^^^^^^^^
  File "C:\Users\youre\Downloads\ticket_sync\crawler.py", line 698, in _click_case_row_by_title
    link = _find_locator_in_frames(page, title, exact=True, timeout_ms=timeout_ms)
           ^^^^^^^^^^^^^^^^^^^^^^^^^^^^^^^^^^^^^^^^^^^^^^^^^^^^^^^^^^^^^^^^^^^^^^^
  File "C:\Users\youre\Downloads\ticket_sync\crawler.py", line 117, in _find_locator_in_frames
    _, loc = _find_in_frames_with_frame(page, text, exact=exact, timeout_ms=timeout_ms)
             ^^^^^^^^^^^^^^^^^^^^^^^^^^^^^^^^^^^^^^^^^^^^^^^^^^^^^^^^^^^^^^^^^^^^^^^^^^
  File "C:\Users\youre\Downloads\ticket_sync\crawler.py", line 112, in _find_in_frames_with_frame
    page.wait_for_timeout(300)
  File "C:\Users\youre\Downloads\ticket_sync\.venv\Lib\site-packages\playwright\sync_api\_generated.py", line 12529, in wait_for_timeout
    self._sync(
  File "C:\Users\youre\Downloads\ticket_sync\.venv\Lib\site-packages\playwright\_impl\_sync_base.py", line 115, in _sync
    return task.result()
           ^^^^^^^^^^^^^
  File "C:\Users\youre\Downloads\ticket_sync\.venv\Lib\site-packages\playwright\_impl\_page.py", line 1135, in wait_for_timeout
    await self._main_frame.wait_for_timeout(timeout)
  File "C:\Users\youre\Downloads\ticket_sync\.venv\Lib\site-packages\playwright\_impl\_frame.py", line 916, in wait_for_timeout
    await self._channel.send("waitForTimeout", None, {"waitTimeout": timeout})
  File "C:\Users\youre\Downloads\ticket_sync\.venv\Lib\site-packages\playwright\_impl\_connection.py", line 69, in send
    return await self._connection.wrap_api_call(
           ^^^^^^^^^^^^^^^^^^^^^^^^^^^^^^^^^^^^^
  File "C:\Users\youre\Downloads\ticket_sync\.venv\Lib\site-packages\playwright\_impl\_connection.py", line 563, in wrap_api_call
    raise rewrite_error(error, f"{parsed_st['apiName']}: {error}") from None
playwright._impl._errors.TargetClosedError: Page.wait_for_timeout: Target page, context or browser has been closed
2026-07-29 09:06:43 [INFO] ticket_sync.crawler: 변경 없음(modified_at 동일) 확인되어 상세 보강 건너뜀 15/55 (case=2607270030000491)
2026-07-29 09:06:43 [WARNING] ticket_sync.crawler: 상세 보강 중 오류: Page.wait_for_timeout: Target page, context or browser has been closed
Traceback (most recent call last):
  File "C:\Users\youre\Downloads\ticket_sync\crawler.py", line 1116, in _collect_for_single_status
    filtered[i - 1] = enrich_ticket_from_detail_page(page, t, config, do_freshdesk)
                      ^^^^^^^^^^^^^^^^^^^^^^^^^^^^^^^^^^^^^^^^^^^^^^^^^^^^^^^^^^^^^
  File "C:\Users\youre\Downloads\ticket_sync\crawler.py", line 975, in enrich_ticket_from_detail_page
    if not _click_case_row_by_title(page, title, timeout_ms):
           ^^^^^^^^^^^^^^^^^^^^^^^^^^^^^^^^^^^^^^^^^^^^^^^^^
  File "C:\Users\youre\Downloads\ticket_sync\crawler.py", line 698, in _click_case_row_by_title
    link = _find_locator_in_frames(page, title, exact=True, timeout_ms=timeout_ms)
           ^^^^^^^^^^^^^^^^^^^^^^^^^^^^^^^^^^^^^^^^^^^^^^^^^^^^^^^^^^^^^^^^^^^^^^^
  File "C:\Users\youre\Downloads\ticket_sync\crawler.py", line 117, in _find_locator_in_frames
    _, loc = _find_in_frames_with_frame(page, text, exact=exact, timeout_ms=timeout_ms)
             ^^^^^^^^^^^^^^^^^^^^^^^^^^^^^^^^^^^^^^^^^^^^^^^^^^^^^^^^^^^^^^^^^^^^^^^^^^
  File "C:\Users\youre\Downloads\ticket_sync\crawler.py", line 112, in _find_in_frames_with_frame
    page.wait_for_timeout(300)
  File "C:\Users\youre\Downloads\ticket_sync\.venv\Lib\site-packages\playwright\sync_api\_generated.py", line 12529, in wait_for_timeout
    self._sync(
  File "C:\Users\youre\Downloads\ticket_sync\.venv\Lib\site-packages\playwright\_impl\_sync_base.py", line 115, in _sync
    return task.result()
           ^^^^^^^^^^^^^
  File "C:\Users\youre\Downloads\ticket_sync\.venv\Lib\site-packages\playwright\_impl\_page.py", line 1135, in wait_for_timeout
    await self._main_frame.wait_for_timeout(timeout)
  File "C:\Users\youre\Downloads\ticket_sync\.venv\Lib\site-packages\playwright\_impl\_frame.py", line 916, in wait_for_timeout
    await self._channel.send("waitForTimeout", None, {"waitTimeout": timeout})
  File "C:\Users\youre\Downloads\ticket_sync\.venv\Lib\site-packages\playwright\_impl\_connection.py", line 69, in send
    return await self._connection.wrap_api_call(
           ^^^^^^^^^^^^^^^^^^^^^^^^^^^^^^^^^^^^^
  File "C:\Users\youre\Downloads\ticket_sync\.venv\Lib\site-packages\playwright\_impl\_connection.py", line 563, in wrap_api_call
    raise rewrite_error(error, f"{parsed_st['apiName']}: {error}") from None
playwright._impl._errors.TargetClosedError: Page.wait_for_timeout: Target page, context or browser has been closed
2026-07-29 09:06:43 [WARNING] ticket_sync.crawler: 상세 보강 중 오류: Page.wait_for_timeout: Target page, context or browser has been closed
Traceback (most recent call last):
  File "C:\Users\youre\Downloads\ticket_sync\crawler.py", line 1116, in _collect_for_single_status
    filtered[i - 1] = enrich_ticket_from_detail_page(page, t, config, do_freshdesk)
                      ^^^^^^^^^^^^^^^^^^^^^^^^^^^^^^^^^^^^^^^^^^^^^^^^^^^^^^^^^^^^^
  File "C:\Users\youre\Downloads\ticket_sync\crawler.py", line 975, in enrich_ticket_from_detail_page
    if not _click_case_row_by_title(page, title, timeout_ms):
           ^^^^^^^^^^^^^^^^^^^^^^^^^^^^^^^^^^^^^^^^^^^^^^^^^
  File "C:\Users\youre\Downloads\ticket_sync\crawler.py", line 698, in _click_case_row_by_title
    link = _find_locator_in_frames(page, title, exact=True, timeout_ms=timeout_ms)
           ^^^^^^^^^^^^^^^^^^^^^^^^^^^^^^^^^^^^^^^^^^^^^^^^^^^^^^^^^^^^^^^^^^^^^^^
  File "C:\Users\youre\Downloads\ticket_sync\crawler.py", line 117, in _find_locator_in_frames
    _, loc = _find_in_frames_with_frame(page, text, exact=exact, timeout_ms=timeout_ms)
             ^^^^^^^^^^^^^^^^^^^^^^^^^^^^^^^^^^^^^^^^^^^^^^^^^^^^^^^^^^^^^^^^^^^^^^^^^^
  File "C:\Users\youre\Downloads\ticket_sync\crawler.py", line 112, in _find_in_frames_with_frame
    page.wait_for_timeout(300)
  File "C:\Users\youre\Downloads\ticket_sync\.venv\Lib\site-packages\playwright\sync_api\_generated.py", line 12529, in wait_for_timeout
    self._sync(
  File "C:\Users\youre\Downloads\ticket_sync\.venv\Lib\site-packages\playwright\_impl\_sync_base.py", line 115, in _sync
    return task.result()
           ^^^^^^^^^^^^^
  File "C:\Users\youre\Downloads\ticket_sync\.venv\Lib\site-packages\playwright\_impl\_page.py", line 1135, in wait_for_timeout
    await self._main_frame.wait_for_timeout(timeout)
  File "C:\Users\youre\Downloads\ticket_sync\.venv\Lib\site-packages\playwright\_impl\_frame.py", line 916, in wait_for_timeout
    await self._channel.send("waitForTimeout", None, {"waitTimeout": timeout})
  File "C:\Users\youre\Downloads\ticket_sync\.venv\Lib\site-packages\playwright\_impl\_connection.py", line 69, in send
    return await self._connection.wrap_api_call(
           ^^^^^^^^^^^^^^^^^^^^^^^^^^^^^^^^^^^^^
  File "C:\Users\youre\Downloads\ticket_sync\.venv\Lib\site-packages\playwright\_impl\_connection.py", line 563, in wrap_api_call
    raise rewrite_error(error, f"{parsed_st['apiName']}: {error}") from None
playwright._impl._errors.TargetClosedError: Page.wait_for_timeout: Target page, context or browser has been closed
2026-07-29 09:06:43 [WARNING] ticket_sync.crawler: 상세 보강 중 오류: Page.wait_for_timeout: Target page, context or browser has been closed
Traceback (most recent call last):
  File "C:\Users\youre\Downloads\ticket_sync\crawler.py", line 1116, in _collect_for_single_status
    filtered[i - 1] = enrich_ticket_from_detail_page(page, t, config, do_freshdesk)
                      ^^^^^^^^^^^^^^^^^^^^^^^^^^^^^^^^^^^^^^^^^^^^^^^^^^^^^^^^^^^^^
  File "C:\Users\youre\Downloads\ticket_sync\crawler.py", line 975, in enrich_ticket_from_detail_page
    if not _click_case_row_by_title(page, title, timeout_ms):
           ^^^^^^^^^^^^^^^^^^^^^^^^^^^^^^^^^^^^^^^^^^^^^^^^^
  File "C:\Users\youre\Downloads\ticket_sync\crawler.py", line 698, in _click_case_row_by_title
    link = _find_locator_in_frames(page, title, exact=True, timeout_ms=timeout_ms)
           ^^^^^^^^^^^^^^^^^^^^^^^^^^^^^^^^^^^^^^^^^^^^^^^^^^^^^^^^^^^^^^^^^^^^^^^
  File "C:\Users\youre\Downloads\ticket_sync\crawler.py", line 117, in _find_locator_in_frames
    _, loc = _find_in_frames_with_frame(page, text, exact=exact, timeout_ms=timeout_ms)
             ^^^^^^^^^^^^^^^^^^^^^^^^^^^^^^^^^^^^^^^^^^^^^^^^^^^^^^^^^^^^^^^^^^^^^^^^^^
  File "C:\Users\youre\Downloads\ticket_sync\crawler.py", line 112, in _find_in_frames_with_frame
    page.wait_for_timeout(300)
  File "C:\Users\youre\Downloads\ticket_sync\.venv\Lib\site-packages\playwright\sync_api\_generated.py", line 12529, in wait_for_timeout
    self._sync(
  File "C:\Users\youre\Downloads\ticket_sync\.venv\Lib\site-packages\playwright\_impl\_sync_base.py", line 115, in _sync
    return task.result()
           ^^^^^^^^^^^^^
  File "C:\Users\youre\Downloads\ticket_sync\.venv\Lib\site-packages\playwright\_impl\_page.py", line 1135, in wait_for_timeout
    await self._main_frame.wait_for_timeout(timeout)
  File "C:\Users\youre\Downloads\ticket_sync\.venv\Lib\site-packages\playwright\_impl\_frame.py", line 916, in wait_for_timeout
    await self._channel.send("waitForTimeout", None, {"waitTimeout": timeout})
  File "C:\Users\youre\Downloads\ticket_sync\.venv\Lib\site-packages\playwright\_impl\_connection.py", line 69, in send
    return await self._connection.wrap_api_call(
           ^^^^^^^^^^^^^^^^^^^^^^^^^^^^^^^^^^^^^
  File "C:\Users\youre\Downloads\ticket_sync\.venv\Lib\site-packages\playwright\_impl\_connection.py", line 563, in wrap_api_call
    raise rewrite_error(error, f"{parsed_st['apiName']}: {error}") from None
playwright._impl._errors.TargetClosedError: Page.wait_for_timeout: Target page, context or browser has been closed
2026-07-29 09:06:43 [WARNING] ticket_sync.crawler: 상세 보강 중 오류: Page.wait_for_timeout: Target page, context or browser has been closed
Traceback (most recent call last):
  File "C:\Users\youre\Downloads\ticket_sync\crawler.py", line 1116, in _collect_for_single_status
    filtered[i - 1] = enrich_ticket_from_detail_page(page, t, config, do_freshdesk)
                      ^^^^^^^^^^^^^^^^^^^^^^^^^^^^^^^^^^^^^^^^^^^^^^^^^^^^^^^^^^^^^
  File "C:\Users\youre\Downloads\ticket_sync\crawler.py", line 975, in enrich_ticket_from_detail_page
    if not _click_case_row_by_title(page, title, timeout_ms):
           ^^^^^^^^^^^^^^^^^^^^^^^^^^^^^^^^^^^^^^^^^^^^^^^^^
  File "C:\Users\youre\Downloads\ticket_sync\crawler.py", line 698, in _click_case_row_by_title
    link = _find_locator_in_frames(page, title, exact=True, timeout_ms=timeout_ms)
           ^^^^^^^^^^^^^^^^^^^^^^^^^^^^^^^^^^^^^^^^^^^^^^^^^^^^^^^^^^^^^^^^^^^^^^^
  File "C:\Users\youre\Downloads\ticket_sync\crawler.py", line 117, in _find_locator_in_frames
    _, loc = _find_in_frames_with_frame(page, text, exact=exact, timeout_ms=timeout_ms)
             ^^^^^^^^^^^^^^^^^^^^^^^^^^^^^^^^^^^^^^^^^^^^^^^^^^^^^^^^^^^^^^^^^^^^^^^^^^
  File "C:\Users\youre\Downloads\ticket_sync\crawler.py", line 112, in _find_in_frames_with_frame
    page.wait_for_timeout(300)
  File "C:\Users\youre\Downloads\ticket_sync\.venv\Lib\site-packages\playwright\sync_api\_generated.py", line 12529, in wait_for_timeout
    self._sync(
  File "C:\Users\youre\Downloads\ticket_sync\.venv\Lib\site-packages\playwright\_impl\_sync_base.py", line 115, in _sync
    return task.result()
           ^^^^^^^^^^^^^
  File "C:\Users\youre\Downloads\ticket_sync\.venv\Lib\site-packages\playwright\_impl\_page.py", line 1135, in wait_for_timeout
    await self._main_frame.wait_for_timeout(timeout)
  File "C:\Users\youre\Downloads\ticket_sync\.venv\Lib\site-packages\playwright\_impl\_frame.py", line 916, in wait_for_timeout
    await self._channel.send("waitForTimeout", None, {"waitTimeout": timeout})
  File "C:\Users\youre\Downloads\ticket_sync\.venv\Lib\site-packages\playwright\_impl\_connection.py", line 69, in send
    return await self._connection.wrap_api_call(
           ^^^^^^^^^^^^^^^^^^^^^^^^^^^^^^^^^^^^^
  File "C:\Users\youre\Downloads\ticket_sync\.venv\Lib\site-packages\playwright\_impl\_connection.py", line 563, in wrap_api_call
    raise rewrite_error(error, f"{parsed_st['apiName']}: {error}") from None
playwright._impl._errors.TargetClosedError: Page.wait_for_timeout: Target page, context or browser has been closed
2026-07-29 09:06:43 [WARNING] ticket_sync.crawler: 상세 보강 중 오류: Page.wait_for_timeout: Target page, context or browser has been closed
Traceback (most recent call last):
  File "C:\Users\youre\Downloads\ticket_sync\crawler.py", line 1116, in _collect_for_single_status
    filtered[i - 1] = enrich_ticket_from_detail_page(page, t, config, do_freshdesk)
                      ^^^^^^^^^^^^^^^^^^^^^^^^^^^^^^^^^^^^^^^^^^^^^^^^^^^^^^^^^^^^^
  File "C:\Users\youre\Downloads\ticket_sync\crawler.py", line 975, in enrich_ticket_from_detail_page
    if not _click_case_row_by_title(page, title, timeout_ms):
           ^^^^^^^^^^^^^^^^^^^^^^^^^^^^^^^^^^^^^^^^^^^^^^^^^
  File "C:\Users\youre\Downloads\ticket_sync\crawler.py", line 698, in _click_case_row_by_title
    link = _find_locator_in_frames(page, title, exact=True, timeout_ms=timeout_ms)
           ^^^^^^^^^^^^^^^^^^^^^^^^^^^^^^^^^^^^^^^^^^^^^^^^^^^^^^^^^^^^^^^^^^^^^^^
  File "C:\Users\youre\Downloads\ticket_sync\crawler.py", line 117, in _find_locator_in_frames
    _, loc = _find_in_frames_with_frame(page, text, exact=exact, timeout_ms=timeout_ms)
             ^^^^^^^^^^^^^^^^^^^^^^^^^^^^^^^^^^^^^^^^^^^^^^^^^^^^^^^^^^^^^^^^^^^^^^^^^^
  File "C:\Users\youre\Downloads\ticket_sync\crawler.py", line 112, in _find_in_frames_with_frame
    page.wait_for_timeout(300)
  File "C:\Users\youre\Downloads\ticket_sync\.venv\Lib\site-packages\playwright\sync_api\_generated.py", line 12529, in wait_for_timeout
    self._sync(
  File "C:\Users\youre\Downloads\ticket_sync\.venv\Lib\site-packages\playwright\_impl\_sync_base.py", line 115, in _sync
    return task.result()
           ^^^^^^^^^^^^^
  File "C:\Users\youre\Downloads\ticket_sync\.venv\Lib\site-packages\playwright\_impl\_page.py", line 1135, in wait_for_timeout
    await self._main_frame.wait_for_timeout(timeout)
  File "C:\Users\youre\Downloads\ticket_sync\.venv\Lib\site-packages\playwright\_impl\_frame.py", line 916, in wait_for_timeout
    await self._channel.send("waitForTimeout", None, {"waitTimeout": timeout})
  File "C:\Users\youre\Downloads\ticket_sync\.venv\Lib\site-packages\playwright\_impl\_connection.py", line 69, in send
    return await self._connection.wrap_api_call(
           ^^^^^^^^^^^^^^^^^^^^^^^^^^^^^^^^^^^^^
  File "C:\Users\youre\Downloads\ticket_sync\.venv\Lib\site-packages\playwright\_impl\_connection.py", line 563, in wrap_api_call
    raise rewrite_error(error, f"{parsed_st['apiName']}: {error}") from None
playwright._impl._errors.TargetClosedError: Page.wait_for_timeout: Target page, context or browser has been closed
2026-07-29 09:06:43 [WARNING] ticket_sync.crawler: 상세 보강 중 오류: Page.wait_for_timeout: Target page, context or browser has been closed
Traceback (most recent call last):
  File "C:\Users\youre\Downloads\ticket_sync\crawler.py", line 1116, in _collect_for_single_status
    filtered[i - 1] = enrich_ticket_from_detail_page(page, t, config, do_freshdesk)
                      ^^^^^^^^^^^^^^^^^^^^^^^^^^^^^^^^^^^^^^^^^^^^^^^^^^^^^^^^^^^^^
  File "C:\Users\youre\Downloads\ticket_sync\crawler.py", line 975, in enrich_ticket_from_detail_page
    if not _click_case_row_by_title(page, title, timeout_ms):
           ^^^^^^^^^^^^^^^^^^^^^^^^^^^^^^^^^^^^^^^^^^^^^^^^^
  File "C:\Users\youre\Downloads\ticket_sync\crawler.py", line 698, in _click_case_row_by_title
    link = _find_locator_in_frames(page, title, exact=True, timeout_ms=timeout_ms)
           ^^^^^^^^^^^^^^^^^^^^^^^^^^^^^^^^^^^^^^^^^^^^^^^^^^^^^^^^^^^^^^^^^^^^^^^
  File "C:\Users\youre\Downloads\ticket_sync\crawler.py", line 117, in _find_locator_in_frames
    _, loc = _find_in_frames_with_frame(page, text, exact=exact, timeout_ms=timeout_ms)
             ^^^^^^^^^^^^^^^^^^^^^^^^^^^^^^^^^^^^^^^^^^^^^^^^^^^^^^^^^^^^^^^^^^^^^^^^^^
  File "C:\Users\youre\Downloads\ticket_sync\crawler.py", line 112, in _find_in_frames_with_frame
    page.wait_for_timeout(300)
  File "C:\Users\youre\Downloads\ticket_sync\.venv\Lib\site-packages\playwright\sync_api\_generated.py", line 12529, in wait_for_timeout
    self._sync(
  File "C:\Users\youre\Downloads\ticket_sync\.venv\Lib\site-packages\playwright\_impl\_sync_base.py", line 115, in _sync
    return task.result()
           ^^^^^^^^^^^^^
  File "C:\Users\youre\Downloads\ticket_sync\.venv\Lib\site-packages\playwright\_impl\_page.py", line 1135, in wait_for_timeout
    await self._main_frame.wait_for_timeout(timeout)
  File "C:\Users\youre\Downloads\ticket_sync\.venv\Lib\site-packages\playwright\_impl\_frame.py", line 916, in wait_for_timeout
    await self._channel.send("waitForTimeout", None, {"waitTimeout": timeout})
  File "C:\Users\youre\Downloads\ticket_sync\.venv\Lib\site-packages\playwright\_impl\_connection.py", line 69, in send
    return await self._connection.wrap_api_call(
           ^^^^^^^^^^^^^^^^^^^^^^^^^^^^^^^^^^^^^
  File "C:\Users\youre\Downloads\ticket_sync\.venv\Lib\site-packages\playwright\_impl\_connection.py", line 563, in wrap_api_call
    raise rewrite_error(error, f"{parsed_st['apiName']}: {error}") from None
playwright._impl._errors.TargetClosedError: Page.wait_for_timeout: Target page, context or browser has been closed
2026-07-29 09:06:43 [WARNING] ticket_sync.crawler: 상세 보강 중 오류: Page.wait_for_timeout: Target page, context or browser has been closed
Traceback (most recent call last):
  File "C:\Users\youre\Downloads\ticket_sync\crawler.py", line 1116, in _collect_for_single_status
    filtered[i - 1] = enrich_ticket_from_detail_page(page, t, config, do_freshdesk)
                      ^^^^^^^^^^^^^^^^^^^^^^^^^^^^^^^^^^^^^^^^^^^^^^^^^^^^^^^^^^^^^
  File "C:\Users\youre\Downloads\ticket_sync\crawler.py", line 975, in enrich_ticket_from_detail_page
    if not _click_case_row_by_title(page, title, timeout_ms):
           ^^^^^^^^^^^^^^^^^^^^^^^^^^^^^^^^^^^^^^^^^^^^^^^^^
  File "C:\Users\youre\Downloads\ticket_sync\crawler.py", line 698, in _click_case_row_by_title
    link = _find_locator_in_frames(page, title, exact=True, timeout_ms=timeout_ms)
           ^^^^^^^^^^^^^^^^^^^^^^^^^^^^^^^^^^^^^^^^^^^^^^^^^^^^^^^^^^^^^^^^^^^^^^^
  File "C:\Users\youre\Downloads\ticket_sync\crawler.py", line 117, in _find_locator_in_frames
    _, loc = _find_in_frames_with_frame(page, text, exact=exact, timeout_ms=timeout_ms)
             ^^^^^^^^^^^^^^^^^^^^^^^^^^^^^^^^^^^^^^^^^^^^^^^^^^^^^^^^^^^^^^^^^^^^^^^^^^
  File "C:\Users\youre\Downloads\ticket_sync\crawler.py", line 112, in _find_in_frames_with_frame
    page.wait_for_timeout(300)
  File "C:\Users\youre\Downloads\ticket_sync\.venv\Lib\site-packages\playwright\sync_api\_generated.py", line 12529, in wait_for_timeout
    self._sync(
  File "C:\Users\youre\Downloads\ticket_sync\.venv\Lib\site-packages\playwright\_impl\_sync_base.py", line 115, in _sync
    return task.result()
           ^^^^^^^^^^^^^
  File "C:\Users\youre\Downloads\ticket_sync\.venv\Lib\site-packages\playwright\_impl\_page.py", line 1135, in wait_for_timeout
    await self._main_frame.wait_for_timeout(timeout)
  File "C:\Users\youre\Downloads\ticket_sync\.venv\Lib\site-packages\playwright\_impl\_frame.py", line 916, in wait_for_timeout
    await self._channel.send("waitForTimeout", None, {"waitTimeout": timeout})
  File "C:\Users\youre\Downloads\ticket_sync\.venv\Lib\site-packages\playwright\_impl\_connection.py", line 69, in send
    return await self._connection.wrap_api_call(
           ^^^^^^^^^^^^^^^^^^^^^^^^^^^^^^^^^^^^^
  File "C:\Users\youre\Downloads\ticket_sync\.venv\Lib\site-packages\playwright\_impl\_connection.py", line 563, in wrap_api_call
    raise rewrite_error(error, f"{parsed_st['apiName']}: {error}") from None
playwright._impl._errors.TargetClosedError: Page.wait_for_timeout: Target page, context or browser has been closed
2026-07-29 09:06:43 [WARNING] ticket_sync.crawler: 상세 보강 중 오류: Page.wait_for_timeout: Target page, context or browser has been closed
Traceback (most recent call last):
  File "C:\Users\youre\Downloads\ticket_sync\crawler.py", line 1116, in _collect_for_single_status
    filtered[i - 1] = enrich_ticket_from_detail_page(page, t, config, do_freshdesk)
                      ^^^^^^^^^^^^^^^^^^^^^^^^^^^^^^^^^^^^^^^^^^^^^^^^^^^^^^^^^^^^^
  File "C:\Users\youre\Downloads\ticket_sync\crawler.py", line 975, in enrich_ticket_from_detail_page
    if not _click_case_row_by_title(page, title, timeout_ms):
           ^^^^^^^^^^^^^^^^^^^^^^^^^^^^^^^^^^^^^^^^^^^^^^^^^
  File "C:\Users\youre\Downloads\ticket_sync\crawler.py", line 698, in _click_case_row_by_title
    link = _find_locator_in_frames(page, title, exact=True, timeout_ms=timeout_ms)
           ^^^^^^^^^^^^^^^^^^^^^^^^^^^^^^^^^^^^^^^^^^^^^^^^^^^^^^^^^^^^^^^^^^^^^^^
  File "C:\Users\youre\Downloads\ticket_sync\crawler.py", line 117, in _find_locator_in_frames
    _, loc = _find_in_frames_with_frame(page, text, exact=exact, timeout_ms=timeout_ms)
             ^^^^^^^^^^^^^^^^^^^^^^^^^^^^^^^^^^^^^^^^^^^^^^^^^^^^^^^^^^^^^^^^^^^^^^^^^^
  File "C:\Users\youre\Downloads\ticket_sync\crawler.py", line 112, in _find_in_frames_with_frame
    page.wait_for_timeout(300)
  File "C:\Users\youre\Downloads\ticket_sync\.venv\Lib\site-packages\playwright\sync_api\_generated.py", line 12529, in wait_for_timeout
    self._sync(
  File "C:\Users\youre\Downloads\ticket_sync\.venv\Lib\site-packages\playwright\_impl\_sync_base.py", line 115, in _sync
    return task.result()
           ^^^^^^^^^^^^^
  File "C:\Users\youre\Downloads\ticket_sync\.venv\Lib\site-packages\playwright\_impl\_page.py", line 1135, in wait_for_timeout
    await self._main_frame.wait_for_timeout(timeout)
  File "C:\Users\youre\Downloads\ticket_sync\.venv\Lib\site-packages\playwright\_impl\_frame.py", line 916, in wait_for_timeout
    await self._channel.send("waitForTimeout", None, {"waitTimeout": timeout})
  File "C:\Users\youre\Downloads\ticket_sync\.venv\Lib\site-packages\playwright\_impl\_connection.py", line 69, in send
    return await self._connection.wrap_api_call(
           ^^^^^^^^^^^^^^^^^^^^^^^^^^^^^^^^^^^^^
  File "C:\Users\youre\Downloads\ticket_sync\.venv\Lib\site-packages\playwright\_impl\_connection.py", line 563, in wrap_api_call
    raise rewrite_error(error, f"{parsed_st['apiName']}: {error}") from None
playwright._impl._errors.TargetClosedError: Page.wait_for_timeout: Target page, context or browser has been closed
2026-07-29 09:06:43 [WARNING] ticket_sync.crawler: 상세 보강 중 오류: Page.wait_for_timeout: Target page, context or browser has been closed
Traceback (most recent call last):
  File "C:\Users\youre\Downloads\ticket_sync\crawler.py", line 1116, in _collect_for_single_status
    filtered[i - 1] = enrich_ticket_from_detail_page(page, t, config, do_freshdesk)
                      ^^^^^^^^^^^^^^^^^^^^^^^^^^^^^^^^^^^^^^^^^^^^^^^^^^^^^^^^^^^^^
  File "C:\Users\youre\Downloads\ticket_sync\crawler.py", line 975, in enrich_ticket_from_detail_page
    if not _click_case_row_by_title(page, title, timeout_ms):
           ^^^^^^^^^^^^^^^^^^^^^^^^^^^^^^^^^^^^^^^^^^^^^^^^^
  File "C:\Users\youre\Downloads\ticket_sync\crawler.py", line 698, in _click_case_row_by_title
    link = _find_locator_in_frames(page, title, exact=True, timeout_ms=timeout_ms)
           ^^^^^^^^^^^^^^^^^^^^^^^^^^^^^^^^^^^^^^^^^^^^^^^^^^^^^^^^^^^^^^^^^^^^^^^
  File "C:\Users\youre\Downloads\ticket_sync\crawler.py", line 117, in _find_locator_in_frames
    _, loc = _find_in_frames_with_frame(page, text, exact=exact, timeout_ms=timeout_ms)
             ^^^^^^^^^^^^^^^^^^^^^^^^^^^^^^^^^^^^^^^^^^^^^^^^^^^^^^^^^^^^^^^^^^^^^^^^^^
  File "C:\Users\youre\Downloads\ticket_sync\crawler.py", line 112, in _find_in_frames_with_frame
    page.wait_for_timeout(300)
  File "C:\Users\youre\Downloads\ticket_sync\.venv\Lib\site-packages\playwright\sync_api\_generated.py", line 12529, in wait_for_timeout
    self._sync(
  File "C:\Users\youre\Downloads\ticket_sync\.venv\Lib\site-packages\playwright\_impl\_sync_base.py", line 115, in _sync
    return task.result()
           ^^^^^^^^^^^^^
  File "C:\Users\youre\Downloads\ticket_sync\.venv\Lib\site-packages\playwright\_impl\_page.py", line 1135, in wait_for_timeout
    await self._main_frame.wait_for_timeout(timeout)
  File "C:\Users\youre\Downloads\ticket_sync\.venv\Lib\site-packages\playwright\_impl\_frame.py", line 916, in wait_for_timeout
    await self._channel.send("waitForTimeout", None, {"waitTimeout": timeout})
  File "C:\Users\youre\Downloads\ticket_sync\.venv\Lib\site-packages\playwright\_impl\_connection.py", line 69, in send
    return await self._connection.wrap_api_call(
           ^^^^^^^^^^^^^^^^^^^^^^^^^^^^^^^^^^^^^
  File "C:\Users\youre\Downloads\ticket_sync\.venv\Lib\site-packages\playwright\_impl\_connection.py", line 563, in wrap_api_call
    raise rewrite_error(error, f"{parsed_st['apiName']}: {error}") from None
playwright._impl._errors.TargetClosedError: Page.wait_for_timeout: Target page, context or browser has been closed
2026-07-29 09:06:43 [WARNING] ticket_sync.crawler: 상세 보강 중 오류: Page.wait_for_timeout: Target page, context or browser has been closed
Traceback (most recent call last):
  File "C:\Users\youre\Downloads\ticket_sync\crawler.py", line 1116, in _collect_for_single_status
    filtered[i - 1] = enrich_ticket_from_detail_page(page, t, config, do_freshdesk)
                      ^^^^^^^^^^^^^^^^^^^^^^^^^^^^^^^^^^^^^^^^^^^^^^^^^^^^^^^^^^^^^
  File "C:\Users\youre\Downloads\ticket_sync\crawler.py", line 975, in enrich_ticket_from_detail_page
    if not _click_case_row_by_title(page, title, timeout_ms):
           ^^^^^^^^^^^^^^^^^^^^^^^^^^^^^^^^^^^^^^^^^^^^^^^^^
  File "C:\Users\youre\Downloads\ticket_sync\crawler.py", line 698, in _click_case_row_by_title
    link = _find_locator_in_frames(page, title, exact=True, timeout_ms=timeout_ms)
           ^^^^^^^^^^^^^^^^^^^^^^^^^^^^^^^^^^^^^^^^^^^^^^^^^^^^^^^^^^^^^^^^^^^^^^^
  File "C:\Users\youre\Downloads\ticket_sync\crawler.py", line 117, in _find_locator_in_frames
    _, loc = _find_in_frames_with_frame(page, text, exact=exact, timeout_ms=timeout_ms)
             ^^^^^^^^^^^^^^^^^^^^^^^^^^^^^^^^^^^^^^^^^^^^^^^^^^^^^^^^^^^^^^^^^^^^^^^^^^
  File "C:\Users\youre\Downloads\ticket_sync\crawler.py", line 112, in _find_in_frames_with_frame
    page.wait_for_timeout(300)
  File "C:\Users\youre\Downloads\ticket_sync\.venv\Lib\site-packages\playwright\sync_api\_generated.py", line 12529, in wait_for_timeout
    self._sync(
  File "C:\Users\youre\Downloads\ticket_sync\.venv\Lib\site-packages\playwright\_impl\_sync_base.py", line 115, in _sync
    return task.result()
           ^^^^^^^^^^^^^
  File "C:\Users\youre\Downloads\ticket_sync\.venv\Lib\site-packages\playwright\_impl\_page.py", line 1135, in wait_for_timeout
    await self._main_frame.wait_for_timeout(timeout)
  File "C:\Users\youre\Downloads\ticket_sync\.venv\Lib\site-packages\playwright\_impl\_frame.py", line 916, in wait_for_timeout
    await self._channel.send("waitForTimeout", None, {"waitTimeout": timeout})
  File "C:\Users\youre\Downloads\ticket_sync\.venv\Lib\site-packages\playwright\_impl\_connection.py", line 69, in send
    return await self._connection.wrap_api_call(
           ^^^^^^^^^^^^^^^^^^^^^^^^^^^^^^^^^^^^^
  File "C:\Users\youre\Downloads\ticket_sync\.venv\Lib\site-packages\playwright\_impl\_connection.py", line 563, in wrap_api_call
    raise rewrite_error(error, f"{parsed_st['apiName']}: {error}") from None
playwright._impl._errors.TargetClosedError: Page.wait_for_timeout: Target page, context or browser has been closed
2026-07-29 09:06:43 [WARNING] ticket_sync.crawler: 상세 보강 중 오류: Page.wait_for_timeout: Target page, context or browser has been closed
Traceback (most recent call last):
  File "C:\Users\youre\Downloads\ticket_sync\crawler.py", line 1116, in _collect_for_single_status
    filtered[i - 1] = enrich_ticket_from_detail_page(page, t, config, do_freshdesk)
                      ^^^^^^^^^^^^^^^^^^^^^^^^^^^^^^^^^^^^^^^^^^^^^^^^^^^^^^^^^^^^^
  File "C:\Users\youre\Downloads\ticket_sync\crawler.py", line 975, in enrich_ticket_from_detail_page
    if not _click_case_row_by_title(page, title, timeout_ms):
           ^^^^^^^^^^^^^^^^^^^^^^^^^^^^^^^^^^^^^^^^^^^^^^^^^
  File "C:\Users\youre\Downloads\ticket_sync\crawler.py", line 698, in _click_case_row_by_title
    link = _find_locator_in_frames(page, title, exact=True, timeout_ms=timeout_ms)
           ^^^^^^^^^^^^^^^^^^^^^^^^^^^^^^^^^^^^^^^^^^^^^^^^^^^^^^^^^^^^^^^^^^^^^^^
  File "C:\Users\youre\Downloads\ticket_sync\crawler.py", line 117, in _find_locator_in_frames
    _, loc = _find_in_frames_with_frame(page, text, exact=exact, timeout_ms=timeout_ms)
             ^^^^^^^^^^^^^^^^^^^^^^^^^^^^^^^^^^^^^^^^^^^^^^^^^^^^^^^^^^^^^^^^^^^^^^^^^^
  File "C:\Users\youre\Downloads\ticket_sync\crawler.py", line 112, in _find_in_frames_with_frame
    page.wait_for_timeout(300)
  File "C:\Users\youre\Downloads\ticket_sync\.venv\Lib\site-packages\playwright\sync_api\_generated.py", line 12529, in wait_for_timeout
    self._sync(
  File "C:\Users\youre\Downloads\ticket_sync\.venv\Lib\site-packages\playwright\_impl\_sync_base.py", line 115, in _sync
    return task.result()
           ^^^^^^^^^^^^^
  File "C:\Users\youre\Downloads\ticket_sync\.venv\Lib\site-packages\playwright\_impl\_page.py", line 1135, in wait_for_timeout
    await self._main_frame.wait_for_timeout(timeout)
  File "C:\Users\youre\Downloads\ticket_sync\.venv\Lib\site-packages\playwright\_impl\_frame.py", line 916, in wait_for_timeout
    await self._channel.send("waitForTimeout", None, {"waitTimeout": timeout})
  File "C:\Users\youre\Downloads\ticket_sync\.venv\Lib\site-packages\playwright\_impl\_connection.py", line 69, in send
    return await self._connection.wrap_api_call(
           ^^^^^^^^^^^^^^^^^^^^^^^^^^^^^^^^^^^^^
  File "C:\Users\youre\Downloads\ticket_sync\.venv\Lib\site-packages\playwright\_impl\_connection.py", line 563, in wrap_api_call
    raise rewrite_error(error, f"{parsed_st['apiName']}: {error}") from None
playwright._impl._errors.TargetClosedError: Page.wait_for_timeout: Target page, context or browser has been closed
2026-07-29 09:06:43 [WARNING] ticket_sync.crawler: 상세 보강 중 오류: Page.wait_for_timeout: Target page, context or browser has been closed
Traceback (most recent call last):
  File "C:\Users\youre\Downloads\ticket_sync\crawler.py", line 1116, in _collect_for_single_status
    filtered[i - 1] = enrich_ticket_from_detail_page(page, t, config, do_freshdesk)
                      ^^^^^^^^^^^^^^^^^^^^^^^^^^^^^^^^^^^^^^^^^^^^^^^^^^^^^^^^^^^^^
  File "C:\Users\youre\Downloads\ticket_sync\crawler.py", line 975, in enrich_ticket_from_detail_page
    if not _click_case_row_by_title(page, title, timeout_ms):
           ^^^^^^^^^^^^^^^^^^^^^^^^^^^^^^^^^^^^^^^^^^^^^^^^^
  File "C:\Users\youre\Downloads\ticket_sync\crawler.py", line 698, in _click_case_row_by_title
    link = _find_locator_in_frames(page, title, exact=True, timeout_ms=timeout_ms)
           ^^^^^^^^^^^^^^^^^^^^^^^^^^^^^^^^^^^^^^^^^^^^^^^^^^^^^^^^^^^^^^^^^^^^^^^
  File "C:\Users\youre\Downloads\ticket_sync\crawler.py", line 117, in _find_locator_in_frames
    _, loc = _find_in_frames_with_frame(page, text, exact=exact, timeout_ms=timeout_ms)
             ^^^^^^^^^^^^^^^^^^^^^^^^^^^^^^^^^^^^^^^^^^^^^^^^^^^^^^^^^^^^^^^^^^^^^^^^^^
  File "C:\Users\youre\Downloads\ticket_sync\crawler.py", line 112, in _find_in_frames_with_frame
    page.wait_for_timeout(300)
  File "C:\Users\youre\Downloads\ticket_sync\.venv\Lib\site-packages\playwright\sync_api\_generated.py", line 12529, in wait_for_timeout
    self._sync(
  File "C:\Users\youre\Downloads\ticket_sync\.venv\Lib\site-packages\playwright\_impl\_sync_base.py", line 115, in _sync
    return task.result()
           ^^^^^^^^^^^^^
  File "C:\Users\youre\Downloads\ticket_sync\.venv\Lib\site-packages\playwright\_impl\_page.py", line 1135, in wait_for_timeout
    await self._main_frame.wait_for_timeout(timeout)
  File "C:\Users\youre\Downloads\ticket_sync\.venv\Lib\site-packages\playwright\_impl\_frame.py", line 916, in wait_for_timeout
    await self._channel.send("waitForTimeout", None, {"waitTimeout": timeout})
  File "C:\Users\youre\Downloads\ticket_sync\.venv\Lib\site-packages\playwright\_impl\_connection.py", line 69, in send
    return await self._connection.wrap_api_call(
           ^^^^^^^^^^^^^^^^^^^^^^^^^^^^^^^^^^^^^
  File "C:\Users\youre\Downloads\ticket_sync\.venv\Lib\site-packages\playwright\_impl\_connection.py", line 563, in wrap_api_call
    raise rewrite_error(error, f"{parsed_st['apiName']}: {error}") from None
playwright._impl._errors.TargetClosedError: Page.wait_for_timeout: Target page, context or browser has been closed
2026-07-29 09:06:43 [WARNING] ticket_sync.crawler: 상세 보강 중 오류: Page.wait_for_timeout: Target page, context or browser has been closed
Traceback (most recent call last):
  File "C:\Users\youre\Downloads\ticket_sync\crawler.py", line 1116, in _collect_for_single_status
    filtered[i - 1] = enrich_ticket_from_detail_page(page, t, config, do_freshdesk)
                      ^^^^^^^^^^^^^^^^^^^^^^^^^^^^^^^^^^^^^^^^^^^^^^^^^^^^^^^^^^^^^
  File "C:\Users\youre\Downloads\ticket_sync\crawler.py", line 975, in enrich_ticket_from_detail_page
    if not _click_case_row_by_title(page, title, timeout_ms):
           ^^^^^^^^^^^^^^^^^^^^^^^^^^^^^^^^^^^^^^^^^^^^^^^^^
  File "C:\Users\youre\Downloads\ticket_sync\crawler.py", line 698, in _click_case_row_by_title
    link = _find_locator_in_frames(page, title, exact=True, timeout_ms=timeout_ms)
           ^^^^^^^^^^^^^^^^^^^^^^^^^^^^^^^^^^^^^^^^^^^^^^^^^^^^^^^^^^^^^^^^^^^^^^^
  File "C:\Users\youre\Downloads\ticket_sync\crawler.py", line 117, in _find_locator_in_frames
    _, loc = _find_in_frames_with_frame(page, text, exact=exact, timeout_ms=timeout_ms)
             ^^^^^^^^^^^^^^^^^^^^^^^^^^^^^^^^^^^^^^^^^^^^^^^^^^^^^^^^^^^^^^^^^^^^^^^^^^
  File "C:\Users\youre\Downloads\ticket_sync\crawler.py", line 112, in _find_in_frames_with_frame
    page.wait_for_timeout(300)
  File "C:\Users\youre\Downloads\ticket_sync\.venv\Lib\site-packages\playwright\sync_api\_generated.py", line 12529, in wait_for_timeout
    self._sync(
  File "C:\Users\youre\Downloads\ticket_sync\.venv\Lib\site-packages\playwright\_impl\_sync_base.py", line 115, in _sync
    return task.result()
           ^^^^^^^^^^^^^
  File "C:\Users\youre\Downloads\ticket_sync\.venv\Lib\site-packages\playwright\_impl\_page.py", line 1135, in wait_for_timeout
    await self._main_frame.wait_for_timeout(timeout)
  File "C:\Users\youre\Downloads\ticket_sync\.venv\Lib\site-packages\playwright\_impl\_frame.py", line 916, in wait_for_timeout
    await self._channel.send("waitForTimeout", None, {"waitTimeout": timeout})
  File "C:\Users\youre\Downloads\ticket_sync\.venv\Lib\site-packages\playwright\_impl\_connection.py", line 69, in send
    return await self._connection.wrap_api_call(
           ^^^^^^^^^^^^^^^^^^^^^^^^^^^^^^^^^^^^^
  File "C:\Users\youre\Downloads\ticket_sync\.venv\Lib\site-packages\playwright\_impl\_connection.py", line 563, in wrap_api_call
    raise rewrite_error(error, f"{parsed_st['apiName']}: {error}") from None
playwright._impl._errors.TargetClosedError: Page.wait_for_timeout: Target page, context or browser has been closed
2026-07-29 09:06:43 [WARNING] ticket_sync.crawler: 상세 보강 중 오류: Page.wait_for_timeout: Target page, context or browser has been closed
Traceback (most recent call last):
  File "C:\Users\youre\Downloads\ticket_sync\crawler.py", line 1116, in _collect_for_single_status
    filtered[i - 1] = enrich_ticket_from_detail_page(page, t, config, do_freshdesk)
                      ^^^^^^^^^^^^^^^^^^^^^^^^^^^^^^^^^^^^^^^^^^^^^^^^^^^^^^^^^^^^^
  File "C:\Users\youre\Downloads\ticket_sync\crawler.py", line 975, in enrich_ticket_from_detail_page
    if not _click_case_row_by_title(page, title, timeout_ms):
           ^^^^^^^^^^^^^^^^^^^^^^^^^^^^^^^^^^^^^^^^^^^^^^^^^
  File "C:\Users\youre\Downloads\ticket_sync\crawler.py", line 698, in _click_case_row_by_title
    link = _find_locator_in_frames(page, title, exact=True, timeout_ms=timeout_ms)
           ^^^^^^^^^^^^^^^^^^^^^^^^^^^^^^^^^^^^^^^^^^^^^^^^^^^^^^^^^^^^^^^^^^^^^^^
  File "C:\Users\youre\Downloads\ticket_sync\crawler.py", line 117, in _find_locator_in_frames
    _, loc = _find_in_frames_with_frame(page, text, exact=exact, timeout_ms=timeout_ms)
             ^^^^^^^^^^^^^^^^^^^^^^^^^^^^^^^^^^^^^^^^^^^^^^^^^^^^^^^^^^^^^^^^^^^^^^^^^^
  File "C:\Users\youre\Downloads\ticket_sync\crawler.py", line 112, in _find_in_frames_with_frame
    page.wait_for_timeout(300)
  File "C:\Users\youre\Downloads\ticket_sync\.venv\Lib\site-packages\playwright\sync_api\_generated.py", line 12529, in wait_for_timeout
    self._sync(
  File "C:\Users\youre\Downloads\ticket_sync\.venv\Lib\site-packages\playwright\_impl\_sync_base.py", line 115, in _sync
    return task.result()
           ^^^^^^^^^^^^^
  File "C:\Users\youre\Downloads\ticket_sync\.venv\Lib\site-packages\playwright\_impl\_page.py", line 1135, in wait_for_timeout
    await self._main_frame.wait_for_timeout(timeout)
  File "C:\Users\youre\Downloads\ticket_sync\.venv\Lib\site-packages\playwright\_impl\_frame.py", line 916, in wait_for_timeout
    await self._channel.send("waitForTimeout", None, {"waitTimeout": timeout})
  File "C:\Users\youre\Downloads\ticket_sync\.venv\Lib\site-packages\playwright\_impl\_connection.py", line 69, in send
    return await self._connection.wrap_api_call(
           ^^^^^^^^^^^^^^^^^^^^^^^^^^^^^^^^^^^^^
  File "C:\Users\youre\Downloads\ticket_sync\.venv\Lib\site-packages\playwright\_impl\_connection.py", line 563, in wrap_api_call
    raise rewrite_error(error, f"{parsed_st['apiName']}: {error}") from None
playwright._impl._errors.TargetClosedError: Page.wait_for_timeout: Target page, context or browser has been closed
2026-07-29 09:06:43 [WARNING] ticket_sync.crawler: 상세 보강 중 오류: Page.wait_for_timeout: Target page, context or browser has been closed
Traceback (most recent call last):
  File "C:\Users\youre\Downloads\ticket_sync\crawler.py", line 1116, in _collect_for_single_status
    filtered[i - 1] = enrich_ticket_from_detail_page(page, t, config, do_freshdesk)
                      ^^^^^^^^^^^^^^^^^^^^^^^^^^^^^^^^^^^^^^^^^^^^^^^^^^^^^^^^^^^^^
  File "C:\Users\youre\Downloads\ticket_sync\crawler.py", line 975, in enrich_ticket_from_detail_page
    if not _click_case_row_by_title(page, title, timeout_ms):
           ^^^^^^^^^^^^^^^^^^^^^^^^^^^^^^^^^^^^^^^^^^^^^^^^^
  File "C:\Users\youre\Downloads\ticket_sync\crawler.py", line 698, in _click_case_row_by_title
    link = _find_locator_in_frames(page, title, exact=True, timeout_ms=timeout_ms)
           ^^^^^^^^^^^^^^^^^^^^^^^^^^^^^^^^^^^^^^^^^^^^^^^^^^^^^^^^^^^^^^^^^^^^^^^
  File "C:\Users\youre\Downloads\ticket_sync\crawler.py", line 117, in _find_locator_in_frames
    _, loc = _find_in_frames_with_frame(page, text, exact=exact, timeout_ms=timeout_ms)
             ^^^^^^^^^^^^^^^^^^^^^^^^^^^^^^^^^^^^^^^^^^^^^^^^^^^^^^^^^^^^^^^^^^^^^^^^^^
  File "C:\Users\youre\Downloads\ticket_sync\crawler.py", line 112, in _find_in_frames_with_frame
    page.wait_for_timeout(300)
  File "C:\Users\youre\Downloads\ticket_sync\.venv\Lib\site-packages\playwright\sync_api\_generated.py", line 12529, in wait_for_timeout
    self._sync(
  File "C:\Users\youre\Downloads\ticket_sync\.venv\Lib\site-packages\playwright\_impl\_sync_base.py", line 115, in _sync
    return task.result()
           ^^^^^^^^^^^^^
  File "C:\Users\youre\Downloads\ticket_sync\.venv\Lib\site-packages\playwright\_impl\_page.py", line 1135, in wait_for_timeout
    await self._main_frame.wait_for_timeout(timeout)
  File "C:\Users\youre\Downloads\ticket_sync\.venv\Lib\site-packages\playwright\_impl\_frame.py", line 916, in wait_for_timeout
    await self._channel.send("waitForTimeout", None, {"waitTimeout": timeout})
  File "C:\Users\youre\Downloads\ticket_sync\.venv\Lib\site-packages\playwright\_impl\_connection.py", line 69, in send
    return await self._connection.wrap_api_call(
           ^^^^^^^^^^^^^^^^^^^^^^^^^^^^^^^^^^^^^
  File "C:\Users\youre\Downloads\ticket_sync\.venv\Lib\site-packages\playwright\_impl\_connection.py", line 563, in wrap_api_call
    raise rewrite_error(error, f"{parsed_st['apiName']}: {error}") from None
playwright._impl._errors.TargetClosedError: Page.wait_for_timeout: Target page, context or browser has been closed
2026-07-29 09:06:43 [WARNING] ticket_sync.crawler: 상세 보강 중 오류: Page.wait_for_timeout: Target page, context or browser has been closed
Traceback (most recent call last):
  File "C:\Users\youre\Downloads\ticket_sync\crawler.py", line 1116, in _collect_for_single_status
    filtered[i - 1] = enrich_ticket_from_detail_page(page, t, config, do_freshdesk)
                      ^^^^^^^^^^^^^^^^^^^^^^^^^^^^^^^^^^^^^^^^^^^^^^^^^^^^^^^^^^^^^
  File "C:\Users\youre\Downloads\ticket_sync\crawler.py", line 975, in enrich_ticket_from_detail_page
    if not _click_case_row_by_title(page, title, timeout_ms):
           ^^^^^^^^^^^^^^^^^^^^^^^^^^^^^^^^^^^^^^^^^^^^^^^^^
  File "C:\Users\youre\Downloads\ticket_sync\crawler.py", line 698, in _click_case_row_by_title
    link = _find_locator_in_frames(page, title, exact=True, timeout_ms=timeout_ms)
           ^^^^^^^^^^^^^^^^^^^^^^^^^^^^^^^^^^^^^^^^^^^^^^^^^^^^^^^^^^^^^^^^^^^^^^^
  File "C:\Users\youre\Downloads\ticket_sync\crawler.py", line 117, in _find_locator_in_frames
    _, loc = _find_in_frames_with_frame(page, text, exact=exact, timeout_ms=timeout_ms)
             ^^^^^^^^^^^^^^^^^^^^^^^^^^^^^^^^^^^^^^^^^^^^^^^^^^^^^^^^^^^^^^^^^^^^^^^^^^
  File "C:\Users\youre\Downloads\ticket_sync\crawler.py", line 112, in _find_in_frames_with_frame
    page.wait_for_timeout(300)
  File "C:\Users\youre\Downloads\ticket_sync\.venv\Lib\site-packages\playwright\sync_api\_generated.py", line 12529, in wait_for_timeout
    self._sync(
  File "C:\Users\youre\Downloads\ticket_sync\.venv\Lib\site-packages\playwright\_impl\_sync_base.py", line 115, in _sync
    return task.result()
           ^^^^^^^^^^^^^
  File "C:\Users\youre\Downloads\ticket_sync\.venv\Lib\site-packages\playwright\_impl\_page.py", line 1135, in wait_for_timeout
    await self._main_frame.wait_for_timeout(timeout)
  File "C:\Users\youre\Downloads\ticket_sync\.venv\Lib\site-packages\playwright\_impl\_frame.py", line 916, in wait_for_timeout
    await self._channel.send("waitForTimeout", None, {"waitTimeout": timeout})
  File "C:\Users\youre\Downloads\ticket_sync\.venv\Lib\site-packages\playwright\_impl\_connection.py", line 69, in send
    return await self._connection.wrap_api_call(
           ^^^^^^^^^^^^^^^^^^^^^^^^^^^^^^^^^^^^^
  File "C:\Users\youre\Downloads\ticket_sync\.venv\Lib\site-packages\playwright\_impl\_connection.py", line 563, in wrap_api_call
    raise rewrite_error(error, f"{parsed_st['apiName']}: {error}") from None
playwright._impl._errors.TargetClosedError: Page.wait_for_timeout: Target page, context or browser has been closed
2026-07-29 09:06:43 [WARNING] ticket_sync.crawler: 상세 보강 중 오류: Page.wait_for_timeout: Target page, context or browser has been closed
Traceback (most recent call last):
  File "C:\Users\youre\Downloads\ticket_sync\crawler.py", line 1116, in _collect_for_single_status
    filtered[i - 1] = enrich_ticket_from_detail_page(page, t, config, do_freshdesk)
                      ^^^^^^^^^^^^^^^^^^^^^^^^^^^^^^^^^^^^^^^^^^^^^^^^^^^^^^^^^^^^^
  File "C:\Users\youre\Downloads\ticket_sync\crawler.py", line 975, in enrich_ticket_from_detail_page
    if not _click_case_row_by_title(page, title, timeout_ms):
           ^^^^^^^^^^^^^^^^^^^^^^^^^^^^^^^^^^^^^^^^^^^^^^^^^
  File "C:\Users\youre\Downloads\ticket_sync\crawler.py", line 698, in _click_case_row_by_title
    link = _find_locator_in_frames(page, title, exact=True, timeout_ms=timeout_ms)
           ^^^^^^^^^^^^^^^^^^^^^^^^^^^^^^^^^^^^^^^^^^^^^^^^^^^^^^^^^^^^^^^^^^^^^^^
  File "C:\Users\youre\Downloads\ticket_sync\crawler.py", line 117, in _find_locator_in_frames
    _, loc = _find_in_frames_with_frame(page, text, exact=exact, timeout_ms=timeout_ms)
             ^^^^^^^^^^^^^^^^^^^^^^^^^^^^^^^^^^^^^^^^^^^^^^^^^^^^^^^^^^^^^^^^^^^^^^^^^^
  File "C:\Users\youre\Downloads\ticket_sync\crawler.py", line 112, in _find_in_frames_with_frame
    page.wait_for_timeout(300)
  File "C:\Users\youre\Downloads\ticket_sync\.venv\Lib\site-packages\playwright\sync_api\_generated.py", line 12529, in wait_for_timeout
    self._sync(
  File "C:\Users\youre\Downloads\ticket_sync\.venv\Lib\site-packages\playwright\_impl\_sync_base.py", line 115, in _sync
    return task.result()
           ^^^^^^^^^^^^^
  File "C:\Users\youre\Downloads\ticket_sync\.venv\Lib\site-packages\playwright\_impl\_page.py", line 1135, in wait_for_timeout
    await self._main_frame.wait_for_timeout(timeout)
  File "C:\Users\youre\Downloads\ticket_sync\.venv\Lib\site-packages\playwright\_impl\_frame.py", line 916, in wait_for_timeout
    await self._channel.send("waitForTimeout", None, {"waitTimeout": timeout})
  File "C:\Users\youre\Downloads\ticket_sync\.venv\Lib\site-packages\playwright\_impl\_connection.py", line 69, in send
    return await self._connection.wrap_api_call(
           ^^^^^^^^^^^^^^^^^^^^^^^^^^^^^^^^^^^^^
  File "C:\Users\youre\Downloads\ticket_sync\.venv\Lib\site-packages\playwright\_impl\_connection.py", line 563, in wrap_api_call
    raise rewrite_error(error, f"{parsed_st['apiName']}: {error}") from None
playwright._impl._errors.TargetClosedError: Page.wait_for_timeout: Target page, context or browser has been closed
2026-07-29 09:06:43 [WARNING] ticket_sync.crawler: 상세 보강 중 오류: Page.wait_for_timeout: Target page, context or browser has been closed
Traceback (most recent call last):
  File "C:\Users\youre\Downloads\ticket_sync\crawler.py", line 1116, in _collect_for_single_status
    filtered[i - 1] = enrich_ticket_from_detail_page(page, t, config, do_freshdesk)
                      ^^^^^^^^^^^^^^^^^^^^^^^^^^^^^^^^^^^^^^^^^^^^^^^^^^^^^^^^^^^^^
  File "C:\Users\youre\Downloads\ticket_sync\crawler.py", line 975, in enrich_ticket_from_detail_page
    if not _click_case_row_by_title(page, title, timeout_ms):
           ^^^^^^^^^^^^^^^^^^^^^^^^^^^^^^^^^^^^^^^^^^^^^^^^^
  File "C:\Users\youre\Downloads\ticket_sync\crawler.py", line 698, in _click_case_row_by_title
    link = _find_locator_in_frames(page, title, exact=True, timeout_ms=timeout_ms)
           ^^^^^^^^^^^^^^^^^^^^^^^^^^^^^^^^^^^^^^^^^^^^^^^^^^^^^^^^^^^^^^^^^^^^^^^
  File "C:\Users\youre\Downloads\ticket_sync\crawler.py", line 117, in _find_locator_in_frames
    _, loc = _find_in_frames_with_frame(page, text, exact=exact, timeout_ms=timeout_ms)
             ^^^^^^^^^^^^^^^^^^^^^^^^^^^^^^^^^^^^^^^^^^^^^^^^^^^^^^^^^^^^^^^^^^^^^^^^^^
  File "C:\Users\youre\Downloads\ticket_sync\crawler.py", line 112, in _find_in_frames_with_frame
    page.wait_for_timeout(300)
  File "C:\Users\youre\Downloads\ticket_sync\.venv\Lib\site-packages\playwright\sync_api\_generated.py", line 12529, in wait_for_timeout
    self._sync(
  File "C:\Users\youre\Downloads\ticket_sync\.venv\Lib\site-packages\playwright\_impl\_sync_base.py", line 115, in _sync
    return task.result()
           ^^^^^^^^^^^^^
  File "C:\Users\youre\Downloads\ticket_sync\.venv\Lib\site-packages\playwright\_impl\_page.py", line 1135, in wait_for_timeout
    await self._main_frame.wait_for_timeout(timeout)
  File "C:\Users\youre\Downloads\ticket_sync\.venv\Lib\site-packages\playwright\_impl\_frame.py", line 916, in wait_for_timeout
    await self._channel.send("waitForTimeout", None, {"waitTimeout": timeout})
  File "C:\Users\youre\Downloads\ticket_sync\.venv\Lib\site-packages\playwright\_impl\_connection.py", line 69, in send
    return await self._connection.wrap_api_call(
           ^^^^^^^^^^^^^^^^^^^^^^^^^^^^^^^^^^^^^
  File "C:\Users\youre\Downloads\ticket_sync\.venv\Lib\site-packages\playwright\_impl\_connection.py", line 563, in wrap_api_call
    raise rewrite_error(error, f"{parsed_st['apiName']}: {error}") from None
playwright._impl._errors.TargetClosedError: Page.wait_for_timeout: Target page, context or browser has been closed
2026-07-29 09:06:43 [WARNING] ticket_sync.crawler: 상세 보강 중 오류: Page.wait_for_timeout: Target page, context or browser has been closed
Traceback (most recent call last):
  File "C:\Users\youre\Downloads\ticket_sync\crawler.py", line 1116, in _collect_for_single_status
    filtered[i - 1] = enrich_ticket_from_detail_page(page, t, config, do_freshdesk)
                      ^^^^^^^^^^^^^^^^^^^^^^^^^^^^^^^^^^^^^^^^^^^^^^^^^^^^^^^^^^^^^
  File "C:\Users\youre\Downloads\ticket_sync\crawler.py", line 975, in enrich_ticket_from_detail_page
    if not _click_case_row_by_title(page, title, timeout_ms):
           ^^^^^^^^^^^^^^^^^^^^^^^^^^^^^^^^^^^^^^^^^^^^^^^^^
  File "C:\Users\youre\Downloads\ticket_sync\crawler.py", line 698, in _click_case_row_by_title
    link = _find_locator_in_frames(page, title, exact=True, timeout_ms=timeout_ms)
           ^^^^^^^^^^^^^^^^^^^^^^^^^^^^^^^^^^^^^^^^^^^^^^^^^^^^^^^^^^^^^^^^^^^^^^^
  File "C:\Users\youre\Downloads\ticket_sync\crawler.py", line 117, in _find_locator_in_frames
    _, loc = _find_in_frames_with_frame(page, text, exact=exact, timeout_ms=timeout_ms)
             ^^^^^^^^^^^^^^^^^^^^^^^^^^^^^^^^^^^^^^^^^^^^^^^^^^^^^^^^^^^^^^^^^^^^^^^^^^
  File "C:\Users\youre\Downloads\ticket_sync\crawler.py", line 112, in _find_in_frames_with_frame
    page.wait_for_timeout(300)
  File "C:\Users\youre\Downloads\ticket_sync\.venv\Lib\site-packages\playwright\sync_api\_generated.py", line 12529, in wait_for_timeout
    self._sync(
  File "C:\Users\youre\Downloads\ticket_sync\.venv\Lib\site-packages\playwright\_impl\_sync_base.py", line 115, in _sync
    return task.result()
           ^^^^^^^^^^^^^
  File "C:\Users\youre\Downloads\ticket_sync\.venv\Lib\site-packages\playwright\_impl\_page.py", line 1135, in wait_for_timeout
    await self._main_frame.wait_for_timeout(timeout)
  File "C:\Users\youre\Downloads\ticket_sync\.venv\Lib\site-packages\playwright\_impl\_frame.py", line 916, in wait_for_timeout
    await self._channel.send("waitForTimeout", None, {"waitTimeout": timeout})
  File "C:\Users\youre\Downloads\ticket_sync\.venv\Lib\site-packages\playwright\_impl\_connection.py", line 69, in send
    return await self._connection.wrap_api_call(
           ^^^^^^^^^^^^^^^^^^^^^^^^^^^^^^^^^^^^^
  File "C:\Users\youre\Downloads\ticket_sync\.venv\Lib\site-packages\playwright\_impl\_connection.py", line 563, in wrap_api_call
    raise rewrite_error(error, f"{parsed_st['apiName']}: {error}") from None
playwright._impl._errors.TargetClosedError: Page.wait_for_timeout: Target page, context or browser has been closed
2026-07-29 09:06:43 [WARNING] ticket_sync.crawler: 상세 보강 중 오류: Page.wait_for_timeout: Target page, context or browser has been closed
Traceback (most recent call last):
  File "C:\Users\youre\Downloads\ticket_sync\crawler.py", line 1116, in _collect_for_single_status
    filtered[i - 1] = enrich_ticket_from_detail_page(page, t, config, do_freshdesk)
                      ^^^^^^^^^^^^^^^^^^^^^^^^^^^^^^^^^^^^^^^^^^^^^^^^^^^^^^^^^^^^^
  File "C:\Users\youre\Downloads\ticket_sync\crawler.py", line 975, in enrich_ticket_from_detail_page
    if not _click_case_row_by_title(page, title, timeout_ms):
           ^^^^^^^^^^^^^^^^^^^^^^^^^^^^^^^^^^^^^^^^^^^^^^^^^
  File "C:\Users\youre\Downloads\ticket_sync\crawler.py", line 698, in _click_case_row_by_title
    link = _find_locator_in_frames(page, title, exact=True, timeout_ms=timeout_ms)
           ^^^^^^^^^^^^^^^^^^^^^^^^^^^^^^^^^^^^^^^^^^^^^^^^^^^^^^^^^^^^^^^^^^^^^^^
  File "C:\Users\youre\Downloads\ticket_sync\crawler.py", line 117, in _find_locator_in_frames
    _, loc = _find_in_frames_with_frame(page, text, exact=exact, timeout_ms=timeout_ms)
             ^^^^^^^^^^^^^^^^^^^^^^^^^^^^^^^^^^^^^^^^^^^^^^^^^^^^^^^^^^^^^^^^^^^^^^^^^^
  File "C:\Users\youre\Downloads\ticket_sync\crawler.py", line 112, in _find_in_frames_with_frame
    page.wait_for_timeout(300)
  File "C:\Users\youre\Downloads\ticket_sync\.venv\Lib\site-packages\playwright\sync_api\_generated.py", line 12529, in wait_for_timeout
    self._sync(
  File "C:\Users\youre\Downloads\ticket_sync\.venv\Lib\site-packages\playwright\_impl\_sync_base.py", line 115, in _sync
    return task.result()
           ^^^^^^^^^^^^^
  File "C:\Users\youre\Downloads\ticket_sync\.venv\Lib\site-packages\playwright\_impl\_page.py", line 1135, in wait_for_timeout
    await self._main_frame.wait_for_timeout(timeout)
  File "C:\Users\youre\Downloads\ticket_sync\.venv\Lib\site-packages\playwright\_impl\_frame.py", line 916, in wait_for_timeout
    await self._channel.send("waitForTimeout", None, {"waitTimeout": timeout})
  File "C:\Users\youre\Downloads\ticket_sync\.venv\Lib\site-packages\playwright\_impl\_connection.py", line 69, in send
    return await self._connection.wrap_api_call(
           ^^^^^^^^^^^^^^^^^^^^^^^^^^^^^^^^^^^^^
  File "C:\Users\youre\Downloads\ticket_sync\.venv\Lib\site-packages\playwright\_impl\_connection.py", line 563, in wrap_api_call
    raise rewrite_error(error, f"{parsed_st['apiName']}: {error}") from None
playwright._impl._errors.TargetClosedError: Page.wait_for_timeout: Target page, context or browser has been closed
2026-07-29 09:06:43 [WARNING] ticket_sync.crawler: 상세 보강 중 오류: Page.wait_for_timeout: Target page, context or browser has been closed
Traceback (most recent call last):
  File "C:\Users\youre\Downloads\ticket_sync\crawler.py", line 1116, in _collect_for_single_status
    filtered[i - 1] = enrich_ticket_from_detail_page(page, t, config, do_freshdesk)
                      ^^^^^^^^^^^^^^^^^^^^^^^^^^^^^^^^^^^^^^^^^^^^^^^^^^^^^^^^^^^^^
  File "C:\Users\youre\Downloads\ticket_sync\crawler.py", line 975, in enrich_ticket_from_detail_page
    if not _click_case_row_by_title(page, title, timeout_ms):
           ^^^^^^^^^^^^^^^^^^^^^^^^^^^^^^^^^^^^^^^^^^^^^^^^^
  File "C:\Users\youre\Downloads\ticket_sync\crawler.py", line 698, in _click_case_row_by_title
    link = _find_locator_in_frames(page, title, exact=True, timeout_ms=timeout_ms)
           ^^^^^^^^^^^^^^^^^^^^^^^^^^^^^^^^^^^^^^^^^^^^^^^^^^^^^^^^^^^^^^^^^^^^^^^
  File "C:\Users\youre\Downloads\ticket_sync\crawler.py", line 117, in _find_locator_in_frames
    _, loc = _find_in_frames_with_frame(page, text, exact=exact, timeout_ms=timeout_ms)
             ^^^^^^^^^^^^^^^^^^^^^^^^^^^^^^^^^^^^^^^^^^^^^^^^^^^^^^^^^^^^^^^^^^^^^^^^^^
  File "C:\Users\youre\Downloads\ticket_sync\crawler.py", line 112, in _find_in_frames_with_frame
    page.wait_for_timeout(300)
  File "C:\Users\youre\Downloads\ticket_sync\.venv\Lib\site-packages\playwright\sync_api\_generated.py", line 12529, in wait_for_timeout
    self._sync(
  File "C:\Users\youre\Downloads\ticket_sync\.venv\Lib\site-packages\playwright\_impl\_sync_base.py", line 115, in _sync
    return task.result()
           ^^^^^^^^^^^^^
  File "C:\Users\youre\Downloads\ticket_sync\.venv\Lib\site-packages\playwright\_impl\_page.py", line 1135, in wait_for_timeout
    await self._main_frame.wait_for_timeout(timeout)
  File "C:\Users\youre\Downloads\ticket_sync\.venv\Lib\site-packages\playwright\_impl\_frame.py", line 916, in wait_for_timeout
    await self._channel.send("waitForTimeout", None, {"waitTimeout": timeout})
  File "C:\Users\youre\Downloads\ticket_sync\.venv\Lib\site-packages\playwright\_impl\_connection.py", line 69, in send
    return await self._connection.wrap_api_call(
           ^^^^^^^^^^^^^^^^^^^^^^^^^^^^^^^^^^^^^
  File "C:\Users\youre\Downloads\ticket_sync\.venv\Lib\site-packages\playwright\_impl\_connection.py", line 563, in wrap_api_call
    raise rewrite_error(error, f"{parsed_st['apiName']}: {error}") from None
playwright._impl._errors.TargetClosedError: Page.wait_for_timeout: Target page, context or browser has been closed
2026-07-29 09:06:43 [WARNING] ticket_sync.crawler: 상세 보강 중 오류: Page.wait_for_timeout: Target page, context or browser has been closed
Traceback (most recent call last):
  File "C:\Users\youre\Downloads\ticket_sync\crawler.py", line 1116, in _collect_for_single_status
    filtered[i - 1] = enrich_ticket_from_detail_page(page, t, config, do_freshdesk)
                      ^^^^^^^^^^^^^^^^^^^^^^^^^^^^^^^^^^^^^^^^^^^^^^^^^^^^^^^^^^^^^
  File "C:\Users\youre\Downloads\ticket_sync\crawler.py", line 975, in enrich_ticket_from_detail_page
    if not _click_case_row_by_title(page, title, timeout_ms):
           ^^^^^^^^^^^^^^^^^^^^^^^^^^^^^^^^^^^^^^^^^^^^^^^^^
  File "C:\Users\youre\Downloads\ticket_sync\crawler.py", line 698, in _click_case_row_by_title
    link = _find_locator_in_frames(page, title, exact=True, timeout_ms=timeout_ms)
           ^^^^^^^^^^^^^^^^^^^^^^^^^^^^^^^^^^^^^^^^^^^^^^^^^^^^^^^^^^^^^^^^^^^^^^^
  File "C:\Users\youre\Downloads\ticket_sync\crawler.py", line 117, in _find_locator_in_frames
    _, loc = _find_in_frames_with_frame(page, text, exact=exact, timeout_ms=timeout_ms)
             ^^^^^^^^^^^^^^^^^^^^^^^^^^^^^^^^^^^^^^^^^^^^^^^^^^^^^^^^^^^^^^^^^^^^^^^^^^
  File "C:\Users\youre\Downloads\ticket_sync\crawler.py", line 112, in _find_in_frames_with_frame
    page.wait_for_timeout(300)
  File "C:\Users\youre\Downloads\ticket_sync\.venv\Lib\site-packages\playwright\sync_api\_generated.py", line 12529, in wait_for_timeout
    self._sync(
  File "C:\Users\youre\Downloads\ticket_sync\.venv\Lib\site-packages\playwright\_impl\_sync_base.py", line 115, in _sync
    return task.result()
           ^^^^^^^^^^^^^
  File "C:\Users\youre\Downloads\ticket_sync\.venv\Lib\site-packages\playwright\_impl\_page.py", line 1135, in wait_for_timeout
    await self._main_frame.wait_for_timeout(timeout)
  File "C:\Users\youre\Downloads\ticket_sync\.venv\Lib\site-packages\playwright\_impl\_frame.py", line 916, in wait_for_timeout
    await self._channel.send("waitForTimeout", None, {"waitTimeout": timeout})
  File "C:\Users\youre\Downloads\ticket_sync\.venv\Lib\site-packages\playwright\_impl\_connection.py", line 69, in send
    return await self._connection.wrap_api_call(
           ^^^^^^^^^^^^^^^^^^^^^^^^^^^^^^^^^^^^^
  File "C:\Users\youre\Downloads\ticket_sync\.venv\Lib\site-packages\playwright\_impl\_connection.py", line 563, in wrap_api_call
    raise rewrite_error(error, f"{parsed_st['apiName']}: {error}") from None
playwright._impl._errors.TargetClosedError: Page.wait_for_timeout: Target page, context or browser has been closed
2026-07-29 09:06:43 [WARNING] ticket_sync.crawler: 상세 보강 중 오류: Page.wait_for_timeout: Target page, context or browser has been closed
Traceback (most recent call last):
  File "C:\Users\youre\Downloads\ticket_sync\crawler.py", line 1116, in _collect_for_single_status
    filtered[i - 1] = enrich_ticket_from_detail_page(page, t, config, do_freshdesk)
                      ^^^^^^^^^^^^^^^^^^^^^^^^^^^^^^^^^^^^^^^^^^^^^^^^^^^^^^^^^^^^^
  File "C:\Users\youre\Downloads\ticket_sync\crawler.py", line 975, in enrich_ticket_from_detail_page
    if not _click_case_row_by_title(page, title, timeout_ms):
           ^^^^^^^^^^^^^^^^^^^^^^^^^^^^^^^^^^^^^^^^^^^^^^^^^
  File "C:\Users\youre\Downloads\ticket_sync\crawler.py", line 698, in _click_case_row_by_title
    link = _find_locator_in_frames(page, title, exact=True, timeout_ms=timeout_ms)
           ^^^^^^^^^^^^^^^^^^^^^^^^^^^^^^^^^^^^^^^^^^^^^^^^^^^^^^^^^^^^^^^^^^^^^^^
  File "C:\Users\youre\Downloads\ticket_sync\crawler.py", line 117, in _find_locator_in_frames
    _, loc = _find_in_frames_with_frame(page, text, exact=exact, timeout_ms=timeout_ms)
             ^^^^^^^^^^^^^^^^^^^^^^^^^^^^^^^^^^^^^^^^^^^^^^^^^^^^^^^^^^^^^^^^^^^^^^^^^^
  File "C:\Users\youre\Downloads\ticket_sync\crawler.py", line 112, in _find_in_frames_with_frame
    page.wait_for_timeout(300)
  File "C:\Users\youre\Downloads\ticket_sync\.venv\Lib\site-packages\playwright\sync_api\_generated.py", line 12529, in wait_for_timeout
    self._sync(
  File "C:\Users\youre\Downloads\ticket_sync\.venv\Lib\site-packages\playwright\_impl\_sync_base.py", line 115, in _sync
    return task.result()
           ^^^^^^^^^^^^^
  File "C:\Users\youre\Downloads\ticket_sync\.venv\Lib\site-packages\playwright\_impl\_page.py", line 1135, in wait_for_timeout
    await self._main_frame.wait_for_timeout(timeout)
  File "C:\Users\youre\Downloads\ticket_sync\.venv\Lib\site-packages\playwright\_impl\_frame.py", line 916, in wait_for_timeout
    await self._channel.send("waitForTimeout", None, {"waitTimeout": timeout})
  File "C:\Users\youre\Downloads\ticket_sync\.venv\Lib\site-packages\playwright\_impl\_connection.py", line 69, in send
    return await self._connection.wrap_api_call(
           ^^^^^^^^^^^^^^^^^^^^^^^^^^^^^^^^^^^^^
  File "C:\Users\youre\Downloads\ticket_sync\.venv\Lib\site-packages\playwright\_impl\_connection.py", line 563, in wrap_api_call
    raise rewrite_error(error, f"{parsed_st['apiName']}: {error}") from None
playwright._impl._errors.TargetClosedError: Page.wait_for_timeout: Target page, context or browser has been closed
2026-07-29 09:06:43 [WARNING] ticket_sync.crawler: 상세 보강 중 오류: Page.wait_for_timeout: Target page, context or browser has been closed
Traceback (most recent call last):
  File "C:\Users\youre\Downloads\ticket_sync\crawler.py", line 1116, in _collect_for_single_status
    filtered[i - 1] = enrich_ticket_from_detail_page(page, t, config, do_freshdesk)
                      ^^^^^^^^^^^^^^^^^^^^^^^^^^^^^^^^^^^^^^^^^^^^^^^^^^^^^^^^^^^^^
  File "C:\Users\youre\Downloads\ticket_sync\crawler.py", line 975, in enrich_ticket_from_detail_page
    if not _click_case_row_by_title(page, title, timeout_ms):
           ^^^^^^^^^^^^^^^^^^^^^^^^^^^^^^^^^^^^^^^^^^^^^^^^^
  File "C:\Users\youre\Downloads\ticket_sync\crawler.py", line 698, in _click_case_row_by_title
    link = _find_locator_in_frames(page, title, exact=True, timeout_ms=timeout_ms)
           ^^^^^^^^^^^^^^^^^^^^^^^^^^^^^^^^^^^^^^^^^^^^^^^^^^^^^^^^^^^^^^^^^^^^^^^
  File "C:\Users\youre\Downloads\ticket_sync\crawler.py", line 117, in _find_locator_in_frames
    _, loc = _find_in_frames_with_frame(page, text, exact=exact, timeout_ms=timeout_ms)
             ^^^^^^^^^^^^^^^^^^^^^^^^^^^^^^^^^^^^^^^^^^^^^^^^^^^^^^^^^^^^^^^^^^^^^^^^^^
  File "C:\Users\youre\Downloads\ticket_sync\crawler.py", line 112, in _find_in_frames_with_frame
    page.wait_for_timeout(300)
  File "C:\Users\youre\Downloads\ticket_sync\.venv\Lib\site-packages\playwright\sync_api\_generated.py", line 12529, in wait_for_timeout
    self._sync(
  File "C:\Users\youre\Downloads\ticket_sync\.venv\Lib\site-packages\playwright\_impl\_sync_base.py", line 115, in _sync
    return task.result()
           ^^^^^^^^^^^^^
  File "C:\Users\youre\Downloads\ticket_sync\.venv\Lib\site-packages\playwright\_impl\_page.py", line 1135, in wait_for_timeout
    await self._main_frame.wait_for_timeout(timeout)
  File "C:\Users\youre\Downloads\ticket_sync\.venv\Lib\site-packages\playwright\_impl\_frame.py", line 916, in wait_for_timeout
    await self._channel.send("waitForTimeout", None, {"waitTimeout": timeout})
  File "C:\Users\youre\Downloads\ticket_sync\.venv\Lib\site-packages\playwright\_impl\_connection.py", line 69, in send
    return await self._connection.wrap_api_call(
           ^^^^^^^^^^^^^^^^^^^^^^^^^^^^^^^^^^^^^
  File "C:\Users\youre\Downloads\ticket_sync\.venv\Lib\site-packages\playwright\_impl\_connection.py", line 563, in wrap_api_call
    raise rewrite_error(error, f"{parsed_st['apiName']}: {error}") from None
playwright._impl._errors.TargetClosedError: Page.wait_for_timeout: Target page, context or browser has been closed
2026-07-29 09:06:43 [WARNING] ticket_sync.crawler: 상세 보강 중 오류: Page.wait_for_timeout: Target page, context or browser has been closed
Traceback (most recent call last):
  File "C:\Users\youre\Downloads\ticket_sync\crawler.py", line 1116, in _collect_for_single_status
    filtered[i - 1] = enrich_ticket_from_detail_page(page, t, config, do_freshdesk)
                      ^^^^^^^^^^^^^^^^^^^^^^^^^^^^^^^^^^^^^^^^^^^^^^^^^^^^^^^^^^^^^
  File "C:\Users\youre\Downloads\ticket_sync\crawler.py", line 975, in enrich_ticket_from_detail_page
    if not _click_case_row_by_title(page, title, timeout_ms):
           ^^^^^^^^^^^^^^^^^^^^^^^^^^^^^^^^^^^^^^^^^^^^^^^^^
  File "C:\Users\youre\Downloads\ticket_sync\crawler.py", line 698, in _click_case_row_by_title
    link = _find_locator_in_frames(page, title, exact=True, timeout_ms=timeout_ms)
           ^^^^^^^^^^^^^^^^^^^^^^^^^^^^^^^^^^^^^^^^^^^^^^^^^^^^^^^^^^^^^^^^^^^^^^^
  File "C:\Users\youre\Downloads\ticket_sync\crawler.py", line 117, in _find_locator_in_frames
    _, loc = _find_in_frames_with_frame(page, text, exact=exact, timeout_ms=timeout_ms)
             ^^^^^^^^^^^^^^^^^^^^^^^^^^^^^^^^^^^^^^^^^^^^^^^^^^^^^^^^^^^^^^^^^^^^^^^^^^
  File "C:\Users\youre\Downloads\ticket_sync\crawler.py", line 112, in _find_in_frames_with_frame
    page.wait_for_timeout(300)
  File "C:\Users\youre\Downloads\ticket_sync\.venv\Lib\site-packages\playwright\sync_api\_generated.py", line 12529, in wait_for_timeout
    self._sync(
  File "C:\Users\youre\Downloads\ticket_sync\.venv\Lib\site-packages\playwright\_impl\_sync_base.py", line 115, in _sync
    return task.result()
           ^^^^^^^^^^^^^
  File "C:\Users\youre\Downloads\ticket_sync\.venv\Lib\site-packages\playwright\_impl\_page.py", line 1135, in wait_for_timeout
    await self._main_frame.wait_for_timeout(timeout)
  File "C:\Users\youre\Downloads\ticket_sync\.venv\Lib\site-packages\playwright\_impl\_frame.py", line 916, in wait_for_timeout
    await self._channel.send("waitForTimeout", None, {"waitTimeout": timeout})
  File "C:\Users\youre\Downloads\ticket_sync\.venv\Lib\site-packages\playwright\_impl\_connection.py", line 69, in send
    return await self._connection.wrap_api_call(
           ^^^^^^^^^^^^^^^^^^^^^^^^^^^^^^^^^^^^^
  File "C:\Users\youre\Downloads\ticket_sync\.venv\Lib\site-packages\playwright\_impl\_connection.py", line 563, in wrap_api_call
    raise rewrite_error(error, f"{parsed_st['apiName']}: {error}") from None
playwright._impl._errors.TargetClosedError: Page.wait_for_timeout: Target page, context or browser has been closed
2026-07-29 09:06:43 [WARNING] ticket_sync.crawler: 상세 보강 중 오류: Page.wait_for_timeout: Target page, context or browser has been closed
Traceback (most recent call last):
  File "C:\Users\youre\Downloads\ticket_sync\crawler.py", line 1116, in _collect_for_single_status
    filtered[i - 1] = enrich_ticket_from_detail_page(page, t, config, do_freshdesk)
                      ^^^^^^^^^^^^^^^^^^^^^^^^^^^^^^^^^^^^^^^^^^^^^^^^^^^^^^^^^^^^^
  File "C:\Users\youre\Downloads\ticket_sync\crawler.py", line 975, in enrich_ticket_from_detail_page
    if not _click_case_row_by_title(page, title, timeout_ms):
           ^^^^^^^^^^^^^^^^^^^^^^^^^^^^^^^^^^^^^^^^^^^^^^^^^
  File "C:\Users\youre\Downloads\ticket_sync\crawler.py", line 698, in _click_case_row_by_title
    link = _find_locator_in_frames(page, title, exact=True, timeout_ms=timeout_ms)
           ^^^^^^^^^^^^^^^^^^^^^^^^^^^^^^^^^^^^^^^^^^^^^^^^^^^^^^^^^^^^^^^^^^^^^^^
  File "C:\Users\youre\Downloads\ticket_sync\crawler.py", line 117, in _find_locator_in_frames
    _, loc = _find_in_frames_with_frame(page, text, exact=exact, timeout_ms=timeout_ms)
             ^^^^^^^^^^^^^^^^^^^^^^^^^^^^^^^^^^^^^^^^^^^^^^^^^^^^^^^^^^^^^^^^^^^^^^^^^^
  File "C:\Users\youre\Downloads\ticket_sync\crawler.py", line 112, in _find_in_frames_with_frame
    page.wait_for_timeout(300)
  File "C:\Users\youre\Downloads\ticket_sync\.venv\Lib\site-packages\playwright\sync_api\_generated.py", line 12529, in wait_for_timeout
    self._sync(
  File "C:\Users\youre\Downloads\ticket_sync\.venv\Lib\site-packages\playwright\_impl\_sync_base.py", line 115, in _sync
    return task.result()
           ^^^^^^^^^^^^^
  File "C:\Users\youre\Downloads\ticket_sync\.venv\Lib\site-packages\playwright\_impl\_page.py", line 1135, in wait_for_timeout
    await self._main_frame.wait_for_timeout(timeout)
  File "C:\Users\youre\Downloads\ticket_sync\.venv\Lib\site-packages\playwright\_impl\_frame.py", line 916, in wait_for_timeout
    await self._channel.send("waitForTimeout", None, {"waitTimeout": timeout})
  File "C:\Users\youre\Downloads\ticket_sync\.venv\Lib\site-packages\playwright\_impl\_connection.py", line 69, in send
    return await self._connection.wrap_api_call(
           ^^^^^^^^^^^^^^^^^^^^^^^^^^^^^^^^^^^^^
  File "C:\Users\youre\Downloads\ticket_sync\.venv\Lib\site-packages\playwright\_impl\_connection.py", line 563, in wrap_api_call
    raise rewrite_error(error, f"{parsed_st['apiName']}: {error}") from None
playwright._impl._errors.TargetClosedError: Page.wait_for_timeout: Target page, context or browser has been closed
2026-07-29 09:06:43 [WARNING] ticket_sync.crawler: 상세 보강 중 오류: Page.wait_for_timeout: Target page, context or browser has been closed
Traceback (most recent call last):
  File "C:\Users\youre\Downloads\ticket_sync\crawler.py", line 1116, in _collect_for_single_status
    filtered[i - 1] = enrich_ticket_from_detail_page(page, t, config, do_freshdesk)
                      ^^^^^^^^^^^^^^^^^^^^^^^^^^^^^^^^^^^^^^^^^^^^^^^^^^^^^^^^^^^^^
  File "C:\Users\youre\Downloads\ticket_sync\crawler.py", line 975, in enrich_ticket_from_detail_page
    if not _click_case_row_by_title(page, title, timeout_ms):
           ^^^^^^^^^^^^^^^^^^^^^^^^^^^^^^^^^^^^^^^^^^^^^^^^^
  File "C:\Users\youre\Downloads\ticket_sync\crawler.py", line 698, in _click_case_row_by_title
    link = _find_locator_in_frames(page, title, exact=True, timeout_ms=timeout_ms)
           ^^^^^^^^^^^^^^^^^^^^^^^^^^^^^^^^^^^^^^^^^^^^^^^^^^^^^^^^^^^^^^^^^^^^^^^
  File "C:\Users\youre\Downloads\ticket_sync\crawler.py", line 117, in _find_locator_in_frames
    _, loc = _find_in_frames_with_frame(page, text, exact=exact, timeout_ms=timeout_ms)
             ^^^^^^^^^^^^^^^^^^^^^^^^^^^^^^^^^^^^^^^^^^^^^^^^^^^^^^^^^^^^^^^^^^^^^^^^^^
  File "C:\Users\youre\Downloads\ticket_sync\crawler.py", line 112, in _find_in_frames_with_frame
    page.wait_for_timeout(300)
  File "C:\Users\youre\Downloads\ticket_sync\.venv\Lib\site-packages\playwright\sync_api\_generated.py", line 12529, in wait_for_timeout
    self._sync(
  File "C:\Users\youre\Downloads\ticket_sync\.venv\Lib\site-packages\playwright\_impl\_sync_base.py", line 115, in _sync
    return task.result()
           ^^^^^^^^^^^^^
  File "C:\Users\youre\Downloads\ticket_sync\.venv\Lib\site-packages\playwright\_impl\_page.py", line 1135, in wait_for_timeout
    await self._main_frame.wait_for_timeout(timeout)
  File "C:\Users\youre\Downloads\ticket_sync\.venv\Lib\site-packages\playwright\_impl\_frame.py", line 916, in wait_for_timeout
    await self._channel.send("waitForTimeout", None, {"waitTimeout": timeout})
  File "C:\Users\youre\Downloads\ticket_sync\.venv\Lib\site-packages\playwright\_impl\_connection.py", line 69, in send
    return await self._connection.wrap_api_call(
           ^^^^^^^^^^^^^^^^^^^^^^^^^^^^^^^^^^^^^
  File "C:\Users\youre\Downloads\ticket_sync\.venv\Lib\site-packages\playwright\_impl\_connection.py", line 563, in wrap_api_call
    raise rewrite_error(error, f"{parsed_st['apiName']}: {error}") from None
playwright._impl._errors.TargetClosedError: Page.wait_for_timeout: Target page, context or browser has been closed
2026-07-29 09:06:43 [WARNING] ticket_sync.crawler: 상세 보강 중 오류: Page.wait_for_timeout: Target page, context or browser has been closed
Traceback (most recent call last):
  File "C:\Users\youre\Downloads\ticket_sync\crawler.py", line 1116, in _collect_for_single_status
    filtered[i - 1] = enrich_ticket_from_detail_page(page, t, config, do_freshdesk)
                      ^^^^^^^^^^^^^^^^^^^^^^^^^^^^^^^^^^^^^^^^^^^^^^^^^^^^^^^^^^^^^
  File "C:\Users\youre\Downloads\ticket_sync\crawler.py", line 975, in enrich_ticket_from_detail_page
    if not _click_case_row_by_title(page, title, timeout_ms):
           ^^^^^^^^^^^^^^^^^^^^^^^^^^^^^^^^^^^^^^^^^^^^^^^^^
  File "C:\Users\youre\Downloads\ticket_sync\crawler.py", line 698, in _click_case_row_by_title
    link = _find_locator_in_frames(page, title, exact=True, timeout_ms=timeout_ms)
           ^^^^^^^^^^^^^^^^^^^^^^^^^^^^^^^^^^^^^^^^^^^^^^^^^^^^^^^^^^^^^^^^^^^^^^^
  File "C:\Users\youre\Downloads\ticket_sync\crawler.py", line 117, in _find_locator_in_frames
    _, loc = _find_in_frames_with_frame(page, text, exact=exact, timeout_ms=timeout_ms)
             ^^^^^^^^^^^^^^^^^^^^^^^^^^^^^^^^^^^^^^^^^^^^^^^^^^^^^^^^^^^^^^^^^^^^^^^^^^
  File "C:\Users\youre\Downloads\ticket_sync\crawler.py", line 112, in _find_in_frames_with_frame
    page.wait_for_timeout(300)
  File "C:\Users\youre\Downloads\ticket_sync\.venv\Lib\site-packages\playwright\sync_api\_generated.py", line 12529, in wait_for_timeout
    self._sync(
  File "C:\Users\youre\Downloads\ticket_sync\.venv\Lib\site-packages\playwright\_impl\_sync_base.py", line 115, in _sync
    return task.result()
           ^^^^^^^^^^^^^
  File "C:\Users\youre\Downloads\ticket_sync\.venv\Lib\site-packages\playwright\_impl\_page.py", line 1135, in wait_for_timeout
    await self._main_frame.wait_for_timeout(timeout)
  File "C:\Users\youre\Downloads\ticket_sync\.venv\Lib\site-packages\playwright\_impl\_frame.py", line 916, in wait_for_timeout
    await self._channel.send("waitForTimeout", None, {"waitTimeout": timeout})
  File "C:\Users\youre\Downloads\ticket_sync\.venv\Lib\site-packages\playwright\_impl\_connection.py", line 69, in send
    return await self._connection.wrap_api_call(
           ^^^^^^^^^^^^^^^^^^^^^^^^^^^^^^^^^^^^^
  File "C:\Users\youre\Downloads\ticket_sync\.venv\Lib\site-packages\playwright\_impl\_connection.py", line 563, in wrap_api_call
    raise rewrite_error(error, f"{parsed_st['apiName']}: {error}") from None
playwright._impl._errors.TargetClosedError: Page.wait_for_timeout: Target page, context or browser has been closed
2026-07-29 09:06:43 [WARNING] ticket_sync.crawler: 상세 보강 중 오류: Page.wait_for_timeout: Target page, context or browser has been closed
Traceback (most recent call last):
  File "C:\Users\youre\Downloads\ticket_sync\crawler.py", line 1116, in _collect_for_single_status
    filtered[i - 1] = enrich_ticket_from_detail_page(page, t, config, do_freshdesk)
                      ^^^^^^^^^^^^^^^^^^^^^^^^^^^^^^^^^^^^^^^^^^^^^^^^^^^^^^^^^^^^^
  File "C:\Users\youre\Downloads\ticket_sync\crawler.py", line 975, in enrich_ticket_from_detail_page
    if not _click_case_row_by_title(page, title, timeout_ms):
           ^^^^^^^^^^^^^^^^^^^^^^^^^^^^^^^^^^^^^^^^^^^^^^^^^
  File "C:\Users\youre\Downloads\ticket_sync\crawler.py", line 698, in _click_case_row_by_title
    link = _find_locator_in_frames(page, title, exact=True, timeout_ms=timeout_ms)
           ^^^^^^^^^^^^^^^^^^^^^^^^^^^^^^^^^^^^^^^^^^^^^^^^^^^^^^^^^^^^^^^^^^^^^^^
  File "C:\Users\youre\Downloads\ticket_sync\crawler.py", line 117, in _find_locator_in_frames
    _, loc = _find_in_frames_with_frame(page, text, exact=exact, timeout_ms=timeout_ms)
             ^^^^^^^^^^^^^^^^^^^^^^^^^^^^^^^^^^^^^^^^^^^^^^^^^^^^^^^^^^^^^^^^^^^^^^^^^^
  File "C:\Users\youre\Downloads\ticket_sync\crawler.py", line 112, in _find_in_frames_with_frame
    page.wait_for_timeout(300)
  File "C:\Users\youre\Downloads\ticket_sync\.venv\Lib\site-packages\playwright\sync_api\_generated.py", line 12529, in wait_for_timeout
    self._sync(
  File "C:\Users\youre\Downloads\ticket_sync\.venv\Lib\site-packages\playwright\_impl\_sync_base.py", line 115, in _sync
    return task.result()
           ^^^^^^^^^^^^^
  File "C:\Users\youre\Downloads\ticket_sync\.venv\Lib\site-packages\playwright\_impl\_page.py", line 1135, in wait_for_timeout
    await self._main_frame.wait_for_timeout(timeout)
  File "C:\Users\youre\Downloads\ticket_sync\.venv\Lib\site-packages\playwright\_impl\_frame.py", line 916, in wait_for_timeout
    await self._channel.send("waitForTimeout", None, {"waitTimeout": timeout})
  File "C:\Users\youre\Downloads\ticket_sync\.venv\Lib\site-packages\playwright\_impl\_connection.py", line 69, in send
    return await self._connection.wrap_api_call(
           ^^^^^^^^^^^^^^^^^^^^^^^^^^^^^^^^^^^^^
  File "C:\Users\youre\Downloads\ticket_sync\.venv\Lib\site-packages\playwright\_impl\_connection.py", line 563, in wrap_api_call
    raise rewrite_error(error, f"{parsed_st['apiName']}: {error}") from None
playwright._impl._errors.TargetClosedError: Page.wait_for_timeout: Target page, context or browser has been closed
2026-07-29 09:06:44 [WARNING] ticket_sync.crawler: 상세 보강 중 오류: Page.wait_for_timeout: Target page, context or browser has been closed
Traceback (most recent call last):
  File "C:\Users\youre\Downloads\ticket_sync\crawler.py", line 1116, in _collect_for_single_status
    filtered[i - 1] = enrich_ticket_from_detail_page(page, t, config, do_freshdesk)
                      ^^^^^^^^^^^^^^^^^^^^^^^^^^^^^^^^^^^^^^^^^^^^^^^^^^^^^^^^^^^^^
  File "C:\Users\youre\Downloads\ticket_sync\crawler.py", line 975, in enrich_ticket_from_detail_page
    if not _click_case_row_by_title(page, title, timeout_ms):
           ^^^^^^^^^^^^^^^^^^^^^^^^^^^^^^^^^^^^^^^^^^^^^^^^^
  File "C:\Users\youre\Downloads\ticket_sync\crawler.py", line 698, in _click_case_row_by_title
    link = _find_locator_in_frames(page, title, exact=True, timeout_ms=timeout_ms)
           ^^^^^^^^^^^^^^^^^^^^^^^^^^^^^^^^^^^^^^^^^^^^^^^^^^^^^^^^^^^^^^^^^^^^^^^
  File "C:\Users\youre\Downloads\ticket_sync\crawler.py", line 117, in _find_locator_in_frames
    _, loc = _find_in_frames_with_frame(page, text, exact=exact, timeout_ms=timeout_ms)
             ^^^^^^^^^^^^^^^^^^^^^^^^^^^^^^^^^^^^^^^^^^^^^^^^^^^^^^^^^^^^^^^^^^^^^^^^^^
  File "C:\Users\youre\Downloads\ticket_sync\crawler.py", line 112, in _find_in_frames_with_frame
    page.wait_for_timeout(300)
  File "C:\Users\youre\Downloads\ticket_sync\.venv\Lib\site-packages\playwright\sync_api\_generated.py", line 12529, in wait_for_timeout
    self._sync(
  File "C:\Users\youre\Downloads\ticket_sync\.venv\Lib\site-packages\playwright\_impl\_sync_base.py", line 115, in _sync
    return task.result()
           ^^^^^^^^^^^^^
  File "C:\Users\youre\Downloads\ticket_sync\.venv\Lib\site-packages\playwright\_impl\_page.py", line 1135, in wait_for_timeout
    await self._main_frame.wait_for_timeout(timeout)
  File "C:\Users\youre\Downloads\ticket_sync\.venv\Lib\site-packages\playwright\_impl\_frame.py", line 916, in wait_for_timeout
    await self._channel.send("waitForTimeout", None, {"waitTimeout": timeout})
  File "C:\Users\youre\Downloads\ticket_sync\.venv\Lib\site-packages\playwright\_impl\_connection.py", line 69, in send
    return await self._connection.wrap_api_call(
           ^^^^^^^^^^^^^^^^^^^^^^^^^^^^^^^^^^^^^
  File "C:\Users\youre\Downloads\ticket_sync\.venv\Lib\site-packages\playwright\_impl\_connection.py", line 563, in wrap_api_call
    raise rewrite_error(error, f"{parsed_st['apiName']}: {error}") from None
playwright._impl._errors.TargetClosedError: Page.wait_for_timeout: Target page, context or browser has been closed
2026-07-29 09:06:44 [WARNING] ticket_sync.crawler: 상세 보강 중 오류: Page.wait_for_timeout: Target page, context or browser has been closed
Traceback (most recent call last):
  File "C:\Users\youre\Downloads\ticket_sync\crawler.py", line 1116, in _collect_for_single_status
    filtered[i - 1] = enrich_ticket_from_detail_page(page, t, config, do_freshdesk)
                      ^^^^^^^^^^^^^^^^^^^^^^^^^^^^^^^^^^^^^^^^^^^^^^^^^^^^^^^^^^^^^
  File "C:\Users\youre\Downloads\ticket_sync\crawler.py", line 975, in enrich_ticket_from_detail_page
    if not _click_case_row_by_title(page, title, timeout_ms):
           ^^^^^^^^^^^^^^^^^^^^^^^^^^^^^^^^^^^^^^^^^^^^^^^^^
  File "C:\Users\youre\Downloads\ticket_sync\crawler.py", line 698, in _click_case_row_by_title
    link = _find_locator_in_frames(page, title, exact=True, timeout_ms=timeout_ms)
           ^^^^^^^^^^^^^^^^^^^^^^^^^^^^^^^^^^^^^^^^^^^^^^^^^^^^^^^^^^^^^^^^^^^^^^^
  File "C:\Users\youre\Downloads\ticket_sync\crawler.py", line 117, in _find_locator_in_frames
    _, loc = _find_in_frames_with_frame(page, text, exact=exact, timeout_ms=timeout_ms)
             ^^^^^^^^^^^^^^^^^^^^^^^^^^^^^^^^^^^^^^^^^^^^^^^^^^^^^^^^^^^^^^^^^^^^^^^^^^
  File "C:\Users\youre\Downloads\ticket_sync\crawler.py", line 112, in _find_in_frames_with_frame
    page.wait_for_timeout(300)
  File "C:\Users\youre\Downloads\ticket_sync\.venv\Lib\site-packages\playwright\sync_api\_generated.py", line 12529, in wait_for_timeout
    self._sync(
  File "C:\Users\youre\Downloads\ticket_sync\.venv\Lib\site-packages\playwright\_impl\_sync_base.py", line 115, in _sync
    return task.result()
           ^^^^^^^^^^^^^
  File "C:\Users\youre\Downloads\ticket_sync\.venv\Lib\site-packages\playwright\_impl\_page.py", line 1135, in wait_for_timeout
    await self._main_frame.wait_for_timeout(timeout)
  File "C:\Users\youre\Downloads\ticket_sync\.venv\Lib\site-packages\playwright\_impl\_frame.py", line 916, in wait_for_timeout
    await self._channel.send("waitForTimeout", None, {"waitTimeout": timeout})
  File "C:\Users\youre\Downloads\ticket_sync\.venv\Lib\site-packages\playwright\_impl\_connection.py", line 69, in send
    return await self._connection.wrap_api_call(
           ^^^^^^^^^^^^^^^^^^^^^^^^^^^^^^^^^^^^^
  File "C:\Users\youre\Downloads\ticket_sync\.venv\Lib\site-packages\playwright\_impl\_connection.py", line 563, in wrap_api_call
    raise rewrite_error(error, f"{parsed_st['apiName']}: {error}") from None
playwright._impl._errors.TargetClosedError: Page.wait_for_timeout: Target page, context or browser has been closed
2026-07-29 09:06:44 [WARNING] ticket_sync.crawler: 상세 보강 중 오류: Page.wait_for_timeout: Target page, context or browser has been closed
Traceback (most recent call last):
  File "C:\Users\youre\Downloads\ticket_sync\crawler.py", line 1116, in _collect_for_single_status
    filtered[i - 1] = enrich_ticket_from_detail_page(page, t, config, do_freshdesk)
                      ^^^^^^^^^^^^^^^^^^^^^^^^^^^^^^^^^^^^^^^^^^^^^^^^^^^^^^^^^^^^^
  File "C:\Users\youre\Downloads\ticket_sync\crawler.py", line 975, in enrich_ticket_from_detail_page
    if not _click_case_row_by_title(page, title, timeout_ms):
           ^^^^^^^^^^^^^^^^^^^^^^^^^^^^^^^^^^^^^^^^^^^^^^^^^
  File "C:\Users\youre\Downloads\ticket_sync\crawler.py", line 698, in _click_case_row_by_title
    link = _find_locator_in_frames(page, title, exact=True, timeout_ms=timeout_ms)
           ^^^^^^^^^^^^^^^^^^^^^^^^^^^^^^^^^^^^^^^^^^^^^^^^^^^^^^^^^^^^^^^^^^^^^^^
  File "C:\Users\youre\Downloads\ticket_sync\crawler.py", line 117, in _find_locator_in_frames
    _, loc = _find_in_frames_with_frame(page, text, exact=exact, timeout_ms=timeout_ms)
             ^^^^^^^^^^^^^^^^^^^^^^^^^^^^^^^^^^^^^^^^^^^^^^^^^^^^^^^^^^^^^^^^^^^^^^^^^^
  File "C:\Users\youre\Downloads\ticket_sync\crawler.py", line 112, in _find_in_frames_with_frame
    page.wait_for_timeout(300)
  File "C:\Users\youre\Downloads\ticket_sync\.venv\Lib\site-packages\playwright\sync_api\_generated.py", line 12529, in wait_for_timeout
    self._sync(
  File "C:\Users\youre\Downloads\ticket_sync\.venv\Lib\site-packages\playwright\_impl\_sync_base.py", line 115, in _sync
    return task.result()
           ^^^^^^^^^^^^^
  File "C:\Users\youre\Downloads\ticket_sync\.venv\Lib\site-packages\playwright\_impl\_page.py", line 1135, in wait_for_timeout
    await self._main_frame.wait_for_timeout(timeout)
  File "C:\Users\youre\Downloads\ticket_sync\.venv\Lib\site-packages\playwright\_impl\_frame.py", line 916, in wait_for_timeout
    await self._channel.send("waitForTimeout", None, {"waitTimeout": timeout})
  File "C:\Users\youre\Downloads\ticket_sync\.venv\Lib\site-packages\playwright\_impl\_connection.py", line 69, in send
    return await self._connection.wrap_api_call(
           ^^^^^^^^^^^^^^^^^^^^^^^^^^^^^^^^^^^^^
  File "C:\Users\youre\Downloads\ticket_sync\.venv\Lib\site-packages\playwright\_impl\_connection.py", line 563, in wrap_api_call
    raise rewrite_error(error, f"{parsed_st['apiName']}: {error}") from None
playwright._impl._errors.TargetClosedError: Page.wait_for_timeout: Target page, context or browser has been closed
2026-07-29 09:06:44 [WARNING] ticket_sync.crawler: 상세 보강 중 오류: Page.wait_for_timeout: Target page, context or browser has been closed
Traceback (most recent call last):
  File "C:\Users\youre\Downloads\ticket_sync\crawler.py", line 1116, in _collect_for_single_status
    filtered[i - 1] = enrich_ticket_from_detail_page(page, t, config, do_freshdesk)
                      ^^^^^^^^^^^^^^^^^^^^^^^^^^^^^^^^^^^^^^^^^^^^^^^^^^^^^^^^^^^^^
  File "C:\Users\youre\Downloads\ticket_sync\crawler.py", line 975, in enrich_ticket_from_detail_page
    if not _click_case_row_by_title(page, title, timeout_ms):
           ^^^^^^^^^^^^^^^^^^^^^^^^^^^^^^^^^^^^^^^^^^^^^^^^^
  File "C:\Users\youre\Downloads\ticket_sync\crawler.py", line 698, in _click_case_row_by_title
    link = _find_locator_in_frames(page, title, exact=True, timeout_ms=timeout_ms)
           ^^^^^^^^^^^^^^^^^^^^^^^^^^^^^^^^^^^^^^^^^^^^^^^^^^^^^^^^^^^^^^^^^^^^^^^
  File "C:\Users\youre\Downloads\ticket_sync\crawler.py", line 117, in _find_locator_in_frames
    _, loc = _find_in_frames_with_frame(page, text, exact=exact, timeout_ms=timeout_ms)
             ^^^^^^^^^^^^^^^^^^^^^^^^^^^^^^^^^^^^^^^^^^^^^^^^^^^^^^^^^^^^^^^^^^^^^^^^^^
  File "C:\Users\youre\Downloads\ticket_sync\crawler.py", line 112, in _find_in_frames_with_frame
    page.wait_for_timeout(300)
  File "C:\Users\youre\Downloads\ticket_sync\.venv\Lib\site-packages\playwright\sync_api\_generated.py", line 12529, in wait_for_timeout
    self._sync(
  File "C:\Users\youre\Downloads\ticket_sync\.venv\Lib\site-packages\playwright\_impl\_sync_base.py", line 115, in _sync
    return task.result()
           ^^^^^^^^^^^^^
  File "C:\Users\youre\Downloads\ticket_sync\.venv\Lib\site-packages\playwright\_impl\_page.py", line 1135, in wait_for_timeout
    await self._main_frame.wait_for_timeout(timeout)
  File "C:\Users\youre\Downloads\ticket_sync\.venv\Lib\site-packages\playwright\_impl\_frame.py", line 916, in wait_for_timeout
    await self._channel.send("waitForTimeout", None, {"waitTimeout": timeout})
  File "C:\Users\youre\Downloads\ticket_sync\.venv\Lib\site-packages\playwright\_impl\_connection.py", line 69, in send
    return await self._connection.wrap_api_call(
           ^^^^^^^^^^^^^^^^^^^^^^^^^^^^^^^^^^^^^
  File "C:\Users\youre\Downloads\ticket_sync\.venv\Lib\site-packages\playwright\_impl\_connection.py", line 563, in wrap_api_call
    raise rewrite_error(error, f"{parsed_st['apiName']}: {error}") from None
playwright._impl._errors.TargetClosedError: Page.wait_for_timeout: Target page, context or browser has been closed
2026-07-29 09:06:44 [WARNING] ticket_sync.crawler: 상세 보강 중 오류: Page.wait_for_timeout: Target page, context or browser has been closed
Traceback (most recent call last):
  File "C:\Users\youre\Downloads\ticket_sync\crawler.py", line 1116, in _collect_for_single_status
    filtered[i - 1] = enrich_ticket_from_detail_page(page, t, config, do_freshdesk)
                      ^^^^^^^^^^^^^^^^^^^^^^^^^^^^^^^^^^^^^^^^^^^^^^^^^^^^^^^^^^^^^
  File "C:\Users\youre\Downloads\ticket_sync\crawler.py", line 975, in enrich_ticket_from_detail_page
    if not _click_case_row_by_title(page, title, timeout_ms):
           ^^^^^^^^^^^^^^^^^^^^^^^^^^^^^^^^^^^^^^^^^^^^^^^^^
  File "C:\Users\youre\Downloads\ticket_sync\crawler.py", line 698, in _click_case_row_by_title
    link = _find_locator_in_frames(page, title, exact=True, timeout_ms=timeout_ms)
           ^^^^^^^^^^^^^^^^^^^^^^^^^^^^^^^^^^^^^^^^^^^^^^^^^^^^^^^^^^^^^^^^^^^^^^^
  File "C:\Users\youre\Downloads\ticket_sync\crawler.py", line 117, in _find_locator_in_frames
    _, loc = _find_in_frames_with_frame(page, text, exact=exact, timeout_ms=timeout_ms)
             ^^^^^^^^^^^^^^^^^^^^^^^^^^^^^^^^^^^^^^^^^^^^^^^^^^^^^^^^^^^^^^^^^^^^^^^^^^
  File "C:\Users\youre\Downloads\ticket_sync\crawler.py", line 112, in _find_in_frames_with_frame
    page.wait_for_timeout(300)
  File "C:\Users\youre\Downloads\ticket_sync\.venv\Lib\site-packages\playwright\sync_api\_generated.py", line 12529, in wait_for_timeout
    self._sync(
  File "C:\Users\youre\Downloads\ticket_sync\.venv\Lib\site-packages\playwright\_impl\_sync_base.py", line 115, in _sync
    return task.result()
           ^^^^^^^^^^^^^
  File "C:\Users\youre\Downloads\ticket_sync\.venv\Lib\site-packages\playwright\_impl\_page.py", line 1135, in wait_for_timeout
    await self._main_frame.wait_for_timeout(timeout)
  File "C:\Users\youre\Downloads\ticket_sync\.venv\Lib\site-packages\playwright\_impl\_frame.py", line 916, in wait_for_timeout
    await self._channel.send("waitForTimeout", None, {"waitTimeout": timeout})
  File "C:\Users\youre\Downloads\ticket_sync\.venv\Lib\site-packages\playwright\_impl\_connection.py", line 69, in send
    return await self._connection.wrap_api_call(
           ^^^^^^^^^^^^^^^^^^^^^^^^^^^^^^^^^^^^^
  File "C:\Users\youre\Downloads\ticket_sync\.venv\Lib\site-packages\playwright\_impl\_connection.py", line 563, in wrap_api_call
    raise rewrite_error(error, f"{parsed_st['apiName']}: {error}") from None
playwright._impl._errors.TargetClosedError: Page.wait_for_timeout: Target page, context or browser has been closed
2026-07-29 09:06:44 [WARNING] ticket_sync.crawler: 상세 보강 중 오류: Page.wait_for_timeout: Target page, context or browser has been closed
Traceback (most recent call last):
  File "C:\Users\youre\Downloads\ticket_sync\crawler.py", line 1116, in _collect_for_single_status
    filtered[i - 1] = enrich_ticket_from_detail_page(page, t, config, do_freshdesk)
                      ^^^^^^^^^^^^^^^^^^^^^^^^^^^^^^^^^^^^^^^^^^^^^^^^^^^^^^^^^^^^^
  File "C:\Users\youre\Downloads\ticket_sync\crawler.py", line 975, in enrich_ticket_from_detail_page
    if not _click_case_row_by_title(page, title, timeout_ms):
           ^^^^^^^^^^^^^^^^^^^^^^^^^^^^^^^^^^^^^^^^^^^^^^^^^
  File "C:\Users\youre\Downloads\ticket_sync\crawler.py", line 698, in _click_case_row_by_title
    link = _find_locator_in_frames(page, title, exact=True, timeout_ms=timeout_ms)
           ^^^^^^^^^^^^^^^^^^^^^^^^^^^^^^^^^^^^^^^^^^^^^^^^^^^^^^^^^^^^^^^^^^^^^^^
  File "C:\Users\youre\Downloads\ticket_sync\crawler.py", line 117, in _find_locator_in_frames
    _, loc = _find_in_frames_with_frame(page, text, exact=exact, timeout_ms=timeout_ms)
             ^^^^^^^^^^^^^^^^^^^^^^^^^^^^^^^^^^^^^^^^^^^^^^^^^^^^^^^^^^^^^^^^^^^^^^^^^^
  File "C:\Users\youre\Downloads\ticket_sync\crawler.py", line 112, in _find_in_frames_with_frame
    page.wait_for_timeout(300)
  File "C:\Users\youre\Downloads\ticket_sync\.venv\Lib\site-packages\playwright\sync_api\_generated.py", line 12529, in wait_for_timeout
    self._sync(
  File "C:\Users\youre\Downloads\ticket_sync\.venv\Lib\site-packages\playwright\_impl\_sync_base.py", line 115, in _sync
    return task.result()
           ^^^^^^^^^^^^^
  File "C:\Users\youre\Downloads\ticket_sync\.venv\Lib\site-packages\playwright\_impl\_page.py", line 1135, in wait_for_timeout
    await self._main_frame.wait_for_timeout(timeout)
  File "C:\Users\youre\Downloads\ticket_sync\.venv\Lib\site-packages\playwright\_impl\_frame.py", line 916, in wait_for_timeout
    await self._channel.send("waitForTimeout", None, {"waitTimeout": timeout})
  File "C:\Users\youre\Downloads\ticket_sync\.venv\Lib\site-packages\playwright\_impl\_connection.py", line 69, in send
    return await self._connection.wrap_api_call(
           ^^^^^^^^^^^^^^^^^^^^^^^^^^^^^^^^^^^^^
  File "C:\Users\youre\Downloads\ticket_sync\.venv\Lib\site-packages\playwright\_impl\_connection.py", line 563, in wrap_api_call
    raise rewrite_error(error, f"{parsed_st['apiName']}: {error}") from None
playwright._impl._errors.TargetClosedError: Page.wait_for_timeout: Target page, context or browser has been closed
2026-07-29 09:06:44 [WARNING] ticket_sync.crawler: 상세 보강 중 오류: Page.wait_for_timeout: Target page, context or browser has been closed
Traceback (most recent call last):
  File "C:\Users\youre\Downloads\ticket_sync\crawler.py", line 1116, in _collect_for_single_status
    filtered[i - 1] = enrich_ticket_from_detail_page(page, t, config, do_freshdesk)
                      ^^^^^^^^^^^^^^^^^^^^^^^^^^^^^^^^^^^^^^^^^^^^^^^^^^^^^^^^^^^^^
  File "C:\Users\youre\Downloads\ticket_sync\crawler.py", line 975, in enrich_ticket_from_detail_page
    if not _click_case_row_by_title(page, title, timeout_ms):
           ^^^^^^^^^^^^^^^^^^^^^^^^^^^^^^^^^^^^^^^^^^^^^^^^^
  File "C:\Users\youre\Downloads\ticket_sync\crawler.py", line 698, in _click_case_row_by_title
    link = _find_locator_in_frames(page, title, exact=True, timeout_ms=timeout_ms)
           ^^^^^^^^^^^^^^^^^^^^^^^^^^^^^^^^^^^^^^^^^^^^^^^^^^^^^^^^^^^^^^^^^^^^^^^
  File "C:\Users\youre\Downloads\ticket_sync\crawler.py", line 117, in _find_locator_in_frames
    _, loc = _find_in_frames_with_frame(page, text, exact=exact, timeout_ms=timeout_ms)
             ^^^^^^^^^^^^^^^^^^^^^^^^^^^^^^^^^^^^^^^^^^^^^^^^^^^^^^^^^^^^^^^^^^^^^^^^^^
  File "C:\Users\youre\Downloads\ticket_sync\crawler.py", line 112, in _find_in_frames_with_frame
    page.wait_for_timeout(300)
  File "C:\Users\youre\Downloads\ticket_sync\.venv\Lib\site-packages\playwright\sync_api\_generated.py", line 12529, in wait_for_timeout
    self._sync(
  File "C:\Users\youre\Downloads\ticket_sync\.venv\Lib\site-packages\playwright\_impl\_sync_base.py", line 115, in _sync
    return task.result()
           ^^^^^^^^^^^^^
  File "C:\Users\youre\Downloads\ticket_sync\.venv\Lib\site-packages\playwright\_impl\_page.py", line 1135, in wait_for_timeout
    await self._main_frame.wait_for_timeout(timeout)
  File "C:\Users\youre\Downloads\ticket_sync\.venv\Lib\site-packages\playwright\_impl\_frame.py", line 916, in wait_for_timeout
    await self._channel.send("waitForTimeout", None, {"waitTimeout": timeout})
  File "C:\Users\youre\Downloads\ticket_sync\.venv\Lib\site-packages\playwright\_impl\_connection.py", line 69, in send
    return await self._connection.wrap_api_call(
           ^^^^^^^^^^^^^^^^^^^^^^^^^^^^^^^^^^^^^
  File "C:\Users\youre\Downloads\ticket_sync\.venv\Lib\site-packages\playwright\_impl\_connection.py", line 563, in wrap_api_call
    raise rewrite_error(error, f"{parsed_st['apiName']}: {error}") from None
playwright._impl._errors.TargetClosedError: Page.wait_for_timeout: Target page, context or browser has been closed
2026-07-29 09:06:44 [WARNING] ticket_sync.crawler: 상세 보강 중 오류: Page.wait_for_timeout: Target page, context or browser has been closed
Traceback (most recent call last):
  File "C:\Users\youre\Downloads\ticket_sync\crawler.py", line 1116, in _collect_for_single_status
    filtered[i - 1] = enrich_ticket_from_detail_page(page, t, config, do_freshdesk)
                      ^^^^^^^^^^^^^^^^^^^^^^^^^^^^^^^^^^^^^^^^^^^^^^^^^^^^^^^^^^^^^
  File "C:\Users\youre\Downloads\ticket_sync\crawler.py", line 975, in enrich_ticket_from_detail_page
    if not _click_case_row_by_title(page, title, timeout_ms):
           ^^^^^^^^^^^^^^^^^^^^^^^^^^^^^^^^^^^^^^^^^^^^^^^^^
  File "C:\Users\youre\Downloads\ticket_sync\crawler.py", line 698, in _click_case_row_by_title
    link = _find_locator_in_frames(page, title, exact=True, timeout_ms=timeout_ms)
           ^^^^^^^^^^^^^^^^^^^^^^^^^^^^^^^^^^^^^^^^^^^^^^^^^^^^^^^^^^^^^^^^^^^^^^^
  File "C:\Users\youre\Downloads\ticket_sync\crawler.py", line 117, in _find_locator_in_frames
    _, loc = _find_in_frames_with_frame(page, text, exact=exact, timeout_ms=timeout_ms)
             ^^^^^^^^^^^^^^^^^^^^^^^^^^^^^^^^^^^^^^^^^^^^^^^^^^^^^^^^^^^^^^^^^^^^^^^^^^
  File "C:\Users\youre\Downloads\ticket_sync\crawler.py", line 112, in _find_in_frames_with_frame
    page.wait_for_timeout(300)
  File "C:\Users\youre\Downloads\ticket_sync\.venv\Lib\site-packages\playwright\sync_api\_generated.py", line 12529, in wait_for_timeout
    self._sync(
  File "C:\Users\youre\Downloads\ticket_sync\.venv\Lib\site-packages\playwright\_impl\_sync_base.py", line 115, in _sync
    return task.result()
           ^^^^^^^^^^^^^
  File "C:\Users\youre\Downloads\ticket_sync\.venv\Lib\site-packages\playwright\_impl\_page.py", line 1135, in wait_for_timeout
    await self._main_frame.wait_for_timeout(timeout)
  File "C:\Users\youre\Downloads\ticket_sync\.venv\Lib\site-packages\playwright\_impl\_frame.py", line 916, in wait_for_timeout
    await self._channel.send("waitForTimeout", None, {"waitTimeout": timeout})
  File "C:\Users\youre\Downloads\ticket_sync\.venv\Lib\site-packages\playwright\_impl\_connection.py", line 69, in send
    return await self._connection.wrap_api_call(
           ^^^^^^^^^^^^^^^^^^^^^^^^^^^^^^^^^^^^^
  File "C:\Users\youre\Downloads\ticket_sync\.venv\Lib\site-packages\playwright\_impl\_connection.py", line 563, in wrap_api_call
    raise rewrite_error(error, f"{parsed_st['apiName']}: {error}") from None
playwright._impl._errors.TargetClosedError: Page.wait_for_timeout: Target page, context or browser has been closed
2026-07-29 09:06:44 [WARNING] ticket_sync.crawler: 상세 보강 중 오류: Page.wait_for_timeout: Target page, context or browser has been closed
Traceback (most recent call last):
  File "C:\Users\youre\Downloads\ticket_sync\crawler.py", line 1116, in _collect_for_single_status
    filtered[i - 1] = enrich_ticket_from_detail_page(page, t, config, do_freshdesk)
                      ^^^^^^^^^^^^^^^^^^^^^^^^^^^^^^^^^^^^^^^^^^^^^^^^^^^^^^^^^^^^^
  File "C:\Users\youre\Downloads\ticket_sync\crawler.py", line 975, in enrich_ticket_from_detail_page
    if not _click_case_row_by_title(page, title, timeout_ms):
           ^^^^^^^^^^^^^^^^^^^^^^^^^^^^^^^^^^^^^^^^^^^^^^^^^
  File "C:\Users\youre\Downloads\ticket_sync\crawler.py", line 698, in _click_case_row_by_title
    link = _find_locator_in_frames(page, title, exact=True, timeout_ms=timeout_ms)
           ^^^^^^^^^^^^^^^^^^^^^^^^^^^^^^^^^^^^^^^^^^^^^^^^^^^^^^^^^^^^^^^^^^^^^^^
  File "C:\Users\youre\Downloads\ticket_sync\crawler.py", line 117, in _find_locator_in_frames
    _, loc = _find_in_frames_with_frame(page, text, exact=exact, timeout_ms=timeout_ms)
             ^^^^^^^^^^^^^^^^^^^^^^^^^^^^^^^^^^^^^^^^^^^^^^^^^^^^^^^^^^^^^^^^^^^^^^^^^^
  File "C:\Users\youre\Downloads\ticket_sync\crawler.py", line 112, in _find_in_frames_with_frame
    page.wait_for_timeout(300)
  File "C:\Users\youre\Downloads\ticket_sync\.venv\Lib\site-packages\playwright\sync_api\_generated.py", line 12529, in wait_for_timeout
    self._sync(
  File "C:\Users\youre\Downloads\ticket_sync\.venv\Lib\site-packages\playwright\_impl\_sync_base.py", line 115, in _sync
    return task.result()
           ^^^^^^^^^^^^^
  File "C:\Users\youre\Downloads\ticket_sync\.venv\Lib\site-packages\playwright\_impl\_page.py", line 1135, in wait_for_timeout
    await self._main_frame.wait_for_timeout(timeout)
  File "C:\Users\youre\Downloads\ticket_sync\.venv\Lib\site-packages\playwright\_impl\_frame.py", line 916, in wait_for_timeout
    await self._channel.send("waitForTimeout", None, {"waitTimeout": timeout})
  File "C:\Users\youre\Downloads\ticket_sync\.venv\Lib\site-packages\playwright\_impl\_connection.py", line 69, in send
    return await self._connection.wrap_api_call(
           ^^^^^^^^^^^^^^^^^^^^^^^^^^^^^^^^^^^^^
  File "C:\Users\youre\Downloads\ticket_sync\.venv\Lib\site-packages\playwright\_impl\_connection.py", line 563, in wrap_api_call
    raise rewrite_error(error, f"{parsed_st['apiName']}: {error}") from None
playwright._impl._errors.TargetClosedError: Page.wait_for_timeout: Target page, context or browser has been closed
2026-07-29 09:06:44 [WARNING] ticket_sync.crawler: 상세 보강 중 오류: Page.wait_for_timeout: Target page, context or browser has been closed
Traceback (most recent call last):
  File "C:\Users\youre\Downloads\ticket_sync\crawler.py", line 1116, in _collect_for_single_status
    filtered[i - 1] = enrich_ticket_from_detail_page(page, t, config, do_freshdesk)
                      ^^^^^^^^^^^^^^^^^^^^^^^^^^^^^^^^^^^^^^^^^^^^^^^^^^^^^^^^^^^^^
  File "C:\Users\youre\Downloads\ticket_sync\crawler.py", line 975, in enrich_ticket_from_detail_page
    if not _click_case_row_by_title(page, title, timeout_ms):
           ^^^^^^^^^^^^^^^^^^^^^^^^^^^^^^^^^^^^^^^^^^^^^^^^^
  File "C:\Users\youre\Downloads\ticket_sync\crawler.py", line 698, in _click_case_row_by_title
    link = _find_locator_in_frames(page, title, exact=True, timeout_ms=timeout_ms)
           ^^^^^^^^^^^^^^^^^^^^^^^^^^^^^^^^^^^^^^^^^^^^^^^^^^^^^^^^^^^^^^^^^^^^^^^
  File "C:\Users\youre\Downloads\ticket_sync\crawler.py", line 117, in _find_locator_in_frames
    _, loc = _find_in_frames_with_frame(page, text, exact=exact, timeout_ms=timeout_ms)
             ^^^^^^^^^^^^^^^^^^^^^^^^^^^^^^^^^^^^^^^^^^^^^^^^^^^^^^^^^^^^^^^^^^^^^^^^^^
  File "C:\Users\youre\Downloads\ticket_sync\crawler.py", line 112, in _find_in_frames_with_frame
    page.wait_for_timeout(300)
  File "C:\Users\youre\Downloads\ticket_sync\.venv\Lib\site-packages\playwright\sync_api\_generated.py", line 12529, in wait_for_timeout
    self._sync(
  File "C:\Users\youre\Downloads\ticket_sync\.venv\Lib\site-packages\playwright\_impl\_sync_base.py", line 115, in _sync
    return task.result()
           ^^^^^^^^^^^^^
  File "C:\Users\youre\Downloads\ticket_sync\.venv\Lib\site-packages\playwright\_impl\_page.py", line 1135, in wait_for_timeout
    await self._main_frame.wait_for_timeout(timeout)
  File "C:\Users\youre\Downloads\ticket_sync\.venv\Lib\site-packages\playwright\_impl\_frame.py", line 916, in wait_for_timeout
    await self._channel.send("waitForTimeout", None, {"waitTimeout": timeout})
  File "C:\Users\youre\Downloads\ticket_sync\.venv\Lib\site-packages\playwright\_impl\_connection.py", line 69, in send
    return await self._connection.wrap_api_call(
           ^^^^^^^^^^^^^^^^^^^^^^^^^^^^^^^^^^^^^
  File "C:\Users\youre\Downloads\ticket_sync\.venv\Lib\site-packages\playwright\_impl\_connection.py", line 563, in wrap_api_call
    raise rewrite_error(error, f"{parsed_st['apiName']}: {error}") from None
playwright._impl._errors.TargetClosedError: Page.wait_for_timeout: Target page, context or browser has been closed
2026-07-29 09:06:44 [WARNING] ticket_sync.crawler: 상세 보강 중 오류: Page.wait_for_timeout: Target page, context or browser has been closed
Traceback (most recent call last):
  File "C:\Users\youre\Downloads\ticket_sync\crawler.py", line 1116, in _collect_for_single_status
    filtered[i - 1] = enrich_ticket_from_detail_page(page, t, config, do_freshdesk)
                      ^^^^^^^^^^^^^^^^^^^^^^^^^^^^^^^^^^^^^^^^^^^^^^^^^^^^^^^^^^^^^
  File "C:\Users\youre\Downloads\ticket_sync\crawler.py", line 975, in enrich_ticket_from_detail_page
    if not _click_case_row_by_title(page, title, timeout_ms):
           ^^^^^^^^^^^^^^^^^^^^^^^^^^^^^^^^^^^^^^^^^^^^^^^^^
  File "C:\Users\youre\Downloads\ticket_sync\crawler.py", line 698, in _click_case_row_by_title
    link = _find_locator_in_frames(page, title, exact=True, timeout_ms=timeout_ms)
           ^^^^^^^^^^^^^^^^^^^^^^^^^^^^^^^^^^^^^^^^^^^^^^^^^^^^^^^^^^^^^^^^^^^^^^^
  File "C:\Users\youre\Downloads\ticket_sync\crawler.py", line 117, in _find_locator_in_frames
    _, loc = _find_in_frames_with_frame(page, text, exact=exact, timeout_ms=timeout_ms)
             ^^^^^^^^^^^^^^^^^^^^^^^^^^^^^^^^^^^^^^^^^^^^^^^^^^^^^^^^^^^^^^^^^^^^^^^^^^
  File "C:\Users\youre\Downloads\ticket_sync\crawler.py", line 112, in _find_in_frames_with_frame
    page.wait_for_timeout(300)
  File "C:\Users\youre\Downloads\ticket_sync\.venv\Lib\site-packages\playwright\sync_api\_generated.py", line 12529, in wait_for_timeout
    self._sync(
  File "C:\Users\youre\Downloads\ticket_sync\.venv\Lib\site-packages\playwright\_impl\_sync_base.py", line 115, in _sync
    return task.result()
           ^^^^^^^^^^^^^
  File "C:\Users\youre\Downloads\ticket_sync\.venv\Lib\site-packages\playwright\_impl\_page.py", line 1135, in wait_for_timeout
    await self._main_frame.wait_for_timeout(timeout)
  File "C:\Users\youre\Downloads\ticket_sync\.venv\Lib\site-packages\playwright\_impl\_frame.py", line 916, in wait_for_timeout
    await self._channel.send("waitForTimeout", None, {"waitTimeout": timeout})
  File "C:\Users\youre\Downloads\ticket_sync\.venv\Lib\site-packages\playwright\_impl\_connection.py", line 69, in send
    return await self._connection.wrap_api_call(
           ^^^^^^^^^^^^^^^^^^^^^^^^^^^^^^^^^^^^^
  File "C:\Users\youre\Downloads\ticket_sync\.venv\Lib\site-packages\playwright\_impl\_connection.py", line 563, in wrap_api_call
    raise rewrite_error(error, f"{parsed_st['apiName']}: {error}") from None
playwright._impl._errors.TargetClosedError: Page.wait_for_timeout: Target page, context or browser has been closed
2026-07-29 09:28:05 [INFO] ticket_sync.local_runner: 로컬 실행 에이전트: 동기화 시작 {'freshdesk_env': 'prod', 'do_freshdesk': True, 'mode': 'range', 'start_date': '2026-07-21', 'end_date': '2026-07-21', 'date_basis': 'created', 'case_status': 'closed', 'owner': 'web-ui'}
2026-07-29 09:28:10 [INFO] ticket_sync.crawler: 로그인 화면에서 'yr.choi@kt.com' 를 자동으로 클릭했습니다.
2026-07-29 09:28:12 [INFO] ticket_sync.crawler: 로그인 화면에서 '로그인' 를 자동으로 클릭했습니다.
2026-07-29 09:28:15 [WARNING] ticket_sync.crawler: 로그인 세션이 없거나 만료된 것으로 보입니다. 계정 선택/로그인 상태 유지 확인처럼 비밀번호 없이 넘어갈 수 있는 화면은 자동으로 눌러드리며, 비밀번호나 MFA가 필요하면 브라우저 창에서 직접 완료해주세요. 최대 300초 대기합니다.
2026-07-29 09:28:16 [INFO] ticket_sync.crawler: 로그인 화면에서 'yr.choi@kt.com' 를 자동으로 클릭했습니다.
2026-07-29 09:28:18 [INFO] ticket_sync.crawler: 로그인 화면에서 'yr.choi@kt.com' 를 자동으로 클릭했습니다.
2026-07-29 09:28:19 [INFO] ticket_sync.crawler: 수동 로그인 완료 확인됨. 세션이 저장되어 다음 실행부터는 재사용됩니다.
2026-07-29 09:28:31 [INFO] ticket_sync.crawler: 상태 필터 적용: case_status=closed (완료됨 체크=True)
2026-07-29 09:28:48 [INFO] ticket_sync.crawler: 생성일 화면 필터 적용: 2026-07-21 ~ 2026-07-21
2026-07-29 09:28:48 [INFO] ticket_sync.crawler: 케이스 목록 CSV 다운로드 완료: C:\Users\youre\Downloads\ticket_sync\data\downloads\SupportCases.csv
2026-07-29 09:28:48 [INFO] ticket_sync.crawler: CSV에서 총 12건 파싱됨 (날짜 필터 전, status=closed)
2026-07-29 09:28:48 [INFO] ticket_sync.crawler: 날짜 필터(created_at 기준) 적용 후 5건 (상세 보강 대상, status=closed)
2026-07-29 09:28:57 [INFO] ticket_sync.crawler: 커뮤니케이션 '더 로드' 0회 클릭함(전체 수집).
2026-07-29 09:28:57 [INFO] ticket_sync.crawler: 커뮤니케이션 원본 행 3개 확인됨.
2026-07-29 09:29:00 [INFO] ticket_sync.crawler: 커뮤니케이션 1/3 수집 완료 (source=supportmail@techsupport.microsoft.com, updated=2026. 7. 21. 오후 06:58, 길이=1277자)
2026-07-29 09:29:03 [INFO] ticket_sync.crawler: 커뮤니케이션 2/3 수집 완료 (source=supportmail@techsupport.microsoft.com, updated=2026. 7. 22. 오전 09:10, 길이=2103자)
2026-07-29 09:29:06 [INFO] ticket_sync.crawler: 커뮤니케이션 3/3 수집 완료 (source=Seong.Heo@microsoft.com, updated=2026. 7. 28. 오전 10:27, 길이=2829자)
2026-07-29 09:29:10 [INFO] ticket_sync.crawler: 상세 보강 진행 1/5 완료 (case=2607210030005897)
2026-07-29 09:29:40 [WARNING] ticket_sync.crawler: 목록에서 'Redis 연결 신뢰성을 위한 TCP 커널 파라미터 문의' 제목의 케이스를 찾지 못해 상세 보강을 건너뜁니다.
2026-07-29 09:29:40 [INFO] ticket_sync.crawler: 상세 보강 진행 2/5 완료 (case=2607210030005093)
2026-07-29 09:30:11 [WARNING] ticket_sync.crawler: 목록에서 'Kubernetes Gateway API' 제목의 케이스를 찾지 못해 상세 보강을 건너뜁니다.
2026-07-29 09:30:11 [INFO] ticket_sync.crawler: 상세 보강 진행 3/5 완료 (case=2607210030004076)
2026-07-29 09:30:41 [WARNING] ticket_sync.crawler: 목록에서 'aks cluster autoscaler' 제목의 케이스를 찾지 못해 상세 보강을 건너뜁니다.
2026-07-29 09:30:41 [INFO] ticket_sync.crawler: 상세 보강 진행 4/5 완료 (case=2607210030000644)
2026-07-29 09:30:49 [INFO] ticket_sync.crawler: 커뮤니케이션 '더 로드' 0회 클릭함(전체 수집).
2026-07-29 09:30:49 [INFO] ticket_sync.crawler: 커뮤니케이션 원본 행 2개 확인됨.
2026-07-29 09:30:52 [INFO] ticket_sync.crawler: 커뮤니케이션 1/2 수집 완료 (source=supportmail@techsupport.microsoft.com, updated=2026. 7. 28. 오후 07:15, 길이=331자)
2026-07-29 09:30:55 [INFO] ticket_sync.crawler: 커뮤니케이션 2/2 수집 완료 (source=supportmail@techsupport.microsoft.com, updated=2026. 7. 28. 오후 10:08, 길이=977자)
2026-07-29 09:31:11 [INFO] ticket_sync.crawler: 상세 보강 진행 5/5 완료 (case=2607210030000414)
2026-07-29 09:31:12 [ERROR] ticket_sync.freshdesk: Freshdesk 요청 중 네트워크 오류: 티켓이 이미 생성됐을 가능성이 있어 재시도하지 않고 실패로 처리합니다. 다음 동기화 실행 시 재시도됩니다. (HTTPSConnectionPool(host='cloud-helpdesk.freshdesk.com', port=443): Max retries exceeded with url: /api/v2/tickets (Caused by SSLError(SSLCertVerificationError(1, '[SSL: CERTIFICATE_VERIFY_FAILED] certificate verify failed: self-signed certificate in certificate chain (_ssl.c:1010)'))))
2026-07-29 09:31:12 [ERROR] ticket_sync.freshdesk: Freshdesk 요청 중 네트워크 오류: 티켓이 이미 생성됐을 가능성이 있어 재시도하지 않고 실패로 처리합니다. 다음 동기화 실행 시 재시도됩니다. (HTTPSConnectionPool(host='cloud-helpdesk.freshdesk.com', port=443): Max retries exceeded with url: /api/v2/tickets (Caused by SSLError(SSLCertVerificationError(1, '[SSL: CERTIFICATE_VERIFY_FAILED] certificate verify failed: self-signed certificate in certificate chain (_ssl.c:1010)'))))
2026-07-29 09:31:12 [ERROR] ticket_sync.freshdesk: Freshdesk 요청 중 네트워크 오류: 티켓이 이미 생성됐을 가능성이 있어 재시도하지 않고 실패로 처리합니다. 다음 동기화 실행 시 재시도됩니다. (HTTPSConnectionPool(host='cloud-helpdesk.freshdesk.com', port=443): Max retries exceeded with url: /api/v2/tickets (Caused by SSLError(SSLCertVerificationError(1, '[SSL: CERTIFICATE_VERIFY_FAILED] certificate verify failed: self-signed certificate in certificate chain (_ssl.c:1010)'))))
2026-07-29 09:31:13 [ERROR] ticket_sync.freshdesk: Freshdesk 요청 중 네트워크 오류: 티켓이 이미 생성됐을 가능성이 있어 재시도하지 않고 실패로 처리합니다. 다음 동기화 실행 시 재시도됩니다. (HTTPSConnectionPool(host='cloud-helpdesk.freshdesk.com', port=443): Max retries exceeded with url: /api/v2/tickets (Caused by SSLError(SSLCertVerificationError(1, '[SSL: CERTIFICATE_VERIFY_FAILED] certificate verify failed: self-signed certificate in certificate chain (_ssl.c:1010)'))))
2026-07-29 09:31:13 [ERROR] ticket_sync.freshdesk: Freshdesk 요청 중 네트워크 오류: 티켓이 이미 생성됐을 가능성이 있어 재시도하지 않고 실패로 처리합니다. 다음 동기화 실행 시 재시도됩니다. (HTTPSConnectionPool(host='cloud-helpdesk.freshdesk.com', port=443): Max retries exceeded with url: /api/v2/tickets (Caused by SSLError(SSLCertVerificationError(1, '[SSL: CERTIFICATE_VERIFY_FAILED] certificate verify failed: self-signed certificate in certificate chain (_ssl.c:1010)'))))
2026-07-29 09:31:13 [ERROR] ticket_sync.freshdesk: Freshdesk 요청 중 네트워크 오류: 티켓이 이미 생성됐을 가능성이 있어 재시도하지 않고 실패로 처리합니다. 다음 동기화 실행 시 재시도됩니다. (HTTPSConnectionPool(host='cloud-helpdesk.freshdesk.com', port=443): Max retries exceeded with url: /api/v2/tickets (Caused by SSLError(SSLCertVerificationError(1, '[SSL: CERTIFICATE_VERIFY_FAILED] certificate verify failed: self-signed certificate in certificate chain (_ssl.c:1010)'))))
2026-07-29 09:31:14 [ERROR] ticket_sync.freshdesk: Freshdesk 요청 중 네트워크 오류: 티켓이 이미 생성됐을 가능성이 있어 재시도하지 않고 실패로 처리합니다. 다음 동기화 실행 시 재시도됩니다. (HTTPSConnectionPool(host='cloud-helpdesk.freshdesk.com', port=443): Max retries exceeded with url: /api/v2/tickets (Caused by SSLError(SSLCertVerificationError(1, '[SSL: CERTIFICATE_VERIFY_FAILED] certificate verify failed: self-signed certificate in certificate chain (_ssl.c:1010)'))))
2026-07-29 09:31:14 [ERROR] ticket_sync.freshdesk: Freshdesk 요청 중 네트워크 오류: 티켓이 이미 생성됐을 가능성이 있어 재시도하지 않고 실패로 처리합니다. 다음 동기화 실행 시 재시도됩니다. (HTTPSConnectionPool(host='cloud-helpdesk.freshdesk.com', port=443): Max retries exceeded with url: /api/v2/tickets (Caused by SSLError(SSLCertVerificationError(1, '[SSL: CERTIFICATE_VERIFY_FAILED] certificate verify failed: self-signed certificate in certificate chain (_ssl.c:1010)'))))
2026-07-29 09:37:49 [INFO] ticket_sync.local_runner: 로컬 실행 에이전트: 동기화 시작 {'freshdesk_env': 'prod', 'do_freshdesk': True, 'mode': 'range', 'start_date': '2026-07-21', 'end_date': '2026-07-21', 'date_basis': 'created', 'case_status': 'closed', 'owner': 'web-ui'}
2026-07-29 09:37:53 [INFO] ticket_sync.crawler: 로그인 화면에서 'yr.choi@kt.com' 를 자동으로 클릭했습니다.
2026-07-29 09:37:56 [INFO] ticket_sync.crawler: 로그인 화면에서 '로그인' 를 자동으로 클릭했습니다.
2026-07-29 09:37:59 [WARNING] ticket_sync.crawler: 로그인 세션이 없거나 만료된 것으로 보입니다. 계정 선택/로그인 상태 유지 확인처럼 비밀번호 없이 넘어갈 수 있는 화면은 자동으로 눌러드리며, 비밀번호나 MFA가 필요하면 브라우저 창에서 직접 완료해주세요. 최대 300초 대기합니다.
2026-07-29 09:38:44 [ERROR] ticket_sync.main: 티켓 수집 중 오류가 발생했습니다
Traceback (most recent call last):
  File "C:\Users\youre\Downloads\ticket_sync\main.py", line 239, in run_sync
    all_tickets, crawl_warnings = crawler.collect_tickets(
                                  ^^^^^^^^^^^^^^^^^^^^^^^^
  File "C:\Users\youre\Downloads\ticket_sync\crawler.py", line 1171, in collect_tickets
    ensure_logged_in(page, config)
  File "C:\Users\youre\Downloads\ticket_sync\crawler.py", line 274, in ensure_logged_in
    if not _wait_for_login_marker(page, config, marker_text, timeout_ms=login_timeout_s * 1000):
           ^^^^^^^^^^^^^^^^^^^^^^^^^^^^^^^^^^^^^^^^^^^^^^^^^^^^^^^^^^^^^^^^^^^^^^^^^^^^^^^^^^^^
  File "C:\Users\youre\Downloads\ticket_sync\crawler.py", line 250, in _wait_for_login_marker
    page.wait_for_timeout(300)
  File "C:\Users\youre\Downloads\ticket_sync\.venv\Lib\site-packages\playwright\sync_api\_generated.py", line 12529, in wait_for_timeout
    self._sync(
  File "C:\Users\youre\Downloads\ticket_sync\.venv\Lib\site-packages\playwright\_impl\_sync_base.py", line 115, in _sync
    return task.result()
           ^^^^^^^^^^^^^
  File "C:\Users\youre\Downloads\ticket_sync\.venv\Lib\site-packages\playwright\_impl\_page.py", line 1135, in wait_for_timeout
    await self._main_frame.wait_for_timeout(timeout)
  File "C:\Users\youre\Downloads\ticket_sync\.venv\Lib\site-packages\playwright\_impl\_frame.py", line 916, in wait_for_timeout
    await self._channel.send("waitForTimeout", None, {"waitTimeout": timeout})
  File "C:\Users\youre\Downloads\ticket_sync\.venv\Lib\site-packages\playwright\_impl\_connection.py", line 69, in send
    return await self._connection.wrap_api_call(
           ^^^^^^^^^^^^^^^^^^^^^^^^^^^^^^^^^^^^^
  File "C:\Users\youre\Downloads\ticket_sync\.venv\Lib\site-packages\playwright\_impl\_connection.py", line 563, in wrap_api_call
    raise rewrite_error(error, f"{parsed_st['apiName']}: {error}") from None
playwright._impl._errors.TargetClosedError: Page.wait_for_timeout: Target page, context or browser has been closed
2026-07-29 09:38:44 [ERROR] ticket_sync.freshdesk: Freshdesk 요청 중 네트워크 오류: 티켓이 이미 생성됐을 가능성이 있어 재시도하지 않고 실패로 처리합니다. 다음 동기화 실행 시 재시도됩니다. (HTTPSConnectionPool(host='cloud-helpdesk.freshdesk.com', port=443): Max retries exceeded with url: /api/v2/tickets (Caused by SSLError(SSLCertVerificationError(1, '[SSL: CERTIFICATE_VERIFY_FAILED] certificate verify failed: self-signed certificate in certificate chain (_ssl.c:1010)'))))
2026-07-29 09:38:44 [ERROR] ticket_sync.freshdesk: Freshdesk 요청 중 네트워크 오류: 티켓이 이미 생성됐을 가능성이 있어 재시도하지 않고 실패로 처리합니다. 다음 동기화 실행 시 재시도됩니다. (HTTPSConnectionPool(host='cloud-helpdesk.freshdesk.com', port=443): Max retries exceeded with url: /api/v2/tickets (Caused by SSLError(SSLCertVerificationError(1, '[SSL: CERTIFICATE_VERIFY_FAILED] certificate verify failed: self-signed certificate in certificate chain (_ssl.c:1010)'))))
2026-07-29 09:38:45 [ERROR] ticket_sync.freshdesk: Freshdesk 요청 중 네트워크 오류: 티켓이 이미 생성됐을 가능성이 있어 재시도하지 않고 실패로 처리합니다. 다음 동기화 실행 시 재시도됩니다. (HTTPSConnectionPool(host='cloud-helpdesk.freshdesk.com', port=443): Max retries exceeded with url: /api/v2/tickets (Caused by SSLError(SSLCertVerificationError(1, '[SSL: CERTIFICATE_VERIFY_FAILED] certificate verify failed: self-signed certificate in certificate chain (_ssl.c:1010)'))))
2026-07-29 09:38:45 [ERROR] ticket_sync.freshdesk: Freshdesk 요청 중 네트워크 오류: 티켓이 이미 생성됐을 가능성이 있어 재시도하지 않고 실패로 처리합니다. 다음 동기화 실행 시 재시도됩니다. (HTTPSConnectionPool(host='cloud-helpdesk.freshdesk.com', port=443): Max retries exceeded with url: /api/v2/tickets (Caused by SSLError(SSLCertVerificationError(1, '[SSL: CERTIFICATE_VERIFY_FAILED] certificate verify failed: self-signed certificate in certificate chain (_ssl.c:1010)'))))
2026-07-29 09:38:46 [ERROR] ticket_sync.freshdesk: Freshdesk 요청 중 네트워크 오류: 티켓이 이미 생성됐을 가능성이 있어 재시도하지 않고 실패로 처리합니다. 다음 동기화 실행 시 재시도됩니다. (HTTPSConnectionPool(host='cloud-helpdesk.freshdesk.com', port=443): Max retries exceeded with url: /api/v2/tickets (Caused by SSLError(SSLCertVerificationError(1, '[SSL: CERTIFICATE_VERIFY_FAILED] certificate verify failed: self-signed certificate in certificate chain (_ssl.c:1010)'))))
2026-07-29 09:38:46 [ERROR] ticket_sync.freshdesk: Freshdesk 요청 중 네트워크 오류: 티켓이 이미 생성됐을 가능성이 있어 재시도하지 않고 실패로 처리합니다. 다음 동기화 실행 시 재시도됩니다. (HTTPSConnectionPool(host='cloud-helpdesk.freshdesk.com', port=443): Max retries exceeded with url: /api/v2/tickets (Caused by SSLError(SSLCertVerificationError(1, '[SSL: CERTIFICATE_VERIFY_FAILED] certificate verify failed: self-signed certificate in certificate chain (_ssl.c:1010)'))))
2026-07-29 09:38:46 [ERROR] ticket_sync.freshdesk: Freshdesk 요청 중 네트워크 오류: 티켓이 이미 생성됐을 가능성이 있어 재시도하지 않고 실패로 처리합니다. 다음 동기화 실행 시 재시도됩니다. (HTTPSConnectionPool(host='cloud-helpdesk.freshdesk.com', port=443): Max retries exceeded with url: /api/v2/tickets (Caused by SSLError(SSLCertVerificationError(1, '[SSL: CERTIFICATE_VERIFY_FAILED] certificate verify failed: self-signed certificate in certificate chain (_ssl.c:1010)'))))
2026-07-29 09:38:47 [ERROR] ticket_sync.freshdesk: Freshdesk 요청 중 네트워크 오류: 티켓이 이미 생성됐을 가능성이 있어 재시도하지 않고 실패로 처리합니다. 다음 동기화 실행 시 재시도됩니다. (HTTPSConnectionPool(host='cloud-helpdesk.freshdesk.com', port=443): Max retries exceeded with url: /api/v2/tickets (Caused by SSLError(SSLCertVerificationError(1, '[SSL: CERTIFICATE_VERIFY_FAILED] certificate verify failed: self-signed certificate in certificate chain (_ssl.c:1010)'))))
2026-07-29 09:39:02 [INFO] ticket_sync.local_runner: 로컬 실행 에이전트: 동기화 시작 {'freshdesk_env': 'prod', 'do_freshdesk': False, 'mode': 'all', 'start_date': None, 'end_date': None, 'date_basis': 'created', 'case_status': 'open', 'owner': 'web-ui'}
2026-07-29 09:39:06 [INFO] ticket_sync.crawler: 로그인 화면에서 'yr.choi@kt.com' 를 자동으로 클릭했습니다.
2026-07-29 09:39:08 [INFO] ticket_sync.crawler: 로그인 화면에서 '로그인' 를 자동으로 클릭했습니다.
2026-07-29 09:39:10 [INFO] ticket_sync.crawler: 로그인 화면에서 'yr.choi@kt.com' 를 자동으로 클릭했습니다.
2026-07-29 09:39:11 [WARNING] ticket_sync.crawler: 로그인 세션이 없거나 만료된 것으로 보입니다. 계정 선택/로그인 상태 유지 확인처럼 비밀번호 없이 넘어갈 수 있는 화면은 자동으로 눌러드리며, 비밀번호나 MFA가 필요하면 브라우저 창에서 직접 완료해주세요. 최대 300초 대기합니다.
2026-07-29 09:39:11 [INFO] ticket_sync.crawler: 로그인 화면에서 'yr.choi@kt.com' 를 자동으로 클릭했습니다.
2026-07-29 09:39:13 [INFO] ticket_sync.crawler: 로그인 화면에서 'yr.choi@kt.com' 를 자동으로 클릭했습니다.
2026-07-29 09:39:13 [INFO] ticket_sync.crawler: 수동 로그인 완료 확인됨. 세션이 저장되어 다음 실행부터는 재사용됩니다.
2026-07-29 09:39:20 [INFO] ticket_sync.crawler: 상태 필터 적용: case_status=open (완료됨 체크=False)
2026-07-29 09:39:21 [INFO] ticket_sync.crawler: 케이스 목록 CSV 다운로드 완료: C:\Users\youre\Downloads\ticket_sync\data\downloads\SupportCases.csv
2026-07-29 09:39:21 [INFO] ticket_sync.crawler: CSV에서 총 76건 파싱됨 (날짜 필터 전, status=open)
2026-07-29 09:39:21 [INFO] ticket_sync.crawler: 날짜 필터(created_at 기준) 적용 후 76건 (상세 보강 대상, status=open)
2026-07-29 09:39:28 [INFO] ticket_sync.crawler: 커뮤니케이션 '더 로드' 0회 클릭함(전체 수집).
2026-07-29 09:39:28 [INFO] ticket_sync.crawler: 커뮤니케이션 원본 행 1개 확인됨.
2026-07-29 09:39:31 [INFO] ticket_sync.crawler: 커뮤니케이션 1/1 수집 완료 (source=supportmail@techsupport.microsoft.com, updated=2026. 7. 29. 오전 08:52, 길이=241자)
2026-07-29 09:39:47 [INFO] ticket_sync.crawler: 상세 보강 진행 1/76 완료 (case=2607280030008046)
2026-07-29 09:40:01 [INFO] ticket_sync.crawler: 커뮤니케이션 '더 로드' 0회 클릭함(전체 수집).
2026-07-29 09:40:01 [INFO] ticket_sync.crawler: 커뮤니케이션 원본 행 1개 확인됨.
2026-07-29 09:40:04 [INFO] ticket_sync.crawler: 커뮤니케이션 1/1 수집 완료 (source=supportmail@techsupport.microsoft.com, updated=2026. 7. 29. 오전 08:40, 길이=1211자)
2026-07-29 09:40:08 [INFO] ticket_sync.crawler: 상세 보강 진행 2/76 완료 (case=2607280030008010)
2026-07-29 09:40:16 [INFO] ticket_sync.crawler: 커뮤니케이션 '더 로드' 0회 클릭함(전체 수집).
2026-07-29 09:40:16 [INFO] ticket_sync.crawler: 커뮤니케이션 원본 행 1개 확인됨.
2026-07-29 09:40:19 [INFO] ticket_sync.crawler: 커뮤니케이션 1/1 수집 완료 (source=supportmail@techsupport.microsoft.com, updated=2026. 7. 28. 오후 07:46, 길이=1230자)
2026-07-29 09:40:23 [INFO] ticket_sync.crawler: 상세 보강 진행 3/76 완료 (case=2607280030005694)
2026-07-29 09:40:23 [INFO] ticket_sync.crawler: 변경 없음(modified_at 동일) 확인되어 상세 보강 건너뜀 4/76 (case=2607280030005446)
2026-07-29 09:40:30 [INFO] ticket_sync.crawler: 커뮤니케이션 '더 로드' 0회 클릭함(전체 수집).
2026-07-29 09:40:30 [INFO] ticket_sync.crawler: 커뮤니케이션 원본 행 1개 확인됨.
2026-07-29 09:40:33 [INFO] ticket_sync.crawler: 커뮤니케이션 1/1 수집 완료 (source=supportmail@techsupport.microsoft.com, updated=2026. 7. 28. 오후 06:14, 길이=1185자)
2026-07-29 09:40:47 [INFO] ticket_sync.crawler: 상세 보강 진행 5/76 완료 (case=2607280030004851)
2026-07-29 09:40:47 [INFO] ticket_sync.crawler: 변경 없음(modified_at 동일) 확인되어 상세 보강 건너뜀 6/76 (case=2607280030004570)
2026-07-29 09:40:47 [INFO] ticket_sync.crawler: 변경 없음(modified_at 동일) 확인되어 상세 보강 건너뜀 7/76 (case=2607280030002572)
2026-07-29 09:40:47 [INFO] ticket_sync.crawler: 변경 없음(modified_at 동일) 확인되어 상세 보강 건너뜀 8/76 (case=2607280030002289)
2026-07-29 09:40:47 [WARNING] ticket_sync.crawler: 상세 보강 중 오류: Page.wait_for_timeout: Target page, context or browser has been closed
Traceback (most recent call last):
  File "C:\Users\youre\Downloads\ticket_sync\crawler.py", line 1131, in _collect_for_single_status
    filtered[i - 1] = enrich_ticket_from_detail_page(page, t, config, do_freshdesk)
                      ^^^^^^^^^^^^^^^^^^^^^^^^^^^^^^^^^^^^^^^^^^^^^^^^^^^^^^^^^^^^^
  File "C:\Users\youre\Downloads\ticket_sync\crawler.py", line 980, in enrich_ticket_from_detail_page
    if not _click_case_row_by_title(page, title, timeout_ms):
           ^^^^^^^^^^^^^^^^^^^^^^^^^^^^^^^^^^^^^^^^^^^^^^^^^
  File "C:\Users\youre\Downloads\ticket_sync\crawler.py", line 701, in _click_case_row_by_title
    link = _find_locator_in_frames(page, title, exact=True, timeout_ms=timeout_ms)
           ^^^^^^^^^^^^^^^^^^^^^^^^^^^^^^^^^^^^^^^^^^^^^^^^^^^^^^^^^^^^^^^^^^^^^^^
  File "C:\Users\youre\Downloads\ticket_sync\crawler.py", line 117, in _find_locator_in_frames
    _, loc = _find_in_frames_with_frame(page, text, exact=exact, timeout_ms=timeout_ms)
             ^^^^^^^^^^^^^^^^^^^^^^^^^^^^^^^^^^^^^^^^^^^^^^^^^^^^^^^^^^^^^^^^^^^^^^^^^^
  File "C:\Users\youre\Downloads\ticket_sync\crawler.py", line 112, in _find_in_frames_with_frame
    page.wait_for_timeout(300)
  File "C:\Users\youre\Downloads\ticket_sync\.venv\Lib\site-packages\playwright\sync_api\_generated.py", line 12529, in wait_for_timeout
    self._sync(
  File "C:\Users\youre\Downloads\ticket_sync\.venv\Lib\site-packages\playwright\_impl\_sync_base.py", line 115, in _sync
    return task.result()
           ^^^^^^^^^^^^^
  File "C:\Users\youre\Downloads\ticket_sync\.venv\Lib\site-packages\playwright\_impl\_page.py", line 1135, in wait_for_timeout
    await self._main_frame.wait_for_timeout(timeout)
  File "C:\Users\youre\Downloads\ticket_sync\.venv\Lib\site-packages\playwright\_impl\_frame.py", line 916, in wait_for_timeout
    await self._channel.send("waitForTimeout", None, {"waitTimeout": timeout})
  File "C:\Users\youre\Downloads\ticket_sync\.venv\Lib\site-packages\playwright\_impl\_connection.py", line 69, in send
    return await self._connection.wrap_api_call(
           ^^^^^^^^^^^^^^^^^^^^^^^^^^^^^^^^^^^^^
  File "C:\Users\youre\Downloads\ticket_sync\.venv\Lib\site-packages\playwright\_impl\_connection.py", line 563, in wrap_api_call
    raise rewrite_error(error, f"{parsed_st['apiName']}: {error}") from None
playwright._impl._errors.TargetClosedError: Page.wait_for_timeout: Target page, context or browser has been closed
2026-07-29 09:40:47 [INFO] ticket_sync.crawler: 변경 없음(modified_at 동일) 확인되어 상세 보강 건너뜀 10/76 (case=2607280030000733)
2026-07-29 09:40:47 [INFO] ticket_sync.crawler: 변경 없음(modified_at 동일) 확인되어 상세 보강 건너뜀 11/76 (case=2607280030000143)
2026-07-29 09:40:47 [WARNING] ticket_sync.crawler: 상세 보강 중 오류: Page.wait_for_timeout: Target page, context or browser has been closed
Traceback (most recent call last):
  File "C:\Users\youre\Downloads\ticket_sync\crawler.py", line 1131, in _collect_for_single_status
    filtered[i - 1] = enrich_ticket_from_detail_page(page, t, config, do_freshdesk)
                      ^^^^^^^^^^^^^^^^^^^^^^^^^^^^^^^^^^^^^^^^^^^^^^^^^^^^^^^^^^^^^
  File "C:\Users\youre\Downloads\ticket_sync\crawler.py", line 980, in enrich_ticket_from_detail_page
    if not _click_case_row_by_title(page, title, timeout_ms):
           ^^^^^^^^^^^^^^^^^^^^^^^^^^^^^^^^^^^^^^^^^^^^^^^^^
  File "C:\Users\youre\Downloads\ticket_sync\crawler.py", line 701, in _click_case_row_by_title
    link = _find_locator_in_frames(page, title, exact=True, timeout_ms=timeout_ms)
           ^^^^^^^^^^^^^^^^^^^^^^^^^^^^^^^^^^^^^^^^^^^^^^^^^^^^^^^^^^^^^^^^^^^^^^^
  File "C:\Users\youre\Downloads\ticket_sync\crawler.py", line 117, in _find_locator_in_frames
    _, loc = _find_in_frames_with_frame(page, text, exact=exact, timeout_ms=timeout_ms)
             ^^^^^^^^^^^^^^^^^^^^^^^^^^^^^^^^^^^^^^^^^^^^^^^^^^^^^^^^^^^^^^^^^^^^^^^^^^
  File "C:\Users\youre\Downloads\ticket_sync\crawler.py", line 112, in _find_in_frames_with_frame
    page.wait_for_timeout(300)
  File "C:\Users\youre\Downloads\ticket_sync\.venv\Lib\site-packages\playwright\sync_api\_generated.py", line 12529, in wait_for_timeout
    self._sync(
  File "C:\Users\youre\Downloads\ticket_sync\.venv\Lib\site-packages\playwright\_impl\_sync_base.py", line 115, in _sync
    return task.result()
           ^^^^^^^^^^^^^
  File "C:\Users\youre\Downloads\ticket_sync\.venv\Lib\site-packages\playwright\_impl\_page.py", line 1135, in wait_for_timeout
    await self._main_frame.wait_for_timeout(timeout)
  File "C:\Users\youre\Downloads\ticket_sync\.venv\Lib\site-packages\playwright\_impl\_frame.py", line 916, in wait_for_timeout
    await self._channel.send("waitForTimeout", None, {"waitTimeout": timeout})
  File "C:\Users\youre\Downloads\ticket_sync\.venv\Lib\site-packages\playwright\_impl\_connection.py", line 69, in send
    return await self._connection.wrap_api_call(
           ^^^^^^^^^^^^^^^^^^^^^^^^^^^^^^^^^^^^^
  File "C:\Users\youre\Downloads\ticket_sync\.venv\Lib\site-packages\playwright\_impl\_connection.py", line 563, in wrap_api_call
    raise rewrite_error(error, f"{parsed_st['apiName']}: {error}") from None
playwright._impl._errors.TargetClosedError: Page.wait_for_timeout: Target page, context or browser has been closed
2026-07-29 09:40:47 [INFO] ticket_sync.crawler: 변경 없음(modified_at 동일) 확인되어 상세 보강 건너뜀 13/76 (case=2607270030004632)
2026-07-29 09:40:47 [INFO] ticket_sync.crawler: 변경 없음(modified_at 동일) 확인되어 상세 보강 건너뜀 14/76 (case=2607270030003903)
2026-07-29 09:40:47 [WARNING] ticket_sync.crawler: 상세 보강 중 오류: Page.wait_for_timeout: Target page, context or browser has been closed
Traceback (most recent call last):
  File "C:\Users\youre\Downloads\ticket_sync\crawler.py", line 1131, in _collect_for_single_status
    filtered[i - 1] = enrich_ticket_from_detail_page(page, t, config, do_freshdesk)
                      ^^^^^^^^^^^^^^^^^^^^^^^^^^^^^^^^^^^^^^^^^^^^^^^^^^^^^^^^^^^^^
  File "C:\Users\youre\Downloads\ticket_sync\crawler.py", line 980, in enrich_ticket_from_detail_page
    if not _click_case_row_by_title(page, title, timeout_ms):
           ^^^^^^^^^^^^^^^^^^^^^^^^^^^^^^^^^^^^^^^^^^^^^^^^^
  File "C:\Users\youre\Downloads\ticket_sync\crawler.py", line 701, in _click_case_row_by_title
    link = _find_locator_in_frames(page, title, exact=True, timeout_ms=timeout_ms)
           ^^^^^^^^^^^^^^^^^^^^^^^^^^^^^^^^^^^^^^^^^^^^^^^^^^^^^^^^^^^^^^^^^^^^^^^
  File "C:\Users\youre\Downloads\ticket_sync\crawler.py", line 117, in _find_locator_in_frames
    _, loc = _find_in_frames_with_frame(page, text, exact=exact, timeout_ms=timeout_ms)
             ^^^^^^^^^^^^^^^^^^^^^^^^^^^^^^^^^^^^^^^^^^^^^^^^^^^^^^^^^^^^^^^^^^^^^^^^^^
  File "C:\Users\youre\Downloads\ticket_sync\crawler.py", line 112, in _find_in_frames_with_frame
    page.wait_for_timeout(300)
  File "C:\Users\youre\Downloads\ticket_sync\.venv\Lib\site-packages\playwright\sync_api\_generated.py", line 12529, in wait_for_timeout
    self._sync(
  File "C:\Users\youre\Downloads\ticket_sync\.venv\Lib\site-packages\playwright\_impl\_sync_base.py", line 115, in _sync
    return task.result()
           ^^^^^^^^^^^^^
  File "C:\Users\youre\Downloads\ticket_sync\.venv\Lib\site-packages\playwright\_impl\_page.py", line 1135, in wait_for_timeout
    await self._main_frame.wait_for_timeout(timeout)
  File "C:\Users\youre\Downloads\ticket_sync\.venv\Lib\site-packages\playwright\_impl\_frame.py", line 916, in wait_for_timeout
    await self._channel.send("waitForTimeout", None, {"waitTimeout": timeout})
  File "C:\Users\youre\Downloads\ticket_sync\.venv\Lib\site-packages\playwright\_impl\_connection.py", line 69, in send
    return await self._connection.wrap_api_call(
           ^^^^^^^^^^^^^^^^^^^^^^^^^^^^^^^^^^^^^
  File "C:\Users\youre\Downloads\ticket_sync\.venv\Lib\site-packages\playwright\_impl\_connection.py", line 563, in wrap_api_call
    raise rewrite_error(error, f"{parsed_st['apiName']}: {error}") from None
playwright._impl._errors.TargetClosedError: Page.wait_for_timeout: Target page, context or browser has been closed
2026-07-29 09:40:47 [WARNING] ticket_sync.crawler: 상세 보강 중 오류: Page.wait_for_timeout: Target page, context or browser has been closed
Traceback (most recent call last):
  File "C:\Users\youre\Downloads\ticket_sync\crawler.py", line 1131, in _collect_for_single_status
    filtered[i - 1] = enrich_ticket_from_detail_page(page, t, config, do_freshdesk)
                      ^^^^^^^^^^^^^^^^^^^^^^^^^^^^^^^^^^^^^^^^^^^^^^^^^^^^^^^^^^^^^
  File "C:\Users\youre\Downloads\ticket_sync\crawler.py", line 980, in enrich_ticket_from_detail_page
    if not _click_case_row_by_title(page, title, timeout_ms):
           ^^^^^^^^^^^^^^^^^^^^^^^^^^^^^^^^^^^^^^^^^^^^^^^^^
  File "C:\Users\youre\Downloads\ticket_sync\crawler.py", line 701, in _click_case_row_by_title
    link = _find_locator_in_frames(page, title, exact=True, timeout_ms=timeout_ms)
           ^^^^^^^^^^^^^^^^^^^^^^^^^^^^^^^^^^^^^^^^^^^^^^^^^^^^^^^^^^^^^^^^^^^^^^^
  File "C:\Users\youre\Downloads\ticket_sync\crawler.py", line 117, in _find_locator_in_frames
    _, loc = _find_in_frames_with_frame(page, text, exact=exact, timeout_ms=timeout_ms)
             ^^^^^^^^^^^^^^^^^^^^^^^^^^^^^^^^^^^^^^^^^^^^^^^^^^^^^^^^^^^^^^^^^^^^^^^^^^
  File "C:\Users\youre\Downloads\ticket_sync\crawler.py", line 112, in _find_in_frames_with_frame
    page.wait_for_timeout(300)
  File "C:\Users\youre\Downloads\ticket_sync\.venv\Lib\site-packages\playwright\sync_api\_generated.py", line 12529, in wait_for_timeout
    self._sync(
  File "C:\Users\youre\Downloads\ticket_sync\.venv\Lib\site-packages\playwright\_impl\_sync_base.py", line 115, in _sync
    return task.result()
           ^^^^^^^^^^^^^
  File "C:\Users\youre\Downloads\ticket_sync\.venv\Lib\site-packages\playwright\_impl\_page.py", line 1135, in wait_for_timeout
    await self._main_frame.wait_for_timeout(timeout)
  File "C:\Users\youre\Downloads\ticket_sync\.venv\Lib\site-packages\playwright\_impl\_frame.py", line 916, in wait_for_timeout
    await self._channel.send("waitForTimeout", None, {"waitTimeout": timeout})
  File "C:\Users\youre\Downloads\ticket_sync\.venv\Lib\site-packages\playwright\_impl\_connection.py", line 69, in send
    return await self._connection.wrap_api_call(
           ^^^^^^^^^^^^^^^^^^^^^^^^^^^^^^^^^^^^^
  File "C:\Users\youre\Downloads\ticket_sync\.venv\Lib\site-packages\playwright\_impl\_connection.py", line 563, in wrap_api_call
    raise rewrite_error(error, f"{parsed_st['apiName']}: {error}") from None
playwright._impl._errors.TargetClosedError: Page.wait_for_timeout: Target page, context or browser has been closed
2026-07-29 09:40:47 [WARNING] ticket_sync.crawler: 상세 보강 중 오류: Page.wait_for_timeout: Target page, context or browser has been closed
Traceback (most recent call last):
  File "C:\Users\youre\Downloads\ticket_sync\crawler.py", line 1131, in _collect_for_single_status
    filtered[i - 1] = enrich_ticket_from_detail_page(page, t, config, do_freshdesk)
                      ^^^^^^^^^^^^^^^^^^^^^^^^^^^^^^^^^^^^^^^^^^^^^^^^^^^^^^^^^^^^^
  File "C:\Users\youre\Downloads\ticket_sync\crawler.py", line 980, in enrich_ticket_from_detail_page
    if not _click_case_row_by_title(page, title, timeout_ms):
           ^^^^^^^^^^^^^^^^^^^^^^^^^^^^^^^^^^^^^^^^^^^^^^^^^
  File "C:\Users\youre\Downloads\ticket_sync\crawler.py", line 701, in _click_case_row_by_title
    link = _find_locator_in_frames(page, title, exact=True, timeout_ms=timeout_ms)
           ^^^^^^^^^^^^^^^^^^^^^^^^^^^^^^^^^^^^^^^^^^^^^^^^^^^^^^^^^^^^^^^^^^^^^^^
  File "C:\Users\youre\Downloads\ticket_sync\crawler.py", line 117, in _find_locator_in_frames
    _, loc = _find_in_frames_with_frame(page, text, exact=exact, timeout_ms=timeout_ms)
             ^^^^^^^^^^^^^^^^^^^^^^^^^^^^^^^^^^^^^^^^^^^^^^^^^^^^^^^^^^^^^^^^^^^^^^^^^^
  File "C:\Users\youre\Downloads\ticket_sync\crawler.py", line 112, in _find_in_frames_with_frame
    page.wait_for_timeout(300)
  File "C:\Users\youre\Downloads\ticket_sync\.venv\Lib\site-packages\playwright\sync_api\_generated.py", line 12529, in wait_for_timeout
    self._sync(
  File "C:\Users\youre\Downloads\ticket_sync\.venv\Lib\site-packages\playwright\_impl\_sync_base.py", line 115, in _sync
    return task.result()
           ^^^^^^^^^^^^^
  File "C:\Users\youre\Downloads\ticket_sync\.venv\Lib\site-packages\playwright\_impl\_page.py", line 1135, in wait_for_timeout
    await self._main_frame.wait_for_timeout(timeout)
  File "C:\Users\youre\Downloads\ticket_sync\.venv\Lib\site-packages\playwright\_impl\_frame.py", line 916, in wait_for_timeout
    await self._channel.send("waitForTimeout", None, {"waitTimeout": timeout})
  File "C:\Users\youre\Downloads\ticket_sync\.venv\Lib\site-packages\playwright\_impl\_connection.py", line 69, in send
    return await self._connection.wrap_api_call(
           ^^^^^^^^^^^^^^^^^^^^^^^^^^^^^^^^^^^^^
  File "C:\Users\youre\Downloads\ticket_sync\.venv\Lib\site-packages\playwright\_impl\_connection.py", line 563, in wrap_api_call
    raise rewrite_error(error, f"{parsed_st['apiName']}: {error}") from None
playwright._impl._errors.TargetClosedError: Page.wait_for_timeout: Target page, context or browser has been closed
2026-07-29 09:40:47 [WARNING] ticket_sync.crawler: 상세 보강 중 오류: Page.wait_for_timeout: Target page, context or browser has been closed
Traceback (most recent call last):
  File "C:\Users\youre\Downloads\ticket_sync\crawler.py", line 1131, in _collect_for_single_status
    filtered[i - 1] = enrich_ticket_from_detail_page(page, t, config, do_freshdesk)
                      ^^^^^^^^^^^^^^^^^^^^^^^^^^^^^^^^^^^^^^^^^^^^^^^^^^^^^^^^^^^^^
  File "C:\Users\youre\Downloads\ticket_sync\crawler.py", line 980, in enrich_ticket_from_detail_page
    if not _click_case_row_by_title(page, title, timeout_ms):
           ^^^^^^^^^^^^^^^^^^^^^^^^^^^^^^^^^^^^^^^^^^^^^^^^^
  File "C:\Users\youre\Downloads\ticket_sync\crawler.py", line 701, in _click_case_row_by_title
    link = _find_locator_in_frames(page, title, exact=True, timeout_ms=timeout_ms)
           ^^^^^^^^^^^^^^^^^^^^^^^^^^^^^^^^^^^^^^^^^^^^^^^^^^^^^^^^^^^^^^^^^^^^^^^
  File "C:\Users\youre\Downloads\ticket_sync\crawler.py", line 117, in _find_locator_in_frames
    _, loc = _find_in_frames_with_frame(page, text, exact=exact, timeout_ms=timeout_ms)
             ^^^^^^^^^^^^^^^^^^^^^^^^^^^^^^^^^^^^^^^^^^^^^^^^^^^^^^^^^^^^^^^^^^^^^^^^^^
  File "C:\Users\youre\Downloads\ticket_sync\crawler.py", line 112, in _find_in_frames_with_frame
    page.wait_for_timeout(300)
  File "C:\Users\youre\Downloads\ticket_sync\.venv\Lib\site-packages\playwright\sync_api\_generated.py", line 12529, in wait_for_timeout
    self._sync(
  File "C:\Users\youre\Downloads\ticket_sync\.venv\Lib\site-packages\playwright\_impl\_sync_base.py", line 115, in _sync
    return task.result()
           ^^^^^^^^^^^^^
  File "C:\Users\youre\Downloads\ticket_sync\.venv\Lib\site-packages\playwright\_impl\_page.py", line 1135, in wait_for_timeout
    await self._main_frame.wait_for_timeout(timeout)
  File "C:\Users\youre\Downloads\ticket_sync\.venv\Lib\site-packages\playwright\_impl\_frame.py", line 916, in wait_for_timeout
    await self._channel.send("waitForTimeout", None, {"waitTimeout": timeout})
  File "C:\Users\youre\Downloads\ticket_sync\.venv\Lib\site-packages\playwright\_impl\_connection.py", line 69, in send
    return await self._connection.wrap_api_call(
           ^^^^^^^^^^^^^^^^^^^^^^^^^^^^^^^^^^^^^
  File "C:\Users\youre\Downloads\ticket_sync\.venv\Lib\site-packages\playwright\_impl\_connection.py", line 563, in wrap_api_call
    raise rewrite_error(error, f"{parsed_st['apiName']}: {error}") from None
playwright._impl._errors.TargetClosedError: Page.wait_for_timeout: Target page, context or browser has been closed
2026-07-29 09:40:47 [WARNING] ticket_sync.crawler: 상세 보강 중 오류: Page.wait_for_timeout: Target page, context or browser has been closed
Traceback (most recent call last):
  File "C:\Users\youre\Downloads\ticket_sync\crawler.py", line 1131, in _collect_for_single_status
    filtered[i - 1] = enrich_ticket_from_detail_page(page, t, config, do_freshdesk)
                      ^^^^^^^^^^^^^^^^^^^^^^^^^^^^^^^^^^^^^^^^^^^^^^^^^^^^^^^^^^^^^
  File "C:\Users\youre\Downloads\ticket_sync\crawler.py", line 980, in enrich_ticket_from_detail_page
    if not _click_case_row_by_title(page, title, timeout_ms):
           ^^^^^^^^^^^^^^^^^^^^^^^^^^^^^^^^^^^^^^^^^^^^^^^^^
  File "C:\Users\youre\Downloads\ticket_sync\crawler.py", line 701, in _click_case_row_by_title
    link = _find_locator_in_frames(page, title, exact=True, timeout_ms=timeout_ms)
           ^^^^^^^^^^^^^^^^^^^^^^^^^^^^^^^^^^^^^^^^^^^^^^^^^^^^^^^^^^^^^^^^^^^^^^^
  File "C:\Users\youre\Downloads\ticket_sync\crawler.py", line 117, in _find_locator_in_frames
    _, loc = _find_in_frames_with_frame(page, text, exact=exact, timeout_ms=timeout_ms)
             ^^^^^^^^^^^^^^^^^^^^^^^^^^^^^^^^^^^^^^^^^^^^^^^^^^^^^^^^^^^^^^^^^^^^^^^^^^
  File "C:\Users\youre\Downloads\ticket_sync\crawler.py", line 112, in _find_in_frames_with_frame
    page.wait_for_timeout(300)
  File "C:\Users\youre\Downloads\ticket_sync\.venv\Lib\site-packages\playwright\sync_api\_generated.py", line 12529, in wait_for_timeout
    self._sync(
  File "C:\Users\youre\Downloads\ticket_sync\.venv\Lib\site-packages\playwright\_impl\_sync_base.py", line 115, in _sync
    return task.result()
           ^^^^^^^^^^^^^
  File "C:\Users\youre\Downloads\ticket_sync\.venv\Lib\site-packages\playwright\_impl\_page.py", line 1135, in wait_for_timeout
    await self._main_frame.wait_for_timeout(timeout)
  File "C:\Users\youre\Downloads\ticket_sync\.venv\Lib\site-packages\playwright\_impl\_frame.py", line 916, in wait_for_timeout
    await self._channel.send("waitForTimeout", None, {"waitTimeout": timeout})
  File "C:\Users\youre\Downloads\ticket_sync\.venv\Lib\site-packages\playwright\_impl\_connection.py", line 69, in send
    return await self._connection.wrap_api_call(
           ^^^^^^^^^^^^^^^^^^^^^^^^^^^^^^^^^^^^^
  File "C:\Users\youre\Downloads\ticket_sync\.venv\Lib\site-packages\playwright\_impl\_connection.py", line 563, in wrap_api_call
    raise rewrite_error(error, f"{parsed_st['apiName']}: {error}") from None
playwright._impl._errors.TargetClosedError: Page.wait_for_timeout: Target page, context or browser has been closed
2026-07-29 09:40:47 [WARNING] ticket_sync.crawler: 상세 보강 중 오류: Page.wait_for_timeout: Target page, context or browser has been closed
Traceback (most recent call last):
  File "C:\Users\youre\Downloads\ticket_sync\crawler.py", line 1131, in _collect_for_single_status
    filtered[i - 1] = enrich_ticket_from_detail_page(page, t, config, do_freshdesk)
                      ^^^^^^^^^^^^^^^^^^^^^^^^^^^^^^^^^^^^^^^^^^^^^^^^^^^^^^^^^^^^^
  File "C:\Users\youre\Downloads\ticket_sync\crawler.py", line 980, in enrich_ticket_from_detail_page
    if not _click_case_row_by_title(page, title, timeout_ms):
           ^^^^^^^^^^^^^^^^^^^^^^^^^^^^^^^^^^^^^^^^^^^^^^^^^
  File "C:\Users\youre\Downloads\ticket_sync\crawler.py", line 701, in _click_case_row_by_title
    link = _find_locator_in_frames(page, title, exact=True, timeout_ms=timeout_ms)
           ^^^^^^^^^^^^^^^^^^^^^^^^^^^^^^^^^^^^^^^^^^^^^^^^^^^^^^^^^^^^^^^^^^^^^^^
  File "C:\Users\youre\Downloads\ticket_sync\crawler.py", line 117, in _find_locator_in_frames
    _, loc = _find_in_frames_with_frame(page, text, exact=exact, timeout_ms=timeout_ms)
             ^^^^^^^^^^^^^^^^^^^^^^^^^^^^^^^^^^^^^^^^^^^^^^^^^^^^^^^^^^^^^^^^^^^^^^^^^^
  File "C:\Users\youre\Downloads\ticket_sync\crawler.py", line 112, in _find_in_frames_with_frame
    page.wait_for_timeout(300)
  File "C:\Users\youre\Downloads\ticket_sync\.venv\Lib\site-packages\playwright\sync_api\_generated.py", line 12529, in wait_for_timeout
    self._sync(
  File "C:\Users\youre\Downloads\ticket_sync\.venv\Lib\site-packages\playwright\_impl\_sync_base.py", line 115, in _sync
    return task.result()
           ^^^^^^^^^^^^^
  File "C:\Users\youre\Downloads\ticket_sync\.venv\Lib\site-packages\playwright\_impl\_page.py", line 1135, in wait_for_timeout
    await self._main_frame.wait_for_timeout(timeout)
  File "C:\Users\youre\Downloads\ticket_sync\.venv\Lib\site-packages\playwright\_impl\_frame.py", line 916, in wait_for_timeout
    await self._channel.send("waitForTimeout", None, {"waitTimeout": timeout})
  File "C:\Users\youre\Downloads\ticket_sync\.venv\Lib\site-packages\playwright\_impl\_connection.py", line 69, in send
    return await self._connection.wrap_api_call(
           ^^^^^^^^^^^^^^^^^^^^^^^^^^^^^^^^^^^^^
  File "C:\Users\youre\Downloads\ticket_sync\.venv\Lib\site-packages\playwright\_impl\_connection.py", line 563, in wrap_api_call
    raise rewrite_error(error, f"{parsed_st['apiName']}: {error}") from None
playwright._impl._errors.TargetClosedError: Page.wait_for_timeout: Target page, context or browser has been closed
2026-07-29 09:40:47 [WARNING] ticket_sync.crawler: 상세 보강 중 오류: Page.wait_for_timeout: Target page, context or browser has been closed
Traceback (most recent call last):
  File "C:\Users\youre\Downloads\ticket_sync\crawler.py", line 1131, in _collect_for_single_status
    filtered[i - 1] = enrich_ticket_from_detail_page(page, t, config, do_freshdesk)
                      ^^^^^^^^^^^^^^^^^^^^^^^^^^^^^^^^^^^^^^^^^^^^^^^^^^^^^^^^^^^^^
  File "C:\Users\youre\Downloads\ticket_sync\crawler.py", line 980, in enrich_ticket_from_detail_page
    if not _click_case_row_by_title(page, title, timeout_ms):
           ^^^^^^^^^^^^^^^^^^^^^^^^^^^^^^^^^^^^^^^^^^^^^^^^^
  File "C:\Users\youre\Downloads\ticket_sync\crawler.py", line 701, in _click_case_row_by_title
    link = _find_locator_in_frames(page, title, exact=True, timeout_ms=timeout_ms)
           ^^^^^^^^^^^^^^^^^^^^^^^^^^^^^^^^^^^^^^^^^^^^^^^^^^^^^^^^^^^^^^^^^^^^^^^
  File "C:\Users\youre\Downloads\ticket_sync\crawler.py", line 117, in _find_locator_in_frames
    _, loc = _find_in_frames_with_frame(page, text, exact=exact, timeout_ms=timeout_ms)
             ^^^^^^^^^^^^^^^^^^^^^^^^^^^^^^^^^^^^^^^^^^^^^^^^^^^^^^^^^^^^^^^^^^^^^^^^^^
  File "C:\Users\youre\Downloads\ticket_sync\crawler.py", line 112, in _find_in_frames_with_frame
    page.wait_for_timeout(300)
  File "C:\Users\youre\Downloads\ticket_sync\.venv\Lib\site-packages\playwright\sync_api\_generated.py", line 12529, in wait_for_timeout
    self._sync(
  File "C:\Users\youre\Downloads\ticket_sync\.venv\Lib\site-packages\playwright\_impl\_sync_base.py", line 115, in _sync
    return task.result()
           ^^^^^^^^^^^^^
  File "C:\Users\youre\Downloads\ticket_sync\.venv\Lib\site-packages\playwright\_impl\_page.py", line 1135, in wait_for_timeout
    await self._main_frame.wait_for_timeout(timeout)
  File "C:\Users\youre\Downloads\ticket_sync\.venv\Lib\site-packages\playwright\_impl\_frame.py", line 916, in wait_for_timeout
    await self._channel.send("waitForTimeout", None, {"waitTimeout": timeout})
  File "C:\Users\youre\Downloads\ticket_sync\.venv\Lib\site-packages\playwright\_impl\_connection.py", line 69, in send
    return await self._connection.wrap_api_call(
           ^^^^^^^^^^^^^^^^^^^^^^^^^^^^^^^^^^^^^
  File "C:\Users\youre\Downloads\ticket_sync\.venv\Lib\site-packages\playwright\_impl\_connection.py", line 563, in wrap_api_call
    raise rewrite_error(error, f"{parsed_st['apiName']}: {error}") from None
playwright._impl._errors.TargetClosedError: Page.wait_for_timeout: Target page, context or browser has been closed
2026-07-29 09:40:47 [WARNING] ticket_sync.crawler: 상세 보강 중 오류: Page.wait_for_timeout: Target page, context or browser has been closed
Traceback (most recent call last):
  File "C:\Users\youre\Downloads\ticket_sync\crawler.py", line 1131, in _collect_for_single_status
    filtered[i - 1] = enrich_ticket_from_detail_page(page, t, config, do_freshdesk)
                      ^^^^^^^^^^^^^^^^^^^^^^^^^^^^^^^^^^^^^^^^^^^^^^^^^^^^^^^^^^^^^
  File "C:\Users\youre\Downloads\ticket_sync\crawler.py", line 980, in enrich_ticket_from_detail_page
    if not _click_case_row_by_title(page, title, timeout_ms):
           ^^^^^^^^^^^^^^^^^^^^^^^^^^^^^^^^^^^^^^^^^^^^^^^^^
  File "C:\Users\youre\Downloads\ticket_sync\crawler.py", line 701, in _click_case_row_by_title
    link = _find_locator_in_frames(page, title, exact=True, timeout_ms=timeout_ms)
           ^^^^^^^^^^^^^^^^^^^^^^^^^^^^^^^^^^^^^^^^^^^^^^^^^^^^^^^^^^^^^^^^^^^^^^^
  File "C:\Users\youre\Downloads\ticket_sync\crawler.py", line 117, in _find_locator_in_frames
    _, loc = _find_in_frames_with_frame(page, text, exact=exact, timeout_ms=timeout_ms)
             ^^^^^^^^^^^^^^^^^^^^^^^^^^^^^^^^^^^^^^^^^^^^^^^^^^^^^^^^^^^^^^^^^^^^^^^^^^
  File "C:\Users\youre\Downloads\ticket_sync\crawler.py", line 112, in _find_in_frames_with_frame
    page.wait_for_timeout(300)
  File "C:\Users\youre\Downloads\ticket_sync\.venv\Lib\site-packages\playwright\sync_api\_generated.py", line 12529, in wait_for_timeout
    self._sync(
  File "C:\Users\youre\Downloads\ticket_sync\.venv\Lib\site-packages\playwright\_impl\_sync_base.py", line 115, in _sync
    return task.result()
           ^^^^^^^^^^^^^
  File "C:\Users\youre\Downloads\ticket_sync\.venv\Lib\site-packages\playwright\_impl\_page.py", line 1135, in wait_for_timeout
    await self._main_frame.wait_for_timeout(timeout)
  File "C:\Users\youre\Downloads\ticket_sync\.venv\Lib\site-packages\playwright\_impl\_frame.py", line 916, in wait_for_timeout
    await self._channel.send("waitForTimeout", None, {"waitTimeout": timeout})
  File "C:\Users\youre\Downloads\ticket_sync\.venv\Lib\site-packages\playwright\_impl\_connection.py", line 69, in send
    return await self._connection.wrap_api_call(
           ^^^^^^^^^^^^^^^^^^^^^^^^^^^^^^^^^^^^^
  File "C:\Users\youre\Downloads\ticket_sync\.venv\Lib\site-packages\playwright\_impl\_connection.py", line 563, in wrap_api_call
    raise rewrite_error(error, f"{parsed_st['apiName']}: {error}") from None
playwright._impl._errors.TargetClosedError: Page.wait_for_timeout: Target page, context or browser has been closed
2026-07-29 09:40:47 [WARNING] ticket_sync.crawler: 상세 보강 중 오류: Page.wait_for_timeout: Target page, context or browser has been closed
Traceback (most recent call last):
  File "C:\Users\youre\Downloads\ticket_sync\crawler.py", line 1131, in _collect_for_single_status
    filtered[i - 1] = enrich_ticket_from_detail_page(page, t, config, do_freshdesk)
                      ^^^^^^^^^^^^^^^^^^^^^^^^^^^^^^^^^^^^^^^^^^^^^^^^^^^^^^^^^^^^^
  File "C:\Users\youre\Downloads\ticket_sync\crawler.py", line 980, in enrich_ticket_from_detail_page
    if not _click_case_row_by_title(page, title, timeout_ms):
           ^^^^^^^^^^^^^^^^^^^^^^^^^^^^^^^^^^^^^^^^^^^^^^^^^
  File "C:\Users\youre\Downloads\ticket_sync\crawler.py", line 701, in _click_case_row_by_title
    link = _find_locator_in_frames(page, title, exact=True, timeout_ms=timeout_ms)
           ^^^^^^^^^^^^^^^^^^^^^^^^^^^^^^^^^^^^^^^^^^^^^^^^^^^^^^^^^^^^^^^^^^^^^^^
  File "C:\Users\youre\Downloads\ticket_sync\crawler.py", line 117, in _find_locator_in_frames
    _, loc = _find_in_frames_with_frame(page, text, exact=exact, timeout_ms=timeout_ms)
             ^^^^^^^^^^^^^^^^^^^^^^^^^^^^^^^^^^^^^^^^^^^^^^^^^^^^^^^^^^^^^^^^^^^^^^^^^^
  File "C:\Users\youre\Downloads\ticket_sync\crawler.py", line 112, in _find_in_frames_with_frame
    page.wait_for_timeout(300)
  File "C:\Users\youre\Downloads\ticket_sync\.venv\Lib\site-packages\playwright\sync_api\_generated.py", line 12529, in wait_for_timeout
    self._sync(
  File "C:\Users\youre\Downloads\ticket_sync\.venv\Lib\site-packages\playwright\_impl\_sync_base.py", line 115, in _sync
    return task.result()
           ^^^^^^^^^^^^^
  File "C:\Users\youre\Downloads\ticket_sync\.venv\Lib\site-packages\playwright\_impl\_page.py", line 1135, in wait_for_timeout
    await self._main_frame.wait_for_timeout(timeout)
  File "C:\Users\youre\Downloads\ticket_sync\.venv\Lib\site-packages\playwright\_impl\_frame.py", line 916, in wait_for_timeout
    await self._channel.send("waitForTimeout", None, {"waitTimeout": timeout})
  File "C:\Users\youre\Downloads\ticket_sync\.venv\Lib\site-packages\playwright\_impl\_connection.py", line 69, in send
    return await self._connection.wrap_api_call(
           ^^^^^^^^^^^^^^^^^^^^^^^^^^^^^^^^^^^^^
  File "C:\Users\youre\Downloads\ticket_sync\.venv\Lib\site-packages\playwright\_impl\_connection.py", line 563, in wrap_api_call
    raise rewrite_error(error, f"{parsed_st['apiName']}: {error}") from None
playwright._impl._errors.TargetClosedError: Page.wait_for_timeout: Target page, context or browser has been closed
2026-07-29 09:40:47 [WARNING] ticket_sync.crawler: 상세 보강 중 오류: Page.wait_for_timeout: Target page, context or browser has been closed
Traceback (most recent call last):
  File "C:\Users\youre\Downloads\ticket_sync\crawler.py", line 1131, in _collect_for_single_status
    filtered[i - 1] = enrich_ticket_from_detail_page(page, t, config, do_freshdesk)
                      ^^^^^^^^^^^^^^^^^^^^^^^^^^^^^^^^^^^^^^^^^^^^^^^^^^^^^^^^^^^^^
  File "C:\Users\youre\Downloads\ticket_sync\crawler.py", line 980, in enrich_ticket_from_detail_page
    if not _click_case_row_by_title(page, title, timeout_ms):
           ^^^^^^^^^^^^^^^^^^^^^^^^^^^^^^^^^^^^^^^^^^^^^^^^^
  File "C:\Users\youre\Downloads\ticket_sync\crawler.py", line 701, in _click_case_row_by_title
    link = _find_locator_in_frames(page, title, exact=True, timeout_ms=timeout_ms)
           ^^^^^^^^^^^^^^^^^^^^^^^^^^^^^^^^^^^^^^^^^^^^^^^^^^^^^^^^^^^^^^^^^^^^^^^
  File "C:\Users\youre\Downloads\ticket_sync\crawler.py", line 117, in _find_locator_in_frames
    _, loc = _find_in_frames_with_frame(page, text, exact=exact, timeout_ms=timeout_ms)
             ^^^^^^^^^^^^^^^^^^^^^^^^^^^^^^^^^^^^^^^^^^^^^^^^^^^^^^^^^^^^^^^^^^^^^^^^^^
  File "C:\Users\youre\Downloads\ticket_sync\crawler.py", line 112, in _find_in_frames_with_frame
    page.wait_for_timeout(300)
  File "C:\Users\youre\Downloads\ticket_sync\.venv\Lib\site-packages\playwright\sync_api\_generated.py", line 12529, in wait_for_timeout
    self._sync(
  File "C:\Users\youre\Downloads\ticket_sync\.venv\Lib\site-packages\playwright\_impl\_sync_base.py", line 115, in _sync
    return task.result()
           ^^^^^^^^^^^^^
  File "C:\Users\youre\Downloads\ticket_sync\.venv\Lib\site-packages\playwright\_impl\_page.py", line 1135, in wait_for_timeout
    await self._main_frame.wait_for_timeout(timeout)
  File "C:\Users\youre\Downloads\ticket_sync\.venv\Lib\site-packages\playwright\_impl\_frame.py", line 916, in wait_for_timeout
    await self._channel.send("waitForTimeout", None, {"waitTimeout": timeout})
  File "C:\Users\youre\Downloads\ticket_sync\.venv\Lib\site-packages\playwright\_impl\_connection.py", line 69, in send
    return await self._connection.wrap_api_call(
           ^^^^^^^^^^^^^^^^^^^^^^^^^^^^^^^^^^^^^
  File "C:\Users\youre\Downloads\ticket_sync\.venv\Lib\site-packages\playwright\_impl\_connection.py", line 563, in wrap_api_call
    raise rewrite_error(error, f"{parsed_st['apiName']}: {error}") from None
playwright._impl._errors.TargetClosedError: Page.wait_for_timeout: Target page, context or browser has been closed
2026-07-29 09:40:47 [WARNING] ticket_sync.crawler: 상세 보강 중 오류: Page.wait_for_timeout: Target page, context or browser has been closed
Traceback (most recent call last):
  File "C:\Users\youre\Downloads\ticket_sync\crawler.py", line 1131, in _collect_for_single_status
    filtered[i - 1] = enrich_ticket_from_detail_page(page, t, config, do_freshdesk)
                      ^^^^^^^^^^^^^^^^^^^^^^^^^^^^^^^^^^^^^^^^^^^^^^^^^^^^^^^^^^^^^
  File "C:\Users\youre\Downloads\ticket_sync\crawler.py", line 980, in enrich_ticket_from_detail_page
    if not _click_case_row_by_title(page, title, timeout_ms):
           ^^^^^^^^^^^^^^^^^^^^^^^^^^^^^^^^^^^^^^^^^^^^^^^^^
  File "C:\Users\youre\Downloads\ticket_sync\crawler.py", line 701, in _click_case_row_by_title
    link = _find_locator_in_frames(page, title, exact=True, timeout_ms=timeout_ms)
           ^^^^^^^^^^^^^^^^^^^^^^^^^^^^^^^^^^^^^^^^^^^^^^^^^^^^^^^^^^^^^^^^^^^^^^^
  File "C:\Users\youre\Downloads\ticket_sync\crawler.py", line 117, in _find_locator_in_frames
    _, loc = _find_in_frames_with_frame(page, text, exact=exact, timeout_ms=timeout_ms)
             ^^^^^^^^^^^^^^^^^^^^^^^^^^^^^^^^^^^^^^^^^^^^^^^^^^^^^^^^^^^^^^^^^^^^^^^^^^
  File "C:\Users\youre\Downloads\ticket_sync\crawler.py", line 112, in _find_in_frames_with_frame
    page.wait_for_timeout(300)
  File "C:\Users\youre\Downloads\ticket_sync\.venv\Lib\site-packages\playwright\sync_api\_generated.py", line 12529, in wait_for_timeout
    self._sync(
  File "C:\Users\youre\Downloads\ticket_sync\.venv\Lib\site-packages\playwright\_impl\_sync_base.py", line 115, in _sync
    return task.result()
           ^^^^^^^^^^^^^
  File "C:\Users\youre\Downloads\ticket_sync\.venv\Lib\site-packages\playwright\_impl\_page.py", line 1135, in wait_for_timeout
    await self._main_frame.wait_for_timeout(timeout)
  File "C:\Users\youre\Downloads\ticket_sync\.venv\Lib\site-packages\playwright\_impl\_frame.py", line 916, in wait_for_timeout
    await self._channel.send("waitForTimeout", None, {"waitTimeout": timeout})
  File "C:\Users\youre\Downloads\ticket_sync\.venv\Lib\site-packages\playwright\_impl\_connection.py", line 69, in send
    return await self._connection.wrap_api_call(
           ^^^^^^^^^^^^^^^^^^^^^^^^^^^^^^^^^^^^^
  File "C:\Users\youre\Downloads\ticket_sync\.venv\Lib\site-packages\playwright\_impl\_connection.py", line 563, in wrap_api_call
    raise rewrite_error(error, f"{parsed_st['apiName']}: {error}") from None
playwright._impl._errors.TargetClosedError: Page.wait_for_timeout: Target page, context or browser has been closed
2026-07-29 09:40:47 [WARNING] ticket_sync.crawler: 상세 보강 중 오류: Page.wait_for_timeout: Target page, context or browser has been closed
Traceback (most recent call last):
  File "C:\Users\youre\Downloads\ticket_sync\crawler.py", line 1131, in _collect_for_single_status
    filtered[i - 1] = enrich_ticket_from_detail_page(page, t, config, do_freshdesk)
                      ^^^^^^^^^^^^^^^^^^^^^^^^^^^^^^^^^^^^^^^^^^^^^^^^^^^^^^^^^^^^^
  File "C:\Users\youre\Downloads\ticket_sync\crawler.py", line 980, in enrich_ticket_from_detail_page
    if not _click_case_row_by_title(page, title, timeout_ms):
           ^^^^^^^^^^^^^^^^^^^^^^^^^^^^^^^^^^^^^^^^^^^^^^^^^
  File "C:\Users\youre\Downloads\ticket_sync\crawler.py", line 701, in _click_case_row_by_title
    link = _find_locator_in_frames(page, title, exact=True, timeout_ms=timeout_ms)
           ^^^^^^^^^^^^^^^^^^^^^^^^^^^^^^^^^^^^^^^^^^^^^^^^^^^^^^^^^^^^^^^^^^^^^^^
  File "C:\Users\youre\Downloads\ticket_sync\crawler.py", line 117, in _find_locator_in_frames
    _, loc = _find_in_frames_with_frame(page, text, exact=exact, timeout_ms=timeout_ms)
             ^^^^^^^^^^^^^^^^^^^^^^^^^^^^^^^^^^^^^^^^^^^^^^^^^^^^^^^^^^^^^^^^^^^^^^^^^^
  File "C:\Users\youre\Downloads\ticket_sync\crawler.py", line 112, in _find_in_frames_with_frame
    page.wait_for_timeout(300)
  File "C:\Users\youre\Downloads\ticket_sync\.venv\Lib\site-packages\playwright\sync_api\_generated.py", line 12529, in wait_for_timeout
    self._sync(
  File "C:\Users\youre\Downloads\ticket_sync\.venv\Lib\site-packages\playwright\_impl\_sync_base.py", line 115, in _sync
    return task.result()
           ^^^^^^^^^^^^^
  File "C:\Users\youre\Downloads\ticket_sync\.venv\Lib\site-packages\playwright\_impl\_page.py", line 1135, in wait_for_timeout
    await self._main_frame.wait_for_timeout(timeout)
  File "C:\Users\youre\Downloads\ticket_sync\.venv\Lib\site-packages\playwright\_impl\_frame.py", line 916, in wait_for_timeout
    await self._channel.send("waitForTimeout", None, {"waitTimeout": timeout})
  File "C:\Users\youre\Downloads\ticket_sync\.venv\Lib\site-packages\playwright\_impl\_connection.py", line 69, in send
    return await self._connection.wrap_api_call(
           ^^^^^^^^^^^^^^^^^^^^^^^^^^^^^^^^^^^^^
  File "C:\Users\youre\Downloads\ticket_sync\.venv\Lib\site-packages\playwright\_impl\_connection.py", line 563, in wrap_api_call
    raise rewrite_error(error, f"{parsed_st['apiName']}: {error}") from None
playwright._impl._errors.TargetClosedError: Page.wait_for_timeout: Target page, context or browser has been closed
2026-07-29 09:40:47 [WARNING] ticket_sync.crawler: 상세 보강 중 오류: Page.wait_for_timeout: Target page, context or browser has been closed
Traceback (most recent call last):
  File "C:\Users\youre\Downloads\ticket_sync\crawler.py", line 1131, in _collect_for_single_status
    filtered[i - 1] = enrich_ticket_from_detail_page(page, t, config, do_freshdesk)
                      ^^^^^^^^^^^^^^^^^^^^^^^^^^^^^^^^^^^^^^^^^^^^^^^^^^^^^^^^^^^^^
  File "C:\Users\youre\Downloads\ticket_sync\crawler.py", line 980, in enrich_ticket_from_detail_page
    if not _click_case_row_by_title(page, title, timeout_ms):
           ^^^^^^^^^^^^^^^^^^^^^^^^^^^^^^^^^^^^^^^^^^^^^^^^^
  File "C:\Users\youre\Downloads\ticket_sync\crawler.py", line 701, in _click_case_row_by_title
    link = _find_locator_in_frames(page, title, exact=True, timeout_ms=timeout_ms)
           ^^^^^^^^^^^^^^^^^^^^^^^^^^^^^^^^^^^^^^^^^^^^^^^^^^^^^^^^^^^^^^^^^^^^^^^
  File "C:\Users\youre\Downloads\ticket_sync\crawler.py", line 117, in _find_locator_in_frames
    _, loc = _find_in_frames_with_frame(page, text, exact=exact, timeout_ms=timeout_ms)
             ^^^^^^^^^^^^^^^^^^^^^^^^^^^^^^^^^^^^^^^^^^^^^^^^^^^^^^^^^^^^^^^^^^^^^^^^^^
  File "C:\Users\youre\Downloads\ticket_sync\crawler.py", line 112, in _find_in_frames_with_frame
    page.wait_for_timeout(300)
  File "C:\Users\youre\Downloads\ticket_sync\.venv\Lib\site-packages\playwright\sync_api\_generated.py", line 12529, in wait_for_timeout
    self._sync(
  File "C:\Users\youre\Downloads\ticket_sync\.venv\Lib\site-packages\playwright\_impl\_sync_base.py", line 115, in _sync
    return task.result()
           ^^^^^^^^^^^^^
  File "C:\Users\youre\Downloads\ticket_sync\.venv\Lib\site-packages\playwright\_impl\_page.py", line 1135, in wait_for_timeout
    await self._main_frame.wait_for_timeout(timeout)
  File "C:\Users\youre\Downloads\ticket_sync\.venv\Lib\site-packages\playwright\_impl\_frame.py", line 916, in wait_for_timeout
    await self._channel.send("waitForTimeout", None, {"waitTimeout": timeout})
  File "C:\Users\youre\Downloads\ticket_sync\.venv\Lib\site-packages\playwright\_impl\_connection.py", line 69, in send
    return await self._connection.wrap_api_call(
           ^^^^^^^^^^^^^^^^^^^^^^^^^^^^^^^^^^^^^
  File "C:\Users\youre\Downloads\ticket_sync\.venv\Lib\site-packages\playwright\_impl\_connection.py", line 563, in wrap_api_call
    raise rewrite_error(error, f"{parsed_st['apiName']}: {error}") from None
playwright._impl._errors.TargetClosedError: Page.wait_for_timeout: Target page, context or browser has been closed
2026-07-29 09:40:47 [WARNING] ticket_sync.crawler: 상세 보강 중 오류: Page.wait_for_timeout: Target page, context or browser has been closed
Traceback (most recent call last):
  File "C:\Users\youre\Downloads\ticket_sync\crawler.py", line 1131, in _collect_for_single_status
    filtered[i - 1] = enrich_ticket_from_detail_page(page, t, config, do_freshdesk)
                      ^^^^^^^^^^^^^^^^^^^^^^^^^^^^^^^^^^^^^^^^^^^^^^^^^^^^^^^^^^^^^
  File "C:\Users\youre\Downloads\ticket_sync\crawler.py", line 980, in enrich_ticket_from_detail_page
    if not _click_case_row_by_title(page, title, timeout_ms):
           ^^^^^^^^^^^^^^^^^^^^^^^^^^^^^^^^^^^^^^^^^^^^^^^^^
  File "C:\Users\youre\Downloads\ticket_sync\crawler.py", line 701, in _click_case_row_by_title
    link = _find_locator_in_frames(page, title, exact=True, timeout_ms=timeout_ms)
           ^^^^^^^^^^^^^^^^^^^^^^^^^^^^^^^^^^^^^^^^^^^^^^^^^^^^^^^^^^^^^^^^^^^^^^^
  File "C:\Users\youre\Downloads\ticket_sync\crawler.py", line 117, in _find_locator_in_frames
    _, loc = _find_in_frames_with_frame(page, text, exact=exact, timeout_ms=timeout_ms)
             ^^^^^^^^^^^^^^^^^^^^^^^^^^^^^^^^^^^^^^^^^^^^^^^^^^^^^^^^^^^^^^^^^^^^^^^^^^
  File "C:\Users\youre\Downloads\ticket_sync\crawler.py", line 112, in _find_in_frames_with_frame
    page.wait_for_timeout(300)
  File "C:\Users\youre\Downloads\ticket_sync\.venv\Lib\site-packages\playwright\sync_api\_generated.py", line 12529, in wait_for_timeout
    self._sync(
  File "C:\Users\youre\Downloads\ticket_sync\.venv\Lib\site-packages\playwright\_impl\_sync_base.py", line 115, in _sync
    return task.result()
           ^^^^^^^^^^^^^
  File "C:\Users\youre\Downloads\ticket_sync\.venv\Lib\site-packages\playwright\_impl\_page.py", line 1135, in wait_for_timeout
    await self._main_frame.wait_for_timeout(timeout)
  File "C:\Users\youre\Downloads\ticket_sync\.venv\Lib\site-packages\playwright\_impl\_frame.py", line 916, in wait_for_timeout
    await self._channel.send("waitForTimeout", None, {"waitTimeout": timeout})
  File "C:\Users\youre\Downloads\ticket_sync\.venv\Lib\site-packages\playwright\_impl\_connection.py", line 69, in send
    return await self._connection.wrap_api_call(
           ^^^^^^^^^^^^^^^^^^^^^^^^^^^^^^^^^^^^^
  File "C:\Users\youre\Downloads\ticket_sync\.venv\Lib\site-packages\playwright\_impl\_connection.py", line 563, in wrap_api_call
    raise rewrite_error(error, f"{parsed_st['apiName']}: {error}") from None
playwright._impl._errors.TargetClosedError: Page.wait_for_timeout: Target page, context or browser has been closed
2026-07-29 09:40:47 [WARNING] ticket_sync.crawler: 상세 보강 중 오류: Page.wait_for_timeout: Target page, context or browser has been closed
Traceback (most recent call last):
  File "C:\Users\youre\Downloads\ticket_sync\crawler.py", line 1131, in _collect_for_single_status
    filtered[i - 1] = enrich_ticket_from_detail_page(page, t, config, do_freshdesk)
                      ^^^^^^^^^^^^^^^^^^^^^^^^^^^^^^^^^^^^^^^^^^^^^^^^^^^^^^^^^^^^^
  File "C:\Users\youre\Downloads\ticket_sync\crawler.py", line 980, in enrich_ticket_from_detail_page
    if not _click_case_row_by_title(page, title, timeout_ms):
           ^^^^^^^^^^^^^^^^^^^^^^^^^^^^^^^^^^^^^^^^^^^^^^^^^
  File "C:\Users\youre\Downloads\ticket_sync\crawler.py", line 701, in _click_case_row_by_title
    link = _find_locator_in_frames(page, title, exact=True, timeout_ms=timeout_ms)
           ^^^^^^^^^^^^^^^^^^^^^^^^^^^^^^^^^^^^^^^^^^^^^^^^^^^^^^^^^^^^^^^^^^^^^^^
  File "C:\Users\youre\Downloads\ticket_sync\crawler.py", line 117, in _find_locator_in_frames
    _, loc = _find_in_frames_with_frame(page, text, exact=exact, timeout_ms=timeout_ms)
             ^^^^^^^^^^^^^^^^^^^^^^^^^^^^^^^^^^^^^^^^^^^^^^^^^^^^^^^^^^^^^^^^^^^^^^^^^^
  File "C:\Users\youre\Downloads\ticket_sync\crawler.py", line 112, in _find_in_frames_with_frame
    page.wait_for_timeout(300)
  File "C:\Users\youre\Downloads\ticket_sync\.venv\Lib\site-packages\playwright\sync_api\_generated.py", line 12529, in wait_for_timeout
    self._sync(
  File "C:\Users\youre\Downloads\ticket_sync\.venv\Lib\site-packages\playwright\_impl\_sync_base.py", line 115, in _sync
    return task.result()
           ^^^^^^^^^^^^^
  File "C:\Users\youre\Downloads\ticket_sync\.venv\Lib\site-packages\playwright\_impl\_page.py", line 1135, in wait_for_timeout
    await self._main_frame.wait_for_timeout(timeout)
  File "C:\Users\youre\Downloads\ticket_sync\.venv\Lib\site-packages\playwright\_impl\_frame.py", line 916, in wait_for_timeout
    await self._channel.send("waitForTimeout", None, {"waitTimeout": timeout})
  File "C:\Users\youre\Downloads\ticket_sync\.venv\Lib\site-packages\playwright\_impl\_connection.py", line 69, in send
    return await self._connection.wrap_api_call(
           ^^^^^^^^^^^^^^^^^^^^^^^^^^^^^^^^^^^^^
  File "C:\Users\youre\Downloads\ticket_sync\.venv\Lib\site-packages\playwright\_impl\_connection.py", line 563, in wrap_api_call
    raise rewrite_error(error, f"{parsed_st['apiName']}: {error}") from None
playwright._impl._errors.TargetClosedError: Page.wait_for_timeout: Target page, context or browser has been closed
2026-07-29 09:40:47 [WARNING] ticket_sync.crawler: 상세 보강 중 오류: Page.wait_for_timeout: Target page, context or browser has been closed
Traceback (most recent call last):
  File "C:\Users\youre\Downloads\ticket_sync\crawler.py", line 1131, in _collect_for_single_status
    filtered[i - 1] = enrich_ticket_from_detail_page(page, t, config, do_freshdesk)
                      ^^^^^^^^^^^^^^^^^^^^^^^^^^^^^^^^^^^^^^^^^^^^^^^^^^^^^^^^^^^^^
  File "C:\Users\youre\Downloads\ticket_sync\crawler.py", line 980, in enrich_ticket_from_detail_page
    if not _click_case_row_by_title(page, title, timeout_ms):
           ^^^^^^^^^^^^^^^^^^^^^^^^^^^^^^^^^^^^^^^^^^^^^^^^^
  File "C:\Users\youre\Downloads\ticket_sync\crawler.py", line 701, in _click_case_row_by_title
    link = _find_locator_in_frames(page, title, exact=True, timeout_ms=timeout_ms)
           ^^^^^^^^^^^^^^^^^^^^^^^^^^^^^^^^^^^^^^^^^^^^^^^^^^^^^^^^^^^^^^^^^^^^^^^
  File "C:\Users\youre\Downloads\ticket_sync\crawler.py", line 117, in _find_locator_in_frames
    _, loc = _find_in_frames_with_frame(page, text, exact=exact, timeout_ms=timeout_ms)
             ^^^^^^^^^^^^^^^^^^^^^^^^^^^^^^^^^^^^^^^^^^^^^^^^^^^^^^^^^^^^^^^^^^^^^^^^^^
  File "C:\Users\youre\Downloads\ticket_sync\crawler.py", line 112, in _find_in_frames_with_frame
    page.wait_for_timeout(300)
  File "C:\Users\youre\Downloads\ticket_sync\.venv\Lib\site-packages\playwright\sync_api\_generated.py", line 12529, in wait_for_timeout
    self._sync(
  File "C:\Users\youre\Downloads\ticket_sync\.venv\Lib\site-packages\playwright\_impl\_sync_base.py", line 115, in _sync
    return task.result()
           ^^^^^^^^^^^^^
  File "C:\Users\youre\Downloads\ticket_sync\.venv\Lib\site-packages\playwright\_impl\_page.py", line 1135, in wait_for_timeout
    await self._main_frame.wait_for_timeout(timeout)
  File "C:\Users\youre\Downloads\ticket_sync\.venv\Lib\site-packages\playwright\_impl\_frame.py", line 916, in wait_for_timeout
    await self._channel.send("waitForTimeout", None, {"waitTimeout": timeout})
  File "C:\Users\youre\Downloads\ticket_sync\.venv\Lib\site-packages\playwright\_impl\_connection.py", line 69, in send
    return await self._connection.wrap_api_call(
           ^^^^^^^^^^^^^^^^^^^^^^^^^^^^^^^^^^^^^
  File "C:\Users\youre\Downloads\ticket_sync\.venv\Lib\site-packages\playwright\_impl\_connection.py", line 563, in wrap_api_call
    raise rewrite_error(error, f"{parsed_st['apiName']}: {error}") from None
playwright._impl._errors.TargetClosedError: Page.wait_for_timeout: Target page, context or browser has been closed
2026-07-29 09:40:47 [WARNING] ticket_sync.crawler: 상세 보강 중 오류: Page.wait_for_timeout: Target page, context or browser has been closed
Traceback (most recent call last):
  File "C:\Users\youre\Downloads\ticket_sync\crawler.py", line 1131, in _collect_for_single_status
    filtered[i - 1] = enrich_ticket_from_detail_page(page, t, config, do_freshdesk)
                      ^^^^^^^^^^^^^^^^^^^^^^^^^^^^^^^^^^^^^^^^^^^^^^^^^^^^^^^^^^^^^
  File "C:\Users\youre\Downloads\ticket_sync\crawler.py", line 980, in enrich_ticket_from_detail_page
    if not _click_case_row_by_title(page, title, timeout_ms):
           ^^^^^^^^^^^^^^^^^^^^^^^^^^^^^^^^^^^^^^^^^^^^^^^^^
  File "C:\Users\youre\Downloads\ticket_sync\crawler.py", line 701, in _click_case_row_by_title
    link = _find_locator_in_frames(page, title, exact=True, timeout_ms=timeout_ms)
           ^^^^^^^^^^^^^^^^^^^^^^^^^^^^^^^^^^^^^^^^^^^^^^^^^^^^^^^^^^^^^^^^^^^^^^^
  File "C:\Users\youre\Downloads\ticket_sync\crawler.py", line 117, in _find_locator_in_frames
    _, loc = _find_in_frames_with_frame(page, text, exact=exact, timeout_ms=timeout_ms)
             ^^^^^^^^^^^^^^^^^^^^^^^^^^^^^^^^^^^^^^^^^^^^^^^^^^^^^^^^^^^^^^^^^^^^^^^^^^
  File "C:\Users\youre\Downloads\ticket_sync\crawler.py", line 112, in _find_in_frames_with_frame
    page.wait_for_timeout(300)
  File "C:\Users\youre\Downloads\ticket_sync\.venv\Lib\site-packages\playwright\sync_api\_generated.py", line 12529, in wait_for_timeout
    self._sync(
  File "C:\Users\youre\Downloads\ticket_sync\.venv\Lib\site-packages\playwright\_impl\_sync_base.py", line 115, in _sync
    return task.result()
           ^^^^^^^^^^^^^
  File "C:\Users\youre\Downloads\ticket_sync\.venv\Lib\site-packages\playwright\_impl\_page.py", line 1135, in wait_for_timeout
    await self._main_frame.wait_for_timeout(timeout)
  File "C:\Users\youre\Downloads\ticket_sync\.venv\Lib\site-packages\playwright\_impl\_frame.py", line 916, in wait_for_timeout
    await self._channel.send("waitForTimeout", None, {"waitTimeout": timeout})
  File "C:\Users\youre\Downloads\ticket_sync\.venv\Lib\site-packages\playwright\_impl\_connection.py", line 69, in send
    return await self._connection.wrap_api_call(
           ^^^^^^^^^^^^^^^^^^^^^^^^^^^^^^^^^^^^^
  File "C:\Users\youre\Downloads\ticket_sync\.venv\Lib\site-packages\playwright\_impl\_connection.py", line 563, in wrap_api_call
    raise rewrite_error(error, f"{parsed_st['apiName']}: {error}") from None
playwright._impl._errors.TargetClosedError: Page.wait_for_timeout: Target page, context or browser has been closed
2026-07-29 09:40:47 [WARNING] ticket_sync.crawler: 상세 보강 중 오류: Page.wait_for_timeout: Target page, context or browser has been closed
Traceback (most recent call last):
  File "C:\Users\youre\Downloads\ticket_sync\crawler.py", line 1131, in _collect_for_single_status
    filtered[i - 1] = enrich_ticket_from_detail_page(page, t, config, do_freshdesk)
                      ^^^^^^^^^^^^^^^^^^^^^^^^^^^^^^^^^^^^^^^^^^^^^^^^^^^^^^^^^^^^^
  File "C:\Users\youre\Downloads\ticket_sync\crawler.py", line 980, in enrich_ticket_from_detail_page
    if not _click_case_row_by_title(page, title, timeout_ms):
           ^^^^^^^^^^^^^^^^^^^^^^^^^^^^^^^^^^^^^^^^^^^^^^^^^
  File "C:\Users\youre\Downloads\ticket_sync\crawler.py", line 701, in _click_case_row_by_title
    link = _find_locator_in_frames(page, title, exact=True, timeout_ms=timeout_ms)
           ^^^^^^^^^^^^^^^^^^^^^^^^^^^^^^^^^^^^^^^^^^^^^^^^^^^^^^^^^^^^^^^^^^^^^^^
  File "C:\Users\youre\Downloads\ticket_sync\crawler.py", line 117, in _find_locator_in_frames
    _, loc = _find_in_frames_with_frame(page, text, exact=exact, timeout_ms=timeout_ms)
             ^^^^^^^^^^^^^^^^^^^^^^^^^^^^^^^^^^^^^^^^^^^^^^^^^^^^^^^^^^^^^^^^^^^^^^^^^^
  File "C:\Users\youre\Downloads\ticket_sync\crawler.py", line 112, in _find_in_frames_with_frame
    page.wait_for_timeout(300)
  File "C:\Users\youre\Downloads\ticket_sync\.venv\Lib\site-packages\playwright\sync_api\_generated.py", line 12529, in wait_for_timeout
    self._sync(
  File "C:\Users\youre\Downloads\ticket_sync\.venv\Lib\site-packages\playwright\_impl\_sync_base.py", line 115, in _sync
    return task.result()
           ^^^^^^^^^^^^^
  File "C:\Users\youre\Downloads\ticket_sync\.venv\Lib\site-packages\playwright\_impl\_page.py", line 1135, in wait_for_timeout
    await self._main_frame.wait_for_timeout(timeout)
  File "C:\Users\youre\Downloads\ticket_sync\.venv\Lib\site-packages\playwright\_impl\_frame.py", line 916, in wait_for_timeout
    await self._channel.send("waitForTimeout", None, {"waitTimeout": timeout})
  File "C:\Users\youre\Downloads\ticket_sync\.venv\Lib\site-packages\playwright\_impl\_connection.py", line 69, in send
    return await self._connection.wrap_api_call(
           ^^^^^^^^^^^^^^^^^^^^^^^^^^^^^^^^^^^^^
  File "C:\Users\youre\Downloads\ticket_sync\.venv\Lib\site-packages\playwright\_impl\_connection.py", line 563, in wrap_api_call
    raise rewrite_error(error, f"{parsed_st['apiName']}: {error}") from None
playwright._impl._errors.TargetClosedError: Page.wait_for_timeout: Target page, context or browser has been closed
2026-07-29 09:40:47 [WARNING] ticket_sync.crawler: 상세 보강 중 오류: Page.wait_for_timeout: Target page, context or browser has been closed
Traceback (most recent call last):
  File "C:\Users\youre\Downloads\ticket_sync\crawler.py", line 1131, in _collect_for_single_status
    filtered[i - 1] = enrich_ticket_from_detail_page(page, t, config, do_freshdesk)
                      ^^^^^^^^^^^^^^^^^^^^^^^^^^^^^^^^^^^^^^^^^^^^^^^^^^^^^^^^^^^^^
  File "C:\Users\youre\Downloads\ticket_sync\crawler.py", line 980, in enrich_ticket_from_detail_page
    if not _click_case_row_by_title(page, title, timeout_ms):
           ^^^^^^^^^^^^^^^^^^^^^^^^^^^^^^^^^^^^^^^^^^^^^^^^^
  File "C:\Users\youre\Downloads\ticket_sync\crawler.py", line 701, in _click_case_row_by_title
    link = _find_locator_in_frames(page, title, exact=True, timeout_ms=timeout_ms)
           ^^^^^^^^^^^^^^^^^^^^^^^^^^^^^^^^^^^^^^^^^^^^^^^^^^^^^^^^^^^^^^^^^^^^^^^
  File "C:\Users\youre\Downloads\ticket_sync\crawler.py", line 117, in _find_locator_in_frames
    _, loc = _find_in_frames_with_frame(page, text, exact=exact, timeout_ms=timeout_ms)
             ^^^^^^^^^^^^^^^^^^^^^^^^^^^^^^^^^^^^^^^^^^^^^^^^^^^^^^^^^^^^^^^^^^^^^^^^^^
  File "C:\Users\youre\Downloads\ticket_sync\crawler.py", line 112, in _find_in_frames_with_frame
    page.wait_for_timeout(300)
  File "C:\Users\youre\Downloads\ticket_sync\.venv\Lib\site-packages\playwright\sync_api\_generated.py", line 12529, in wait_for_timeout
    self._sync(
  File "C:\Users\youre\Downloads\ticket_sync\.venv\Lib\site-packages\playwright\_impl\_sync_base.py", line 115, in _sync
    return task.result()
           ^^^^^^^^^^^^^
  File "C:\Users\youre\Downloads\ticket_sync\.venv\Lib\site-packages\playwright\_impl\_page.py", line 1135, in wait_for_timeout
    await self._main_frame.wait_for_timeout(timeout)
  File "C:\Users\youre\Downloads\ticket_sync\.venv\Lib\site-packages\playwright\_impl\_frame.py", line 916, in wait_for_timeout
    await self._channel.send("waitForTimeout", None, {"waitTimeout": timeout})
  File "C:\Users\youre\Downloads\ticket_sync\.venv\Lib\site-packages\playwright\_impl\_connection.py", line 69, in send
    return await self._connection.wrap_api_call(
           ^^^^^^^^^^^^^^^^^^^^^^^^^^^^^^^^^^^^^
  File "C:\Users\youre\Downloads\ticket_sync\.venv\Lib\site-packages\playwright\_impl\_connection.py", line 563, in wrap_api_call
    raise rewrite_error(error, f"{parsed_st['apiName']}: {error}") from None
playwright._impl._errors.TargetClosedError: Page.wait_for_timeout: Target page, context or browser has been closed
2026-07-29 09:40:47 [WARNING] ticket_sync.crawler: 상세 보강 중 오류: Page.wait_for_timeout: Target page, context or browser has been closed
Traceback (most recent call last):
  File "C:\Users\youre\Downloads\ticket_sync\crawler.py", line 1131, in _collect_for_single_status
    filtered[i - 1] = enrich_ticket_from_detail_page(page, t, config, do_freshdesk)
                      ^^^^^^^^^^^^^^^^^^^^^^^^^^^^^^^^^^^^^^^^^^^^^^^^^^^^^^^^^^^^^
  File "C:\Users\youre\Downloads\ticket_sync\crawler.py", line 980, in enrich_ticket_from_detail_page
    if not _click_case_row_by_title(page, title, timeout_ms):
           ^^^^^^^^^^^^^^^^^^^^^^^^^^^^^^^^^^^^^^^^^^^^^^^^^
  File "C:\Users\youre\Downloads\ticket_sync\crawler.py", line 701, in _click_case_row_by_title
    link = _find_locator_in_frames(page, title, exact=True, timeout_ms=timeout_ms)
           ^^^^^^^^^^^^^^^^^^^^^^^^^^^^^^^^^^^^^^^^^^^^^^^^^^^^^^^^^^^^^^^^^^^^^^^
  File "C:\Users\youre\Downloads\ticket_sync\crawler.py", line 117, in _find_locator_in_frames
    _, loc = _find_in_frames_with_frame(page, text, exact=exact, timeout_ms=timeout_ms)
             ^^^^^^^^^^^^^^^^^^^^^^^^^^^^^^^^^^^^^^^^^^^^^^^^^^^^^^^^^^^^^^^^^^^^^^^^^^
  File "C:\Users\youre\Downloads\ticket_sync\crawler.py", line 112, in _find_in_frames_with_frame
    page.wait_for_timeout(300)
  File "C:\Users\youre\Downloads\ticket_sync\.venv\Lib\site-packages\playwright\sync_api\_generated.py", line 12529, in wait_for_timeout
    self._sync(
  File "C:\Users\youre\Downloads\ticket_sync\.venv\Lib\site-packages\playwright\_impl\_sync_base.py", line 115, in _sync
    return task.result()
           ^^^^^^^^^^^^^
  File "C:\Users\youre\Downloads\ticket_sync\.venv\Lib\site-packages\playwright\_impl\_page.py", line 1135, in wait_for_timeout
    await self._main_frame.wait_for_timeout(timeout)
  File "C:\Users\youre\Downloads\ticket_sync\.venv\Lib\site-packages\playwright\_impl\_frame.py", line 916, in wait_for_timeout
    await self._channel.send("waitForTimeout", None, {"waitTimeout": timeout})
  File "C:\Users\youre\Downloads\ticket_sync\.venv\Lib\site-packages\playwright\_impl\_connection.py", line 69, in send
    return await self._connection.wrap_api_call(
           ^^^^^^^^^^^^^^^^^^^^^^^^^^^^^^^^^^^^^
  File "C:\Users\youre\Downloads\ticket_sync\.venv\Lib\site-packages\playwright\_impl\_connection.py", line 563, in wrap_api_call
    raise rewrite_error(error, f"{parsed_st['apiName']}: {error}") from None
playwright._impl._errors.TargetClosedError: Page.wait_for_timeout: Target page, context or browser has been closed
2026-07-29 09:40:47 [WARNING] ticket_sync.crawler: 상세 보강 중 오류: Page.wait_for_timeout: Target page, context or browser has been closed
Traceback (most recent call last):
  File "C:\Users\youre\Downloads\ticket_sync\crawler.py", line 1131, in _collect_for_single_status
    filtered[i - 1] = enrich_ticket_from_detail_page(page, t, config, do_freshdesk)
                      ^^^^^^^^^^^^^^^^^^^^^^^^^^^^^^^^^^^^^^^^^^^^^^^^^^^^^^^^^^^^^
  File "C:\Users\youre\Downloads\ticket_sync\crawler.py", line 980, in enrich_ticket_from_detail_page
    if not _click_case_row_by_title(page, title, timeout_ms):
           ^^^^^^^^^^^^^^^^^^^^^^^^^^^^^^^^^^^^^^^^^^^^^^^^^
  File "C:\Users\youre\Downloads\ticket_sync\crawler.py", line 701, in _click_case_row_by_title
    link = _find_locator_in_frames(page, title, exact=True, timeout_ms=timeout_ms)
           ^^^^^^^^^^^^^^^^^^^^^^^^^^^^^^^^^^^^^^^^^^^^^^^^^^^^^^^^^^^^^^^^^^^^^^^
  File "C:\Users\youre\Downloads\ticket_sync\crawler.py", line 117, in _find_locator_in_frames
    _, loc = _find_in_frames_with_frame(page, text, exact=exact, timeout_ms=timeout_ms)
             ^^^^^^^^^^^^^^^^^^^^^^^^^^^^^^^^^^^^^^^^^^^^^^^^^^^^^^^^^^^^^^^^^^^^^^^^^^
  File "C:\Users\youre\Downloads\ticket_sync\crawler.py", line 112, in _find_in_frames_with_frame
    page.wait_for_timeout(300)
  File "C:\Users\youre\Downloads\ticket_sync\.venv\Lib\site-packages\playwright\sync_api\_generated.py", line 12529, in wait_for_timeout
    self._sync(
  File "C:\Users\youre\Downloads\ticket_sync\.venv\Lib\site-packages\playwright\_impl\_sync_base.py", line 115, in _sync
    return task.result()
           ^^^^^^^^^^^^^
  File "C:\Users\youre\Downloads\ticket_sync\.venv\Lib\site-packages\playwright\_impl\_page.py", line 1135, in wait_for_timeout
    await self._main_frame.wait_for_timeout(timeout)
  File "C:\Users\youre\Downloads\ticket_sync\.venv\Lib\site-packages\playwright\_impl\_frame.py", line 916, in wait_for_timeout
    await self._channel.send("waitForTimeout", None, {"waitTimeout": timeout})
  File "C:\Users\youre\Downloads\ticket_sync\.venv\Lib\site-packages\playwright\_impl\_connection.py", line 69, in send
    return await self._connection.wrap_api_call(
           ^^^^^^^^^^^^^^^^^^^^^^^^^^^^^^^^^^^^^
  File "C:\Users\youre\Downloads\ticket_sync\.venv\Lib\site-packages\playwright\_impl\_connection.py", line 563, in wrap_api_call
    raise rewrite_error(error, f"{parsed_st['apiName']}: {error}") from None
playwright._impl._errors.TargetClosedError: Page.wait_for_timeout: Target page, context or browser has been closed
2026-07-29 09:40:47 [WARNING] ticket_sync.crawler: 상세 보강 중 오류: Page.wait_for_timeout: Target page, context or browser has been closed
Traceback (most recent call last):
  File "C:\Users\youre\Downloads\ticket_sync\crawler.py", line 1131, in _collect_for_single_status
    filtered[i - 1] = enrich_ticket_from_detail_page(page, t, config, do_freshdesk)
                      ^^^^^^^^^^^^^^^^^^^^^^^^^^^^^^^^^^^^^^^^^^^^^^^^^^^^^^^^^^^^^
  File "C:\Users\youre\Downloads\ticket_sync\crawler.py", line 980, in enrich_ticket_from_detail_page
    if not _click_case_row_by_title(page, title, timeout_ms):
           ^^^^^^^^^^^^^^^^^^^^^^^^^^^^^^^^^^^^^^^^^^^^^^^^^
  File "C:\Users\youre\Downloads\ticket_sync\crawler.py", line 701, in _click_case_row_by_title
    link = _find_locator_in_frames(page, title, exact=True, timeout_ms=timeout_ms)
           ^^^^^^^^^^^^^^^^^^^^^^^^^^^^^^^^^^^^^^^^^^^^^^^^^^^^^^^^^^^^^^^^^^^^^^^
  File "C:\Users\youre\Downloads\ticket_sync\crawler.py", line 117, in _find_locator_in_frames
    _, loc = _find_in_frames_with_frame(page, text, exact=exact, timeout_ms=timeout_ms)
             ^^^^^^^^^^^^^^^^^^^^^^^^^^^^^^^^^^^^^^^^^^^^^^^^^^^^^^^^^^^^^^^^^^^^^^^^^^
  File "C:\Users\youre\Downloads\ticket_sync\crawler.py", line 112, in _find_in_frames_with_frame
    page.wait_for_timeout(300)
  File "C:\Users\youre\Downloads\ticket_sync\.venv\Lib\site-packages\playwright\sync_api\_generated.py", line 12529, in wait_for_timeout
    self._sync(
  File "C:\Users\youre\Downloads\ticket_sync\.venv\Lib\site-packages\playwright\_impl\_sync_base.py", line 115, in _sync
    return task.result()
           ^^^^^^^^^^^^^
  File "C:\Users\youre\Downloads\ticket_sync\.venv\Lib\site-packages\playwright\_impl\_page.py", line 1135, in wait_for_timeout
    await self._main_frame.wait_for_timeout(timeout)
  File "C:\Users\youre\Downloads\ticket_sync\.venv\Lib\site-packages\playwright\_impl\_frame.py", line 916, in wait_for_timeout
    await self._channel.send("waitForTimeout", None, {"waitTimeout": timeout})
  File "C:\Users\youre\Downloads\ticket_sync\.venv\Lib\site-packages\playwright\_impl\_connection.py", line 69, in send
    return await self._connection.wrap_api_call(
           ^^^^^^^^^^^^^^^^^^^^^^^^^^^^^^^^^^^^^
  File "C:\Users\youre\Downloads\ticket_sync\.venv\Lib\site-packages\playwright\_impl\_connection.py", line 563, in wrap_api_call
    raise rewrite_error(error, f"{parsed_st['apiName']}: {error}") from None
playwright._impl._errors.TargetClosedError: Page.wait_for_timeout: Target page, context or browser has been closed
2026-07-29 09:40:47 [WARNING] ticket_sync.crawler: 상세 보강 중 오류: Page.wait_for_timeout: Target page, context or browser has been closed
Traceback (most recent call last):
  File "C:\Users\youre\Downloads\ticket_sync\crawler.py", line 1131, in _collect_for_single_status
    filtered[i - 1] = enrich_ticket_from_detail_page(page, t, config, do_freshdesk)
                      ^^^^^^^^^^^^^^^^^^^^^^^^^^^^^^^^^^^^^^^^^^^^^^^^^^^^^^^^^^^^^
  File "C:\Users\youre\Downloads\ticket_sync\crawler.py", line 980, in enrich_ticket_from_detail_page
    if not _click_case_row_by_title(page, title, timeout_ms):
           ^^^^^^^^^^^^^^^^^^^^^^^^^^^^^^^^^^^^^^^^^^^^^^^^^
  File "C:\Users\youre\Downloads\ticket_sync\crawler.py", line 701, in _click_case_row_by_title
    link = _find_locator_in_frames(page, title, exact=True, timeout_ms=timeout_ms)
           ^^^^^^^^^^^^^^^^^^^^^^^^^^^^^^^^^^^^^^^^^^^^^^^^^^^^^^^^^^^^^^^^^^^^^^^
  File "C:\Users\youre\Downloads\ticket_sync\crawler.py", line 117, in _find_locator_in_frames
    _, loc = _find_in_frames_with_frame(page, text, exact=exact, timeout_ms=timeout_ms)
             ^^^^^^^^^^^^^^^^^^^^^^^^^^^^^^^^^^^^^^^^^^^^^^^^^^^^^^^^^^^^^^^^^^^^^^^^^^
  File "C:\Users\youre\Downloads\ticket_sync\crawler.py", line 112, in _find_in_frames_with_frame
    page.wait_for_timeout(300)
  File "C:\Users\youre\Downloads\ticket_sync\.venv\Lib\site-packages\playwright\sync_api\_generated.py", line 12529, in wait_for_timeout
    self._sync(
  File "C:\Users\youre\Downloads\ticket_sync\.venv\Lib\site-packages\playwright\_impl\_sync_base.py", line 115, in _sync
    return task.result()
           ^^^^^^^^^^^^^
  File "C:\Users\youre\Downloads\ticket_sync\.venv\Lib\site-packages\playwright\_impl\_page.py", line 1135, in wait_for_timeout
    await self._main_frame.wait_for_timeout(timeout)
  File "C:\Users\youre\Downloads\ticket_sync\.venv\Lib\site-packages\playwright\_impl\_frame.py", line 916, in wait_for_timeout
    await self._channel.send("waitForTimeout", None, {"waitTimeout": timeout})
  File "C:\Users\youre\Downloads\ticket_sync\.venv\Lib\site-packages\playwright\_impl\_connection.py", line 69, in send
    return await self._connection.wrap_api_call(
           ^^^^^^^^^^^^^^^^^^^^^^^^^^^^^^^^^^^^^
  File "C:\Users\youre\Downloads\ticket_sync\.venv\Lib\site-packages\playwright\_impl\_connection.py", line 563, in wrap_api_call
    raise rewrite_error(error, f"{parsed_st['apiName']}: {error}") from None
playwright._impl._errors.TargetClosedError: Page.wait_for_timeout: Target page, context or browser has been closed
2026-07-29 09:40:47 [WARNING] ticket_sync.crawler: 상세 보강 중 오류: Page.wait_for_timeout: Target page, context or browser has been closed
Traceback (most recent call last):
  File "C:\Users\youre\Downloads\ticket_sync\crawler.py", line 1131, in _collect_for_single_status
    filtered[i - 1] = enrich_ticket_from_detail_page(page, t, config, do_freshdesk)
                      ^^^^^^^^^^^^^^^^^^^^^^^^^^^^^^^^^^^^^^^^^^^^^^^^^^^^^^^^^^^^^
  File "C:\Users\youre\Downloads\ticket_sync\crawler.py", line 980, in enrich_ticket_from_detail_page
    if not _click_case_row_by_title(page, title, timeout_ms):
           ^^^^^^^^^^^^^^^^^^^^^^^^^^^^^^^^^^^^^^^^^^^^^^^^^
  File "C:\Users\youre\Downloads\ticket_sync\crawler.py", line 701, in _click_case_row_by_title
    link = _find_locator_in_frames(page, title, exact=True, timeout_ms=timeout_ms)
           ^^^^^^^^^^^^^^^^^^^^^^^^^^^^^^^^^^^^^^^^^^^^^^^^^^^^^^^^^^^^^^^^^^^^^^^
  File "C:\Users\youre\Downloads\ticket_sync\crawler.py", line 117, in _find_locator_in_frames
    _, loc = _find_in_frames_with_frame(page, text, exact=exact, timeout_ms=timeout_ms)
             ^^^^^^^^^^^^^^^^^^^^^^^^^^^^^^^^^^^^^^^^^^^^^^^^^^^^^^^^^^^^^^^^^^^^^^^^^^
  File "C:\Users\youre\Downloads\ticket_sync\crawler.py", line 112, in _find_in_frames_with_frame
    page.wait_for_timeout(300)
  File "C:\Users\youre\Downloads\ticket_sync\.venv\Lib\site-packages\playwright\sync_api\_generated.py", line 12529, in wait_for_timeout
    self._sync(
  File "C:\Users\youre\Downloads\ticket_sync\.venv\Lib\site-packages\playwright\_impl\_sync_base.py", line 115, in _sync
    return task.result()
           ^^^^^^^^^^^^^
  File "C:\Users\youre\Downloads\ticket_sync\.venv\Lib\site-packages\playwright\_impl\_page.py", line 1135, in wait_for_timeout
    await self._main_frame.wait_for_timeout(timeout)
  File "C:\Users\youre\Downloads\ticket_sync\.venv\Lib\site-packages\playwright\_impl\_frame.py", line 916, in wait_for_timeout
    await self._channel.send("waitForTimeout", None, {"waitTimeout": timeout})
  File "C:\Users\youre\Downloads\ticket_sync\.venv\Lib\site-packages\playwright\_impl\_connection.py", line 69, in send
    return await self._connection.wrap_api_call(
           ^^^^^^^^^^^^^^^^^^^^^^^^^^^^^^^^^^^^^
  File "C:\Users\youre\Downloads\ticket_sync\.venv\Lib\site-packages\playwright\_impl\_connection.py", line 563, in wrap_api_call
    raise rewrite_error(error, f"{parsed_st['apiName']}: {error}") from None
playwright._impl._errors.TargetClosedError: Page.wait_for_timeout: Target page, context or browser has been closed
2026-07-29 09:40:47 [WARNING] ticket_sync.crawler: 상세 보강 중 오류: Page.wait_for_timeout: Target page, context or browser has been closed
Traceback (most recent call last):
  File "C:\Users\youre\Downloads\ticket_sync\crawler.py", line 1131, in _collect_for_single_status
    filtered[i - 1] = enrich_ticket_from_detail_page(page, t, config, do_freshdesk)
                      ^^^^^^^^^^^^^^^^^^^^^^^^^^^^^^^^^^^^^^^^^^^^^^^^^^^^^^^^^^^^^
  File "C:\Users\youre\Downloads\ticket_sync\crawler.py", line 980, in enrich_ticket_from_detail_page
    if not _click_case_row_by_title(page, title, timeout_ms):
           ^^^^^^^^^^^^^^^^^^^^^^^^^^^^^^^^^^^^^^^^^^^^^^^^^
  File "C:\Users\youre\Downloads\ticket_sync\crawler.py", line 701, in _click_case_row_by_title
    link = _find_locator_in_frames(page, title, exact=True, timeout_ms=timeout_ms)
           ^^^^^^^^^^^^^^^^^^^^^^^^^^^^^^^^^^^^^^^^^^^^^^^^^^^^^^^^^^^^^^^^^^^^^^^
  File "C:\Users\youre\Downloads\ticket_sync\crawler.py", line 117, in _find_locator_in_frames
    _, loc = _find_in_frames_with_frame(page, text, exact=exact, timeout_ms=timeout_ms)
             ^^^^^^^^^^^^^^^^^^^^^^^^^^^^^^^^^^^^^^^^^^^^^^^^^^^^^^^^^^^^^^^^^^^^^^^^^^
  File "C:\Users\youre\Downloads\ticket_sync\crawler.py", line 112, in _find_in_frames_with_frame
    page.wait_for_timeout(300)
  File "C:\Users\youre\Downloads\ticket_sync\.venv\Lib\site-packages\playwright\sync_api\_generated.py", line 12529, in wait_for_timeout
    self._sync(
  File "C:\Users\youre\Downloads\ticket_sync\.venv\Lib\site-packages\playwright\_impl\_sync_base.py", line 115, in _sync
    return task.result()
           ^^^^^^^^^^^^^
  File "C:\Users\youre\Downloads\ticket_sync\.venv\Lib\site-packages\playwright\_impl\_page.py", line 1135, in wait_for_timeout
    await self._main_frame.wait_for_timeout(timeout)
  File "C:\Users\youre\Downloads\ticket_sync\.venv\Lib\site-packages\playwright\_impl\_frame.py", line 916, in wait_for_timeout
    await self._channel.send("waitForTimeout", None, {"waitTimeout": timeout})
  File "C:\Users\youre\Downloads\ticket_sync\.venv\Lib\site-packages\playwright\_impl\_connection.py", line 69, in send
    return await self._connection.wrap_api_call(
           ^^^^^^^^^^^^^^^^^^^^^^^^^^^^^^^^^^^^^
  File "C:\Users\youre\Downloads\ticket_sync\.venv\Lib\site-packages\playwright\_impl\_connection.py", line 563, in wrap_api_call
    raise rewrite_error(error, f"{parsed_st['apiName']}: {error}") from None
playwright._impl._errors.TargetClosedError: Page.wait_for_timeout: Target page, context or browser has been closed
2026-07-29 09:40:47 [WARNING] ticket_sync.crawler: 상세 보강 중 오류: Page.wait_for_timeout: Target page, context or browser has been closed
Traceback (most recent call last):
  File "C:\Users\youre\Downloads\ticket_sync\crawler.py", line 1131, in _collect_for_single_status
    filtered[i - 1] = enrich_ticket_from_detail_page(page, t, config, do_freshdesk)
                      ^^^^^^^^^^^^^^^^^^^^^^^^^^^^^^^^^^^^^^^^^^^^^^^^^^^^^^^^^^^^^
  File "C:\Users\youre\Downloads\ticket_sync\crawler.py", line 980, in enrich_ticket_from_detail_page
    if not _click_case_row_by_title(page, title, timeout_ms):
           ^^^^^^^^^^^^^^^^^^^^^^^^^^^^^^^^^^^^^^^^^^^^^^^^^
  File "C:\Users\youre\Downloads\ticket_sync\crawler.py", line 701, in _click_case_row_by_title
    link = _find_locator_in_frames(page, title, exact=True, timeout_ms=timeout_ms)
           ^^^^^^^^^^^^^^^^^^^^^^^^^^^^^^^^^^^^^^^^^^^^^^^^^^^^^^^^^^^^^^^^^^^^^^^
  File "C:\Users\youre\Downloads\ticket_sync\crawler.py", line 117, in _find_locator_in_frames
    _, loc = _find_in_frames_with_frame(page, text, exact=exact, timeout_ms=timeout_ms)
             ^^^^^^^^^^^^^^^^^^^^^^^^^^^^^^^^^^^^^^^^^^^^^^^^^^^^^^^^^^^^^^^^^^^^^^^^^^
  File "C:\Users\youre\Downloads\ticket_sync\crawler.py", line 112, in _find_in_frames_with_frame
    page.wait_for_timeout(300)
  File "C:\Users\youre\Downloads\ticket_sync\.venv\Lib\site-packages\playwright\sync_api\_generated.py", line 12529, in wait_for_timeout
    self._sync(
  File "C:\Users\youre\Downloads\ticket_sync\.venv\Lib\site-packages\playwright\_impl\_sync_base.py", line 115, in _sync
    return task.result()
           ^^^^^^^^^^^^^
  File "C:\Users\youre\Downloads\ticket_sync\.venv\Lib\site-packages\playwright\_impl\_page.py", line 1135, in wait_for_timeout
    await self._main_frame.wait_for_timeout(timeout)
  File "C:\Users\youre\Downloads\ticket_sync\.venv\Lib\site-packages\playwright\_impl\_frame.py", line 916, in wait_for_timeout
    await self._channel.send("waitForTimeout", None, {"waitTimeout": timeout})
  File "C:\Users\youre\Downloads\ticket_sync\.venv\Lib\site-packages\playwright\_impl\_connection.py", line 69, in send
    return await self._connection.wrap_api_call(
           ^^^^^^^^^^^^^^^^^^^^^^^^^^^^^^^^^^^^^
  File "C:\Users\youre\Downloads\ticket_sync\.venv\Lib\site-packages\playwright\_impl\_connection.py", line 563, in wrap_api_call
    raise rewrite_error(error, f"{parsed_st['apiName']}: {error}") from None
playwright._impl._errors.TargetClosedError: Page.wait_for_timeout: Target page, context or browser has been closed
2026-07-29 09:40:47 [WARNING] ticket_sync.crawler: 상세 보강 중 오류: Page.wait_for_timeout: Target page, context or browser has been closed
Traceback (most recent call last):
  File "C:\Users\youre\Downloads\ticket_sync\crawler.py", line 1131, in _collect_for_single_status
    filtered[i - 1] = enrich_ticket_from_detail_page(page, t, config, do_freshdesk)
                      ^^^^^^^^^^^^^^^^^^^^^^^^^^^^^^^^^^^^^^^^^^^^^^^^^^^^^^^^^^^^^
  File "C:\Users\youre\Downloads\ticket_sync\crawler.py", line 980, in enrich_ticket_from_detail_page
    if not _click_case_row_by_title(page, title, timeout_ms):
           ^^^^^^^^^^^^^^^^^^^^^^^^^^^^^^^^^^^^^^^^^^^^^^^^^
  File "C:\Users\youre\Downloads\ticket_sync\crawler.py", line 701, in _click_case_row_by_title
    link = _find_locator_in_frames(page, title, exact=True, timeout_ms=timeout_ms)
           ^^^^^^^^^^^^^^^^^^^^^^^^^^^^^^^^^^^^^^^^^^^^^^^^^^^^^^^^^^^^^^^^^^^^^^^
  File "C:\Users\youre\Downloads\ticket_sync\crawler.py", line 117, in _find_locator_in_frames
    _, loc = _find_in_frames_with_frame(page, text, exact=exact, timeout_ms=timeout_ms)
             ^^^^^^^^^^^^^^^^^^^^^^^^^^^^^^^^^^^^^^^^^^^^^^^^^^^^^^^^^^^^^^^^^^^^^^^^^^
  File "C:\Users\youre\Downloads\ticket_sync\crawler.py", line 112, in _find_in_frames_with_frame
    page.wait_for_timeout(300)
  File "C:\Users\youre\Downloads\ticket_sync\.venv\Lib\site-packages\playwright\sync_api\_generated.py", line 12529, in wait_for_timeout
    self._sync(
  File "C:\Users\youre\Downloads\ticket_sync\.venv\Lib\site-packages\playwright\_impl\_sync_base.py", line 115, in _sync
    return task.result()
           ^^^^^^^^^^^^^
  File "C:\Users\youre\Downloads\ticket_sync\.venv\Lib\site-packages\playwright\_impl\_page.py", line 1135, in wait_for_timeout
    await self._main_frame.wait_for_timeout(timeout)
  File "C:\Users\youre\Downloads\ticket_sync\.venv\Lib\site-packages\playwright\_impl\_frame.py", line 916, in wait_for_timeout
    await self._channel.send("waitForTimeout", None, {"waitTimeout": timeout})
  File "C:\Users\youre\Downloads\ticket_sync\.venv\Lib\site-packages\playwright\_impl\_connection.py", line 69, in send
    return await self._connection.wrap_api_call(
           ^^^^^^^^^^^^^^^^^^^^^^^^^^^^^^^^^^^^^
  File "C:\Users\youre\Downloads\ticket_sync\.venv\Lib\site-packages\playwright\_impl\_connection.py", line 563, in wrap_api_call
    raise rewrite_error(error, f"{parsed_st['apiName']}: {error}") from None
playwright._impl._errors.TargetClosedError: Page.wait_for_timeout: Target page, context or browser has been closed
2026-07-29 09:40:47 [WARNING] ticket_sync.crawler: 상세 보강 중 오류: Page.wait_for_timeout: Target page, context or browser has been closed
Traceback (most recent call last):
  File "C:\Users\youre\Downloads\ticket_sync\crawler.py", line 1131, in _collect_for_single_status
    filtered[i - 1] = enrich_ticket_from_detail_page(page, t, config, do_freshdesk)
                      ^^^^^^^^^^^^^^^^^^^^^^^^^^^^^^^^^^^^^^^^^^^^^^^^^^^^^^^^^^^^^
  File "C:\Users\youre\Downloads\ticket_sync\crawler.py", line 980, in enrich_ticket_from_detail_page
    if not _click_case_row_by_title(page, title, timeout_ms):
           ^^^^^^^^^^^^^^^^^^^^^^^^^^^^^^^^^^^^^^^^^^^^^^^^^
  File "C:\Users\youre\Downloads\ticket_sync\crawler.py", line 701, in _click_case_row_by_title
    link = _find_locator_in_frames(page, title, exact=True, timeout_ms=timeout_ms)
           ^^^^^^^^^^^^^^^^^^^^^^^^^^^^^^^^^^^^^^^^^^^^^^^^^^^^^^^^^^^^^^^^^^^^^^^
  File "C:\Users\youre\Downloads\ticket_sync\crawler.py", line 117, in _find_locator_in_frames
    _, loc = _find_in_frames_with_frame(page, text, exact=exact, timeout_ms=timeout_ms)
             ^^^^^^^^^^^^^^^^^^^^^^^^^^^^^^^^^^^^^^^^^^^^^^^^^^^^^^^^^^^^^^^^^^^^^^^^^^
  File "C:\Users\youre\Downloads\ticket_sync\crawler.py", line 112, in _find_in_frames_with_frame
    page.wait_for_timeout(300)
  File "C:\Users\youre\Downloads\ticket_sync\.venv\Lib\site-packages\playwright\sync_api\_generated.py", line 12529, in wait_for_timeout
    self._sync(
  File "C:\Users\youre\Downloads\ticket_sync\.venv\Lib\site-packages\playwright\_impl\_sync_base.py", line 115, in _sync
    return task.result()
           ^^^^^^^^^^^^^
  File "C:\Users\youre\Downloads\ticket_sync\.venv\Lib\site-packages\playwright\_impl\_page.py", line 1135, in wait_for_timeout
    await self._main_frame.wait_for_timeout(timeout)
  File "C:\Users\youre\Downloads\ticket_sync\.venv\Lib\site-packages\playwright\_impl\_frame.py", line 916, in wait_for_timeout
    await self._channel.send("waitForTimeout", None, {"waitTimeout": timeout})
  File "C:\Users\youre\Downloads\ticket_sync\.venv\Lib\site-packages\playwright\_impl\_connection.py", line 69, in send
    return await self._connection.wrap_api_call(
           ^^^^^^^^^^^^^^^^^^^^^^^^^^^^^^^^^^^^^
  File "C:\Users\youre\Downloads\ticket_sync\.venv\Lib\site-packages\playwright\_impl\_connection.py", line 563, in wrap_api_call
    raise rewrite_error(error, f"{parsed_st['apiName']}: {error}") from None
playwright._impl._errors.TargetClosedError: Page.wait_for_timeout: Target page, context or browser has been closed
2026-07-29 09:40:47 [WARNING] ticket_sync.crawler: 상세 보강 중 오류: Page.wait_for_timeout: Target page, context or browser has been closed
Traceback (most recent call last):
  File "C:\Users\youre\Downloads\ticket_sync\crawler.py", line 1131, in _collect_for_single_status
    filtered[i - 1] = enrich_ticket_from_detail_page(page, t, config, do_freshdesk)
                      ^^^^^^^^^^^^^^^^^^^^^^^^^^^^^^^^^^^^^^^^^^^^^^^^^^^^^^^^^^^^^
  File "C:\Users\youre\Downloads\ticket_sync\crawler.py", line 980, in enrich_ticket_from_detail_page
    if not _click_case_row_by_title(page, title, timeout_ms):
           ^^^^^^^^^^^^^^^^^^^^^^^^^^^^^^^^^^^^^^^^^^^^^^^^^
  File "C:\Users\youre\Downloads\ticket_sync\crawler.py", line 701, in _click_case_row_by_title
    link = _find_locator_in_frames(page, title, exact=True, timeout_ms=timeout_ms)
           ^^^^^^^^^^^^^^^^^^^^^^^^^^^^^^^^^^^^^^^^^^^^^^^^^^^^^^^^^^^^^^^^^^^^^^^
  File "C:\Users\youre\Downloads\ticket_sync\crawler.py", line 117, in _find_locator_in_frames
    _, loc = _find_in_frames_with_frame(page, text, exact=exact, timeout_ms=timeout_ms)
             ^^^^^^^^^^^^^^^^^^^^^^^^^^^^^^^^^^^^^^^^^^^^^^^^^^^^^^^^^^^^^^^^^^^^^^^^^^
  File "C:\Users\youre\Downloads\ticket_sync\crawler.py", line 112, in _find_in_frames_with_frame
    page.wait_for_timeout(300)
  File "C:\Users\youre\Downloads\ticket_sync\.venv\Lib\site-packages\playwright\sync_api\_generated.py", line 12529, in wait_for_timeout
    self._sync(
  File "C:\Users\youre\Downloads\ticket_sync\.venv\Lib\site-packages\playwright\_impl\_sync_base.py", line 115, in _sync
    return task.result()
           ^^^^^^^^^^^^^
  File "C:\Users\youre\Downloads\ticket_sync\.venv\Lib\site-packages\playwright\_impl\_page.py", line 1135, in wait_for_timeout
    await self._main_frame.wait_for_timeout(timeout)
  File "C:\Users\youre\Downloads\ticket_sync\.venv\Lib\site-packages\playwright\_impl\_frame.py", line 916, in wait_for_timeout
    await self._channel.send("waitForTimeout", None, {"waitTimeout": timeout})
  File "C:\Users\youre\Downloads\ticket_sync\.venv\Lib\site-packages\playwright\_impl\_connection.py", line 69, in send
    return await self._connection.wrap_api_call(
           ^^^^^^^^^^^^^^^^^^^^^^^^^^^^^^^^^^^^^
  File "C:\Users\youre\Downloads\ticket_sync\.venv\Lib\site-packages\playwright\_impl\_connection.py", line 563, in wrap_api_call
    raise rewrite_error(error, f"{parsed_st['apiName']}: {error}") from None
playwright._impl._errors.TargetClosedError: Page.wait_for_timeout: Target page, context or browser has been closed
2026-07-29 09:40:47 [WARNING] ticket_sync.crawler: 상세 보강 중 오류: Page.wait_for_timeout: Target page, context or browser has been closed
Traceback (most recent call last):
  File "C:\Users\youre\Downloads\ticket_sync\crawler.py", line 1131, in _collect_for_single_status
    filtered[i - 1] = enrich_ticket_from_detail_page(page, t, config, do_freshdesk)
                      ^^^^^^^^^^^^^^^^^^^^^^^^^^^^^^^^^^^^^^^^^^^^^^^^^^^^^^^^^^^^^
  File "C:\Users\youre\Downloads\ticket_sync\crawler.py", line 980, in enrich_ticket_from_detail_page
    if not _click_case_row_by_title(page, title, timeout_ms):
           ^^^^^^^^^^^^^^^^^^^^^^^^^^^^^^^^^^^^^^^^^^^^^^^^^
  File "C:\Users\youre\Downloads\ticket_sync\crawler.py", line 701, in _click_case_row_by_title
    link = _find_locator_in_frames(page, title, exact=True, timeout_ms=timeout_ms)
           ^^^^^^^^^^^^^^^^^^^^^^^^^^^^^^^^^^^^^^^^^^^^^^^^^^^^^^^^^^^^^^^^^^^^^^^
  File "C:\Users\youre\Downloads\ticket_sync\crawler.py", line 117, in _find_locator_in_frames
    _, loc = _find_in_frames_with_frame(page, text, exact=exact, timeout_ms=timeout_ms)
             ^^^^^^^^^^^^^^^^^^^^^^^^^^^^^^^^^^^^^^^^^^^^^^^^^^^^^^^^^^^^^^^^^^^^^^^^^^
  File "C:\Users\youre\Downloads\ticket_sync\crawler.py", line 112, in _find_in_frames_with_frame
    page.wait_for_timeout(300)
  File "C:\Users\youre\Downloads\ticket_sync\.venv\Lib\site-packages\playwright\sync_api\_generated.py", line 12529, in wait_for_timeout
    self._sync(
  File "C:\Users\youre\Downloads\ticket_sync\.venv\Lib\site-packages\playwright\_impl\_sync_base.py", line 115, in _sync
    return task.result()
           ^^^^^^^^^^^^^
  File "C:\Users\youre\Downloads\ticket_sync\.venv\Lib\site-packages\playwright\_impl\_page.py", line 1135, in wait_for_timeout
    await self._main_frame.wait_for_timeout(timeout)
  File "C:\Users\youre\Downloads\ticket_sync\.venv\Lib\site-packages\playwright\_impl\_frame.py", line 916, in wait_for_timeout
    await self._channel.send("waitForTimeout", None, {"waitTimeout": timeout})
  File "C:\Users\youre\Downloads\ticket_sync\.venv\Lib\site-packages\playwright\_impl\_connection.py", line 69, in send
    return await self._connection.wrap_api_call(
           ^^^^^^^^^^^^^^^^^^^^^^^^^^^^^^^^^^^^^
  File "C:\Users\youre\Downloads\ticket_sync\.venv\Lib\site-packages\playwright\_impl\_connection.py", line 563, in wrap_api_call
    raise rewrite_error(error, f"{parsed_st['apiName']}: {error}") from None
playwright._impl._errors.TargetClosedError: Page.wait_for_timeout: Target page, context or browser has been closed
2026-07-29 09:40:47 [WARNING] ticket_sync.crawler: 상세 보강 중 오류: Page.wait_for_timeout: Target page, context or browser has been closed
Traceback (most recent call last):
  File "C:\Users\youre\Downloads\ticket_sync\crawler.py", line 1131, in _collect_for_single_status
    filtered[i - 1] = enrich_ticket_from_detail_page(page, t, config, do_freshdesk)
                      ^^^^^^^^^^^^^^^^^^^^^^^^^^^^^^^^^^^^^^^^^^^^^^^^^^^^^^^^^^^^^
  File "C:\Users\youre\Downloads\ticket_sync\crawler.py", line 980, in enrich_ticket_from_detail_page
    if not _click_case_row_by_title(page, title, timeout_ms):
           ^^^^^^^^^^^^^^^^^^^^^^^^^^^^^^^^^^^^^^^^^^^^^^^^^
  File "C:\Users\youre\Downloads\ticket_sync\crawler.py", line 701, in _click_case_row_by_title
    link = _find_locator_in_frames(page, title, exact=True, timeout_ms=timeout_ms)
           ^^^^^^^^^^^^^^^^^^^^^^^^^^^^^^^^^^^^^^^^^^^^^^^^^^^^^^^^^^^^^^^^^^^^^^^
  File "C:\Users\youre\Downloads\ticket_sync\crawler.py", line 117, in _find_locator_in_frames
    _, loc = _find_in_frames_with_frame(page, text, exact=exact, timeout_ms=timeout_ms)
             ^^^^^^^^^^^^^^^^^^^^^^^^^^^^^^^^^^^^^^^^^^^^^^^^^^^^^^^^^^^^^^^^^^^^^^^^^^
  File "C:\Users\youre\Downloads\ticket_sync\crawler.py", line 112, in _find_in_frames_with_frame
    page.wait_for_timeout(300)
  File "C:\Users\youre\Downloads\ticket_sync\.venv\Lib\site-packages\playwright\sync_api\_generated.py", line 12529, in wait_for_timeout
    self._sync(
  File "C:\Users\youre\Downloads\ticket_sync\.venv\Lib\site-packages\playwright\_impl\_sync_base.py", line 115, in _sync
    return task.result()
           ^^^^^^^^^^^^^
  File "C:\Users\youre\Downloads\ticket_sync\.venv\Lib\site-packages\playwright\_impl\_page.py", line 1135, in wait_for_timeout
    await self._main_frame.wait_for_timeout(timeout)
  File "C:\Users\youre\Downloads\ticket_sync\.venv\Lib\site-packages\playwright\_impl\_frame.py", line 916, in wait_for_timeout
    await self._channel.send("waitForTimeout", None, {"waitTimeout": timeout})
  File "C:\Users\youre\Downloads\ticket_sync\.venv\Lib\site-packages\playwright\_impl\_connection.py", line 69, in send
    return await self._connection.wrap_api_call(
           ^^^^^^^^^^^^^^^^^^^^^^^^^^^^^^^^^^^^^
  File "C:\Users\youre\Downloads\ticket_sync\.venv\Lib\site-packages\playwright\_impl\_connection.py", line 563, in wrap_api_call
    raise rewrite_error(error, f"{parsed_st['apiName']}: {error}") from None
playwright._impl._errors.TargetClosedError: Page.wait_for_timeout: Target page, context or browser has been closed
2026-07-29 09:40:47 [WARNING] ticket_sync.crawler: 상세 보강 중 오류: Page.wait_for_timeout: Target page, context or browser has been closed
Traceback (most recent call last):
  File "C:\Users\youre\Downloads\ticket_sync\crawler.py", line 1131, in _collect_for_single_status
    filtered[i - 1] = enrich_ticket_from_detail_page(page, t, config, do_freshdesk)
                      ^^^^^^^^^^^^^^^^^^^^^^^^^^^^^^^^^^^^^^^^^^^^^^^^^^^^^^^^^^^^^
  File "C:\Users\youre\Downloads\ticket_sync\crawler.py", line 980, in enrich_ticket_from_detail_page
    if not _click_case_row_by_title(page, title, timeout_ms):
           ^^^^^^^^^^^^^^^^^^^^^^^^^^^^^^^^^^^^^^^^^^^^^^^^^
  File "C:\Users\youre\Downloads\ticket_sync\crawler.py", line 701, in _click_case_row_by_title
    link = _find_locator_in_frames(page, title, exact=True, timeout_ms=timeout_ms)
           ^^^^^^^^^^^^^^^^^^^^^^^^^^^^^^^^^^^^^^^^^^^^^^^^^^^^^^^^^^^^^^^^^^^^^^^
  File "C:\Users\youre\Downloads\ticket_sync\crawler.py", line 117, in _find_locator_in_frames
    _, loc = _find_in_frames_with_frame(page, text, exact=exact, timeout_ms=timeout_ms)
             ^^^^^^^^^^^^^^^^^^^^^^^^^^^^^^^^^^^^^^^^^^^^^^^^^^^^^^^^^^^^^^^^^^^^^^^^^^
  File "C:\Users\youre\Downloads\ticket_sync\crawler.py", line 112, in _find_in_frames_with_frame
    page.wait_for_timeout(300)
  File "C:\Users\youre\Downloads\ticket_sync\.venv\Lib\site-packages\playwright\sync_api\_generated.py", line 12529, in wait_for_timeout
    self._sync(
  File "C:\Users\youre\Downloads\ticket_sync\.venv\Lib\site-packages\playwright\_impl\_sync_base.py", line 115, in _sync
    return task.result()
           ^^^^^^^^^^^^^
  File "C:\Users\youre\Downloads\ticket_sync\.venv\Lib\site-packages\playwright\_impl\_page.py", line 1135, in wait_for_timeout
    await self._main_frame.wait_for_timeout(timeout)
  File "C:\Users\youre\Downloads\ticket_sync\.venv\Lib\site-packages\playwright\_impl\_frame.py", line 916, in wait_for_timeout
    await self._channel.send("waitForTimeout", None, {"waitTimeout": timeout})
  File "C:\Users\youre\Downloads\ticket_sync\.venv\Lib\site-packages\playwright\_impl\_connection.py", line 69, in send
    return await self._connection.wrap_api_call(
           ^^^^^^^^^^^^^^^^^^^^^^^^^^^^^^^^^^^^^
  File "C:\Users\youre\Downloads\ticket_sync\.venv\Lib\site-packages\playwright\_impl\_connection.py", line 563, in wrap_api_call
    raise rewrite_error(error, f"{parsed_st['apiName']}: {error}") from None
playwright._impl._errors.TargetClosedError: Page.wait_for_timeout: Target page, context or browser has been closed
2026-07-29 09:40:47 [WARNING] ticket_sync.crawler: 상세 보강 중 오류: Page.wait_for_timeout: Target page, context or browser has been closed
Traceback (most recent call last):
  File "C:\Users\youre\Downloads\ticket_sync\crawler.py", line 1131, in _collect_for_single_status
    filtered[i - 1] = enrich_ticket_from_detail_page(page, t, config, do_freshdesk)
                      ^^^^^^^^^^^^^^^^^^^^^^^^^^^^^^^^^^^^^^^^^^^^^^^^^^^^^^^^^^^^^
  File "C:\Users\youre\Downloads\ticket_sync\crawler.py", line 980, in enrich_ticket_from_detail_page
    if not _click_case_row_by_title(page, title, timeout_ms):
           ^^^^^^^^^^^^^^^^^^^^^^^^^^^^^^^^^^^^^^^^^^^^^^^^^
  File "C:\Users\youre\Downloads\ticket_sync\crawler.py", line 701, in _click_case_row_by_title
    link = _find_locator_in_frames(page, title, exact=True, timeout_ms=timeout_ms)
           ^^^^^^^^^^^^^^^^^^^^^^^^^^^^^^^^^^^^^^^^^^^^^^^^^^^^^^^^^^^^^^^^^^^^^^^
  File "C:\Users\youre\Downloads\ticket_sync\crawler.py", line 117, in _find_locator_in_frames
    _, loc = _find_in_frames_with_frame(page, text, exact=exact, timeout_ms=timeout_ms)
             ^^^^^^^^^^^^^^^^^^^^^^^^^^^^^^^^^^^^^^^^^^^^^^^^^^^^^^^^^^^^^^^^^^^^^^^^^^
  File "C:\Users\youre\Downloads\ticket_sync\crawler.py", line 112, in _find_in_frames_with_frame
    page.wait_for_timeout(300)
  File "C:\Users\youre\Downloads\ticket_sync\.venv\Lib\site-packages\playwright\sync_api\_generated.py", line 12529, in wait_for_timeout
    self._sync(
  File "C:\Users\youre\Downloads\ticket_sync\.venv\Lib\site-packages\playwright\_impl\_sync_base.py", line 115, in _sync
    return task.result()
           ^^^^^^^^^^^^^
  File "C:\Users\youre\Downloads\ticket_sync\.venv\Lib\site-packages\playwright\_impl\_page.py", line 1135, in wait_for_timeout
    await self._main_frame.wait_for_timeout(timeout)
  File "C:\Users\youre\Downloads\ticket_sync\.venv\Lib\site-packages\playwright\_impl\_frame.py", line 916, in wait_for_timeout
    await self._channel.send("waitForTimeout", None, {"waitTimeout": timeout})
  File "C:\Users\youre\Downloads\ticket_sync\.venv\Lib\site-packages\playwright\_impl\_connection.py", line 69, in send
    return await self._connection.wrap_api_call(
           ^^^^^^^^^^^^^^^^^^^^^^^^^^^^^^^^^^^^^
  File "C:\Users\youre\Downloads\ticket_sync\.venv\Lib\site-packages\playwright\_impl\_connection.py", line 563, in wrap_api_call
    raise rewrite_error(error, f"{parsed_st['apiName']}: {error}") from None
playwright._impl._errors.TargetClosedError: Page.wait_for_timeout: Target page, context or browser has been closed
2026-07-29 09:40:47 [WARNING] ticket_sync.crawler: 상세 보강 중 오류: Page.wait_for_timeout: Target page, context or browser has been closed
Traceback (most recent call last):
  File "C:\Users\youre\Downloads\ticket_sync\crawler.py", line 1131, in _collect_for_single_status
    filtered[i - 1] = enrich_ticket_from_detail_page(page, t, config, do_freshdesk)
                      ^^^^^^^^^^^^^^^^^^^^^^^^^^^^^^^^^^^^^^^^^^^^^^^^^^^^^^^^^^^^^
  File "C:\Users\youre\Downloads\ticket_sync\crawler.py", line 980, in enrich_ticket_from_detail_page
    if not _click_case_row_by_title(page, title, timeout_ms):
           ^^^^^^^^^^^^^^^^^^^^^^^^^^^^^^^^^^^^^^^^^^^^^^^^^
  File "C:\Users\youre\Downloads\ticket_sync\crawler.py", line 701, in _click_case_row_by_title
    link = _find_locator_in_frames(page, title, exact=True, timeout_ms=timeout_ms)
           ^^^^^^^^^^^^^^^^^^^^^^^^^^^^^^^^^^^^^^^^^^^^^^^^^^^^^^^^^^^^^^^^^^^^^^^
  File "C:\Users\youre\Downloads\ticket_sync\crawler.py", line 117, in _find_locator_in_frames
    _, loc = _find_in_frames_with_frame(page, text, exact=exact, timeout_ms=timeout_ms)
             ^^^^^^^^^^^^^^^^^^^^^^^^^^^^^^^^^^^^^^^^^^^^^^^^^^^^^^^^^^^^^^^^^^^^^^^^^^
  File "C:\Users\youre\Downloads\ticket_sync\crawler.py", line 112, in _find_in_frames_with_frame
    page.wait_for_timeout(300)
  File "C:\Users\youre\Downloads\ticket_sync\.venv\Lib\site-packages\playwright\sync_api\_generated.py", line 12529, in wait_for_timeout
    self._sync(
  File "C:\Users\youre\Downloads\ticket_sync\.venv\Lib\site-packages\playwright\_impl\_sync_base.py", line 115, in _sync
    return task.result()
           ^^^^^^^^^^^^^
  File "C:\Users\youre\Downloads\ticket_sync\.venv\Lib\site-packages\playwright\_impl\_page.py", line 1135, in wait_for_timeout
    await self._main_frame.wait_for_timeout(timeout)
  File "C:\Users\youre\Downloads\ticket_sync\.venv\Lib\site-packages\playwright\_impl\_frame.py", line 916, in wait_for_timeout
    await self._channel.send("waitForTimeout", None, {"waitTimeout": timeout})
  File "C:\Users\youre\Downloads\ticket_sync\.venv\Lib\site-packages\playwright\_impl\_connection.py", line 69, in send
    return await self._connection.wrap_api_call(
           ^^^^^^^^^^^^^^^^^^^^^^^^^^^^^^^^^^^^^
  File "C:\Users\youre\Downloads\ticket_sync\.venv\Lib\site-packages\playwright\_impl\_connection.py", line 563, in wrap_api_call
    raise rewrite_error(error, f"{parsed_st['apiName']}: {error}") from None
playwright._impl._errors.TargetClosedError: Page.wait_for_timeout: Target page, context or browser has been closed
2026-07-29 09:40:47 [WARNING] ticket_sync.crawler: 상세 보강 중 오류: Page.wait_for_timeout: Target page, context or browser has been closed
Traceback (most recent call last):
  File "C:\Users\youre\Downloads\ticket_sync\crawler.py", line 1131, in _collect_for_single_status
    filtered[i - 1] = enrich_ticket_from_detail_page(page, t, config, do_freshdesk)
                      ^^^^^^^^^^^^^^^^^^^^^^^^^^^^^^^^^^^^^^^^^^^^^^^^^^^^^^^^^^^^^
  File "C:\Users\youre\Downloads\ticket_sync\crawler.py", line 980, in enrich_ticket_from_detail_page
    if not _click_case_row_by_title(page, title, timeout_ms):
           ^^^^^^^^^^^^^^^^^^^^^^^^^^^^^^^^^^^^^^^^^^^^^^^^^
  File "C:\Users\youre\Downloads\ticket_sync\crawler.py", line 701, in _click_case_row_by_title
    link = _find_locator_in_frames(page, title, exact=True, timeout_ms=timeout_ms)
           ^^^^^^^^^^^^^^^^^^^^^^^^^^^^^^^^^^^^^^^^^^^^^^^^^^^^^^^^^^^^^^^^^^^^^^^
  File "C:\Users\youre\Downloads\ticket_sync\crawler.py", line 117, in _find_locator_in_frames
    _, loc = _find_in_frames_with_frame(page, text, exact=exact, timeout_ms=timeout_ms)
             ^^^^^^^^^^^^^^^^^^^^^^^^^^^^^^^^^^^^^^^^^^^^^^^^^^^^^^^^^^^^^^^^^^^^^^^^^^
  File "C:\Users\youre\Downloads\ticket_sync\crawler.py", line 112, in _find_in_frames_with_frame
    page.wait_for_timeout(300)
  File "C:\Users\youre\Downloads\ticket_sync\.venv\Lib\site-packages\playwright\sync_api\_generated.py", line 12529, in wait_for_timeout
    self._sync(
  File "C:\Users\youre\Downloads\ticket_sync\.venv\Lib\site-packages\playwright\_impl\_sync_base.py", line 115, in _sync
    return task.result()
           ^^^^^^^^^^^^^
  File "C:\Users\youre\Downloads\ticket_sync\.venv\Lib\site-packages\playwright\_impl\_page.py", line 1135, in wait_for_timeout
    await self._main_frame.wait_for_timeout(timeout)
  File "C:\Users\youre\Downloads\ticket_sync\.venv\Lib\site-packages\playwright\_impl\_frame.py", line 916, in wait_for_timeout
    await self._channel.send("waitForTimeout", None, {"waitTimeout": timeout})
  File "C:\Users\youre\Downloads\ticket_sync\.venv\Lib\site-packages\playwright\_impl\_connection.py", line 69, in send
    return await self._connection.wrap_api_call(
           ^^^^^^^^^^^^^^^^^^^^^^^^^^^^^^^^^^^^^
  File "C:\Users\youre\Downloads\ticket_sync\.venv\Lib\site-packages\playwright\_impl\_connection.py", line 563, in wrap_api_call
    raise rewrite_error(error, f"{parsed_st['apiName']}: {error}") from None
playwright._impl._errors.TargetClosedError: Page.wait_for_timeout: Target page, context or browser has been closed
2026-07-29 09:40:47 [WARNING] ticket_sync.crawler: 상세 보강 중 오류: Page.wait_for_timeout: Target page, context or browser has been closed
Traceback (most recent call last):
  File "C:\Users\youre\Downloads\ticket_sync\crawler.py", line 1131, in _collect_for_single_status
    filtered[i - 1] = enrich_ticket_from_detail_page(page, t, config, do_freshdesk)
                      ^^^^^^^^^^^^^^^^^^^^^^^^^^^^^^^^^^^^^^^^^^^^^^^^^^^^^^^^^^^^^
  File "C:\Users\youre\Downloads\ticket_sync\crawler.py", line 980, in enrich_ticket_from_detail_page
    if not _click_case_row_by_title(page, title, timeout_ms):
           ^^^^^^^^^^^^^^^^^^^^^^^^^^^^^^^^^^^^^^^^^^^^^^^^^
  File "C:\Users\youre\Downloads\ticket_sync\crawler.py", line 701, in _click_case_row_by_title
    link = _find_locator_in_frames(page, title, exact=True, timeout_ms=timeout_ms)
           ^^^^^^^^^^^^^^^^^^^^^^^^^^^^^^^^^^^^^^^^^^^^^^^^^^^^^^^^^^^^^^^^^^^^^^^
  File "C:\Users\youre\Downloads\ticket_sync\crawler.py", line 117, in _find_locator_in_frames
    _, loc = _find_in_frames_with_frame(page, text, exact=exact, timeout_ms=timeout_ms)
             ^^^^^^^^^^^^^^^^^^^^^^^^^^^^^^^^^^^^^^^^^^^^^^^^^^^^^^^^^^^^^^^^^^^^^^^^^^
  File "C:\Users\youre\Downloads\ticket_sync\crawler.py", line 112, in _find_in_frames_with_frame
    page.wait_for_timeout(300)
  File "C:\Users\youre\Downloads\ticket_sync\.venv\Lib\site-packages\playwright\sync_api\_generated.py", line 12529, in wait_for_timeout
    self._sync(
  File "C:\Users\youre\Downloads\ticket_sync\.venv\Lib\site-packages\playwright\_impl\_sync_base.py", line 115, in _sync
    return task.result()
           ^^^^^^^^^^^^^
  File "C:\Users\youre\Downloads\ticket_sync\.venv\Lib\site-packages\playwright\_impl\_page.py", line 1135, in wait_for_timeout
    await self._main_frame.wait_for_timeout(timeout)
  File "C:\Users\youre\Downloads\ticket_sync\.venv\Lib\site-packages\playwright\_impl\_frame.py", line 916, in wait_for_timeout
    await self._channel.send("waitForTimeout", None, {"waitTimeout": timeout})
  File "C:\Users\youre\Downloads\ticket_sync\.venv\Lib\site-packages\playwright\_impl\_connection.py", line 69, in send
    return await self._connection.wrap_api_call(
           ^^^^^^^^^^^^^^^^^^^^^^^^^^^^^^^^^^^^^
  File "C:\Users\youre\Downloads\ticket_sync\.venv\Lib\site-packages\playwright\_impl\_connection.py", line 563, in wrap_api_call
    raise rewrite_error(error, f"{parsed_st['apiName']}: {error}") from None
playwright._impl._errors.TargetClosedError: Page.wait_for_timeout: Target page, context or browser has been closed
2026-07-29 09:40:47 [WARNING] ticket_sync.crawler: 상세 보강 중 오류: Page.wait_for_timeout: Target page, context or browser has been closed
Traceback (most recent call last):
  File "C:\Users\youre\Downloads\ticket_sync\crawler.py", line 1131, in _collect_for_single_status
    filtered[i - 1] = enrich_ticket_from_detail_page(page, t, config, do_freshdesk)
                      ^^^^^^^^^^^^^^^^^^^^^^^^^^^^^^^^^^^^^^^^^^^^^^^^^^^^^^^^^^^^^
  File "C:\Users\youre\Downloads\ticket_sync\crawler.py", line 980, in enrich_ticket_from_detail_page
    if not _click_case_row_by_title(page, title, timeout_ms):
           ^^^^^^^^^^^^^^^^^^^^^^^^^^^^^^^^^^^^^^^^^^^^^^^^^
  File "C:\Users\youre\Downloads\ticket_sync\crawler.py", line 701, in _click_case_row_by_title
    link = _find_locator_in_frames(page, title, exact=True, timeout_ms=timeout_ms)
           ^^^^^^^^^^^^^^^^^^^^^^^^^^^^^^^^^^^^^^^^^^^^^^^^^^^^^^^^^^^^^^^^^^^^^^^
  File "C:\Users\youre\Downloads\ticket_sync\crawler.py", line 117, in _find_locator_in_frames
    _, loc = _find_in_frames_with_frame(page, text, exact=exact, timeout_ms=timeout_ms)
             ^^^^^^^^^^^^^^^^^^^^^^^^^^^^^^^^^^^^^^^^^^^^^^^^^^^^^^^^^^^^^^^^^^^^^^^^^^
  File "C:\Users\youre\Downloads\ticket_sync\crawler.py", line 112, in _find_in_frames_with_frame
    page.wait_for_timeout(300)
  File "C:\Users\youre\Downloads\ticket_sync\.venv\Lib\site-packages\playwright\sync_api\_generated.py", line 12529, in wait_for_timeout
    self._sync(
  File "C:\Users\youre\Downloads\ticket_sync\.venv\Lib\site-packages\playwright\_impl\_sync_base.py", line 115, in _sync
    return task.result()
           ^^^^^^^^^^^^^
  File "C:\Users\youre\Downloads\ticket_sync\.venv\Lib\site-packages\playwright\_impl\_page.py", line 1135, in wait_for_timeout
    await self._main_frame.wait_for_timeout(timeout)
  File "C:\Users\youre\Downloads\ticket_sync\.venv\Lib\site-packages\playwright\_impl\_frame.py", line 916, in wait_for_timeout
    await self._channel.send("waitForTimeout", None, {"waitTimeout": timeout})
  File "C:\Users\youre\Downloads\ticket_sync\.venv\Lib\site-packages\playwright\_impl\_connection.py", line 69, in send
    return await self._connection.wrap_api_call(
           ^^^^^^^^^^^^^^^^^^^^^^^^^^^^^^^^^^^^^
  File "C:\Users\youre\Downloads\ticket_sync\.venv\Lib\site-packages\playwright\_impl\_connection.py", line 563, in wrap_api_call
    raise rewrite_error(error, f"{parsed_st['apiName']}: {error}") from None
playwright._impl._errors.TargetClosedError: Page.wait_for_timeout: Target page, context or browser has been closed
2026-07-29 09:40:47 [WARNING] ticket_sync.crawler: 상세 보강 중 오류: Page.wait_for_timeout: Target page, context or browser has been closed
Traceback (most recent call last):
  File "C:\Users\youre\Downloads\ticket_sync\crawler.py", line 1131, in _collect_for_single_status
    filtered[i - 1] = enrich_ticket_from_detail_page(page, t, config, do_freshdesk)
                      ^^^^^^^^^^^^^^^^^^^^^^^^^^^^^^^^^^^^^^^^^^^^^^^^^^^^^^^^^^^^^
  File "C:\Users\youre\Downloads\ticket_sync\crawler.py", line 980, in enrich_ticket_from_detail_page
    if not _click_case_row_by_title(page, title, timeout_ms):
           ^^^^^^^^^^^^^^^^^^^^^^^^^^^^^^^^^^^^^^^^^^^^^^^^^
  File "C:\Users\youre\Downloads\ticket_sync\crawler.py", line 701, in _click_case_row_by_title
    link = _find_locator_in_frames(page, title, exact=True, timeout_ms=timeout_ms)
           ^^^^^^^^^^^^^^^^^^^^^^^^^^^^^^^^^^^^^^^^^^^^^^^^^^^^^^^^^^^^^^^^^^^^^^^
  File "C:\Users\youre\Downloads\ticket_sync\crawler.py", line 117, in _find_locator_in_frames
    _, loc = _find_in_frames_with_frame(page, text, exact=exact, timeout_ms=timeout_ms)
             ^^^^^^^^^^^^^^^^^^^^^^^^^^^^^^^^^^^^^^^^^^^^^^^^^^^^^^^^^^^^^^^^^^^^^^^^^^
  File "C:\Users\youre\Downloads\ticket_sync\crawler.py", line 112, in _find_in_frames_with_frame
    page.wait_for_timeout(300)
  File "C:\Users\youre\Downloads\ticket_sync\.venv\Lib\site-packages\playwright\sync_api\_generated.py", line 12529, in wait_for_timeout
    self._sync(
  File "C:\Users\youre\Downloads\ticket_sync\.venv\Lib\site-packages\playwright\_impl\_sync_base.py", line 115, in _sync
    return task.result()
           ^^^^^^^^^^^^^
  File "C:\Users\youre\Downloads\ticket_sync\.venv\Lib\site-packages\playwright\_impl\_page.py", line 1135, in wait_for_timeout
    await self._main_frame.wait_for_timeout(timeout)
  File "C:\Users\youre\Downloads\ticket_sync\.venv\Lib\site-packages\playwright\_impl\_frame.py", line 916, in wait_for_timeout
    await self._channel.send("waitForTimeout", None, {"waitTimeout": timeout})
  File "C:\Users\youre\Downloads\ticket_sync\.venv\Lib\site-packages\playwright\_impl\_connection.py", line 69, in send
    return await self._connection.wrap_api_call(
           ^^^^^^^^^^^^^^^^^^^^^^^^^^^^^^^^^^^^^
  File "C:\Users\youre\Downloads\ticket_sync\.venv\Lib\site-packages\playwright\_impl\_connection.py", line 563, in wrap_api_call
    raise rewrite_error(error, f"{parsed_st['apiName']}: {error}") from None
playwright._impl._errors.TargetClosedError: Page.wait_for_timeout: Target page, context or browser has been closed
2026-07-29 09:40:48 [WARNING] ticket_sync.crawler: 상세 보강 중 오류: Page.wait_for_timeout: Target page, context or browser has been closed
Traceback (most recent call last):
  File "C:\Users\youre\Downloads\ticket_sync\crawler.py", line 1131, in _collect_for_single_status
    filtered[i - 1] = enrich_ticket_from_detail_page(page, t, config, do_freshdesk)
                      ^^^^^^^^^^^^^^^^^^^^^^^^^^^^^^^^^^^^^^^^^^^^^^^^^^^^^^^^^^^^^
  File "C:\Users\youre\Downloads\ticket_sync\crawler.py", line 980, in enrich_ticket_from_detail_page
    if not _click_case_row_by_title(page, title, timeout_ms):
           ^^^^^^^^^^^^^^^^^^^^^^^^^^^^^^^^^^^^^^^^^^^^^^^^^
  File "C:\Users\youre\Downloads\ticket_sync\crawler.py", line 701, in _click_case_row_by_title
    link = _find_locator_in_frames(page, title, exact=True, timeout_ms=timeout_ms)
           ^^^^^^^^^^^^^^^^^^^^^^^^^^^^^^^^^^^^^^^^^^^^^^^^^^^^^^^^^^^^^^^^^^^^^^^
  File "C:\Users\youre\Downloads\ticket_sync\crawler.py", line 117, in _find_locator_in_frames
    _, loc = _find_in_frames_with_frame(page, text, exact=exact, timeout_ms=timeout_ms)
             ^^^^^^^^^^^^^^^^^^^^^^^^^^^^^^^^^^^^^^^^^^^^^^^^^^^^^^^^^^^^^^^^^^^^^^^^^^
  File "C:\Users\youre\Downloads\ticket_sync\crawler.py", line 112, in _find_in_frames_with_frame
    page.wait_for_timeout(300)
  File "C:\Users\youre\Downloads\ticket_sync\.venv\Lib\site-packages\playwright\sync_api\_generated.py", line 12529, in wait_for_timeout
    self._sync(
  File "C:\Users\youre\Downloads\ticket_sync\.venv\Lib\site-packages\playwright\_impl\_sync_base.py", line 115, in _sync
    return task.result()
           ^^^^^^^^^^^^^
  File "C:\Users\youre\Downloads\ticket_sync\.venv\Lib\site-packages\playwright\_impl\_page.py", line 1135, in wait_for_timeout
    await self._main_frame.wait_for_timeout(timeout)
  File "C:\Users\youre\Downloads\ticket_sync\.venv\Lib\site-packages\playwright\_impl\_frame.py", line 916, in wait_for_timeout
    await self._channel.send("waitForTimeout", None, {"waitTimeout": timeout})
  File "C:\Users\youre\Downloads\ticket_sync\.venv\Lib\site-packages\playwright\_impl\_connection.py", line 69, in send
    return await self._connection.wrap_api_call(
           ^^^^^^^^^^^^^^^^^^^^^^^^^^^^^^^^^^^^^
  File "C:\Users\youre\Downloads\ticket_sync\.venv\Lib\site-packages\playwright\_impl\_connection.py", line 563, in wrap_api_call
    raise rewrite_error(error, f"{parsed_st['apiName']}: {error}") from None
playwright._impl._errors.TargetClosedError: Page.wait_for_timeout: Target page, context or browser has been closed
2026-07-29 09:40:48 [WARNING] ticket_sync.crawler: 상세 보강 중 오류: Page.wait_for_timeout: Target page, context or browser has been closed
Traceback (most recent call last):
  File "C:\Users\youre\Downloads\ticket_sync\crawler.py", line 1131, in _collect_for_single_status
    filtered[i - 1] = enrich_ticket_from_detail_page(page, t, config, do_freshdesk)
                      ^^^^^^^^^^^^^^^^^^^^^^^^^^^^^^^^^^^^^^^^^^^^^^^^^^^^^^^^^^^^^
  File "C:\Users\youre\Downloads\ticket_sync\crawler.py", line 980, in enrich_ticket_from_detail_page
    if not _click_case_row_by_title(page, title, timeout_ms):
           ^^^^^^^^^^^^^^^^^^^^^^^^^^^^^^^^^^^^^^^^^^^^^^^^^
  File "C:\Users\youre\Downloads\ticket_sync\crawler.py", line 701, in _click_case_row_by_title
    link = _find_locator_in_frames(page, title, exact=True, timeout_ms=timeout_ms)
           ^^^^^^^^^^^^^^^^^^^^^^^^^^^^^^^^^^^^^^^^^^^^^^^^^^^^^^^^^^^^^^^^^^^^^^^
  File "C:\Users\youre\Downloads\ticket_sync\crawler.py", line 117, in _find_locator_in_frames
    _, loc = _find_in_frames_with_frame(page, text, exact=exact, timeout_ms=timeout_ms)
             ^^^^^^^^^^^^^^^^^^^^^^^^^^^^^^^^^^^^^^^^^^^^^^^^^^^^^^^^^^^^^^^^^^^^^^^^^^
  File "C:\Users\youre\Downloads\ticket_sync\crawler.py", line 112, in _find_in_frames_with_frame
    page.wait_for_timeout(300)
  File "C:\Users\youre\Downloads\ticket_sync\.venv\Lib\site-packages\playwright\sync_api\_generated.py", line 12529, in wait_for_timeout
    self._sync(
  File "C:\Users\youre\Downloads\ticket_sync\.venv\Lib\site-packages\playwright\_impl\_sync_base.py", line 115, in _sync
    return task.result()
           ^^^^^^^^^^^^^
  File "C:\Users\youre\Downloads\ticket_sync\.venv\Lib\site-packages\playwright\_impl\_page.py", line 1135, in wait_for_timeout
    await self._main_frame.wait_for_timeout(timeout)
  File "C:\Users\youre\Downloads\ticket_sync\.venv\Lib\site-packages\playwright\_impl\_frame.py", line 916, in wait_for_timeout
    await self._channel.send("waitForTimeout", None, {"waitTimeout": timeout})
  File "C:\Users\youre\Downloads\ticket_sync\.venv\Lib\site-packages\playwright\_impl\_connection.py", line 69, in send
    return await self._connection.wrap_api_call(
           ^^^^^^^^^^^^^^^^^^^^^^^^^^^^^^^^^^^^^
  File "C:\Users\youre\Downloads\ticket_sync\.venv\Lib\site-packages\playwright\_impl\_connection.py", line 563, in wrap_api_call
    raise rewrite_error(error, f"{parsed_st['apiName']}: {error}") from None
playwright._impl._errors.TargetClosedError: Page.wait_for_timeout: Target page, context or browser has been closed
2026-07-29 09:40:48 [WARNING] ticket_sync.crawler: 상세 보강 중 오류: Page.wait_for_timeout: Target page, context or browser has been closed
Traceback (most recent call last):
  File "C:\Users\youre\Downloads\ticket_sync\crawler.py", line 1131, in _collect_for_single_status
    filtered[i - 1] = enrich_ticket_from_detail_page(page, t, config, do_freshdesk)
                      ^^^^^^^^^^^^^^^^^^^^^^^^^^^^^^^^^^^^^^^^^^^^^^^^^^^^^^^^^^^^^
  File "C:\Users\youre\Downloads\ticket_sync\crawler.py", line 980, in enrich_ticket_from_detail_page
    if not _click_case_row_by_title(page, title, timeout_ms):
           ^^^^^^^^^^^^^^^^^^^^^^^^^^^^^^^^^^^^^^^^^^^^^^^^^
  File "C:\Users\youre\Downloads\ticket_sync\crawler.py", line 701, in _click_case_row_by_title
    link = _find_locator_in_frames(page, title, exact=True, timeout_ms=timeout_ms)
           ^^^^^^^^^^^^^^^^^^^^^^^^^^^^^^^^^^^^^^^^^^^^^^^^^^^^^^^^^^^^^^^^^^^^^^^
  File "C:\Users\youre\Downloads\ticket_sync\crawler.py", line 117, in _find_locator_in_frames
    _, loc = _find_in_frames_with_frame(page, text, exact=exact, timeout_ms=timeout_ms)
             ^^^^^^^^^^^^^^^^^^^^^^^^^^^^^^^^^^^^^^^^^^^^^^^^^^^^^^^^^^^^^^^^^^^^^^^^^^
  File "C:\Users\youre\Downloads\ticket_sync\crawler.py", line 112, in _find_in_frames_with_frame
    page.wait_for_timeout(300)
  File "C:\Users\youre\Downloads\ticket_sync\.venv\Lib\site-packages\playwright\sync_api\_generated.py", line 12529, in wait_for_timeout
    self._sync(
  File "C:\Users\youre\Downloads\ticket_sync\.venv\Lib\site-packages\playwright\_impl\_sync_base.py", line 115, in _sync
    return task.result()
           ^^^^^^^^^^^^^
  File "C:\Users\youre\Downloads\ticket_sync\.venv\Lib\site-packages\playwright\_impl\_page.py", line 1135, in wait_for_timeout
    await self._main_frame.wait_for_timeout(timeout)
  File "C:\Users\youre\Downloads\ticket_sync\.venv\Lib\site-packages\playwright\_impl\_frame.py", line 916, in wait_for_timeout
    await self._channel.send("waitForTimeout", None, {"waitTimeout": timeout})
  File "C:\Users\youre\Downloads\ticket_sync\.venv\Lib\site-packages\playwright\_impl\_connection.py", line 69, in send
    return await self._connection.wrap_api_call(
           ^^^^^^^^^^^^^^^^^^^^^^^^^^^^^^^^^^^^^
  File "C:\Users\youre\Downloads\ticket_sync\.venv\Lib\site-packages\playwright\_impl\_connection.py", line 563, in wrap_api_call
    raise rewrite_error(error, f"{parsed_st['apiName']}: {error}") from None
playwright._impl._errors.TargetClosedError: Page.wait_for_timeout: Target page, context or browser has been closed
2026-07-29 09:40:48 [WARNING] ticket_sync.crawler: 상세 보강 중 오류: Page.wait_for_timeout: Target page, context or browser has been closed
Traceback (most recent call last):
  File "C:\Users\youre\Downloads\ticket_sync\crawler.py", line 1131, in _collect_for_single_status
    filtered[i - 1] = enrich_ticket_from_detail_page(page, t, config, do_freshdesk)
                      ^^^^^^^^^^^^^^^^^^^^^^^^^^^^^^^^^^^^^^^^^^^^^^^^^^^^^^^^^^^^^
  File "C:\Users\youre\Downloads\ticket_sync\crawler.py", line 980, in enrich_ticket_from_detail_page
    if not _click_case_row_by_title(page, title, timeout_ms):
           ^^^^^^^^^^^^^^^^^^^^^^^^^^^^^^^^^^^^^^^^^^^^^^^^^
  File "C:\Users\youre\Downloads\ticket_sync\crawler.py", line 701, in _click_case_row_by_title
    link = _find_locator_in_frames(page, title, exact=True, timeout_ms=timeout_ms)
           ^^^^^^^^^^^^^^^^^^^^^^^^^^^^^^^^^^^^^^^^^^^^^^^^^^^^^^^^^^^^^^^^^^^^^^^
  File "C:\Users\youre\Downloads\ticket_sync\crawler.py", line 117, in _find_locator_in_frames
    _, loc = _find_in_frames_with_frame(page, text, exact=exact, timeout_ms=timeout_ms)
             ^^^^^^^^^^^^^^^^^^^^^^^^^^^^^^^^^^^^^^^^^^^^^^^^^^^^^^^^^^^^^^^^^^^^^^^^^^
  File "C:\Users\youre\Downloads\ticket_sync\crawler.py", line 112, in _find_in_frames_with_frame
    page.wait_for_timeout(300)
  File "C:\Users\youre\Downloads\ticket_sync\.venv\Lib\site-packages\playwright\sync_api\_generated.py", line 12529, in wait_for_timeout
    self._sync(
  File "C:\Users\youre\Downloads\ticket_sync\.venv\Lib\site-packages\playwright\_impl\_sync_base.py", line 115, in _sync
    return task.result()
           ^^^^^^^^^^^^^
  File "C:\Users\youre\Downloads\ticket_sync\.venv\Lib\site-packages\playwright\_impl\_page.py", line 1135, in wait_for_timeout
    await self._main_frame.wait_for_timeout(timeout)
  File "C:\Users\youre\Downloads\ticket_sync\.venv\Lib\site-packages\playwright\_impl\_frame.py", line 916, in wait_for_timeout
    await self._channel.send("waitForTimeout", None, {"waitTimeout": timeout})
  File "C:\Users\youre\Downloads\ticket_sync\.venv\Lib\site-packages\playwright\_impl\_connection.py", line 69, in send
    return await self._connection.wrap_api_call(
           ^^^^^^^^^^^^^^^^^^^^^^^^^^^^^^^^^^^^^
  File "C:\Users\youre\Downloads\ticket_sync\.venv\Lib\site-packages\playwright\_impl\_connection.py", line 563, in wrap_api_call
    raise rewrite_error(error, f"{parsed_st['apiName']}: {error}") from None
playwright._impl._errors.TargetClosedError: Page.wait_for_timeout: Target page, context or browser has been closed
2026-07-29 09:40:48 [WARNING] ticket_sync.crawler: 상세 보강 중 오류: Page.wait_for_timeout: Target page, context or browser has been closed
Traceback (most recent call last):
  File "C:\Users\youre\Downloads\ticket_sync\crawler.py", line 1131, in _collect_for_single_status
    filtered[i - 1] = enrich_ticket_from_detail_page(page, t, config, do_freshdesk)
                      ^^^^^^^^^^^^^^^^^^^^^^^^^^^^^^^^^^^^^^^^^^^^^^^^^^^^^^^^^^^^^
  File "C:\Users\youre\Downloads\ticket_sync\crawler.py", line 980, in enrich_ticket_from_detail_page
    if not _click_case_row_by_title(page, title, timeout_ms):
           ^^^^^^^^^^^^^^^^^^^^^^^^^^^^^^^^^^^^^^^^^^^^^^^^^
  File "C:\Users\youre\Downloads\ticket_sync\crawler.py", line 701, in _click_case_row_by_title
    link = _find_locator_in_frames(page, title, exact=True, timeout_ms=timeout_ms)
           ^^^^^^^^^^^^^^^^^^^^^^^^^^^^^^^^^^^^^^^^^^^^^^^^^^^^^^^^^^^^^^^^^^^^^^^
  File "C:\Users\youre\Downloads\ticket_sync\crawler.py", line 117, in _find_locator_in_frames
    _, loc = _find_in_frames_with_frame(page, text, exact=exact, timeout_ms=timeout_ms)
             ^^^^^^^^^^^^^^^^^^^^^^^^^^^^^^^^^^^^^^^^^^^^^^^^^^^^^^^^^^^^^^^^^^^^^^^^^^
  File "C:\Users\youre\Downloads\ticket_sync\crawler.py", line 112, in _find_in_frames_with_frame
    page.wait_for_timeout(300)
  File "C:\Users\youre\Downloads\ticket_sync\.venv\Lib\site-packages\playwright\sync_api\_generated.py", line 12529, in wait_for_timeout
    self._sync(
  File "C:\Users\youre\Downloads\ticket_sync\.venv\Lib\site-packages\playwright\_impl\_sync_base.py", line 115, in _sync
    return task.result()
           ^^^^^^^^^^^^^
  File "C:\Users\youre\Downloads\ticket_sync\.venv\Lib\site-packages\playwright\_impl\_page.py", line 1135, in wait_for_timeout
    await self._main_frame.wait_for_timeout(timeout)
  File "C:\Users\youre\Downloads\ticket_sync\.venv\Lib\site-packages\playwright\_impl\_frame.py", line 916, in wait_for_timeout
    await self._channel.send("waitForTimeout", None, {"waitTimeout": timeout})
  File "C:\Users\youre\Downloads\ticket_sync\.venv\Lib\site-packages\playwright\_impl\_connection.py", line 69, in send
    return await self._connection.wrap_api_call(
           ^^^^^^^^^^^^^^^^^^^^^^^^^^^^^^^^^^^^^
  File "C:\Users\youre\Downloads\ticket_sync\.venv\Lib\site-packages\playwright\_impl\_connection.py", line 563, in wrap_api_call
    raise rewrite_error(error, f"{parsed_st['apiName']}: {error}") from None
playwright._impl._errors.TargetClosedError: Page.wait_for_timeout: Target page, context or browser has been closed
2026-07-29 09:40:48 [WARNING] ticket_sync.crawler: 상세 보강 중 오류: Page.wait_for_timeout: Target page, context or browser has been closed
Traceback (most recent call last):
  File "C:\Users\youre\Downloads\ticket_sync\crawler.py", line 1131, in _collect_for_single_status
    filtered[i - 1] = enrich_ticket_from_detail_page(page, t, config, do_freshdesk)
                      ^^^^^^^^^^^^^^^^^^^^^^^^^^^^^^^^^^^^^^^^^^^^^^^^^^^^^^^^^^^^^
  File "C:\Users\youre\Downloads\ticket_sync\crawler.py", line 980, in enrich_ticket_from_detail_page
    if not _click_case_row_by_title(page, title, timeout_ms):
           ^^^^^^^^^^^^^^^^^^^^^^^^^^^^^^^^^^^^^^^^^^^^^^^^^
  File "C:\Users\youre\Downloads\ticket_sync\crawler.py", line 701, in _click_case_row_by_title
    link = _find_locator_in_frames(page, title, exact=True, timeout_ms=timeout_ms)
           ^^^^^^^^^^^^^^^^^^^^^^^^^^^^^^^^^^^^^^^^^^^^^^^^^^^^^^^^^^^^^^^^^^^^^^^
  File "C:\Users\youre\Downloads\ticket_sync\crawler.py", line 117, in _find_locator_in_frames
    _, loc = _find_in_frames_with_frame(page, text, exact=exact, timeout_ms=timeout_ms)
             ^^^^^^^^^^^^^^^^^^^^^^^^^^^^^^^^^^^^^^^^^^^^^^^^^^^^^^^^^^^^^^^^^^^^^^^^^^
  File "C:\Users\youre\Downloads\ticket_sync\crawler.py", line 112, in _find_in_frames_with_frame
    page.wait_for_timeout(300)
  File "C:\Users\youre\Downloads\ticket_sync\.venv\Lib\site-packages\playwright\sync_api\_generated.py", line 12529, in wait_for_timeout
    self._sync(
  File "C:\Users\youre\Downloads\ticket_sync\.venv\Lib\site-packages\playwright\_impl\_sync_base.py", line 115, in _sync
    return task.result()
           ^^^^^^^^^^^^^
  File "C:\Users\youre\Downloads\ticket_sync\.venv\Lib\site-packages\playwright\_impl\_page.py", line 1135, in wait_for_timeout
    await self._main_frame.wait_for_timeout(timeout)
  File "C:\Users\youre\Downloads\ticket_sync\.venv\Lib\site-packages\playwright\_impl\_frame.py", line 916, in wait_for_timeout
    await self._channel.send("waitForTimeout", None, {"waitTimeout": timeout})
  File "C:\Users\youre\Downloads\ticket_sync\.venv\Lib\site-packages\playwright\_impl\_connection.py", line 69, in send
    return await self._connection.wrap_api_call(
           ^^^^^^^^^^^^^^^^^^^^^^^^^^^^^^^^^^^^^
  File "C:\Users\youre\Downloads\ticket_sync\.venv\Lib\site-packages\playwright\_impl\_connection.py", line 563, in wrap_api_call
    raise rewrite_error(error, f"{parsed_st['apiName']}: {error}") from None
playwright._impl._errors.TargetClosedError: Page.wait_for_timeout: Target page, context or browser has been closed
2026-07-29 09:40:48 [WARNING] ticket_sync.crawler: 상세 보강 중 오류: Page.wait_for_timeout: Target page, context or browser has been closed
Traceback (most recent call last):
  File "C:\Users\youre\Downloads\ticket_sync\crawler.py", line 1131, in _collect_for_single_status
    filtered[i - 1] = enrich_ticket_from_detail_page(page, t, config, do_freshdesk)
                      ^^^^^^^^^^^^^^^^^^^^^^^^^^^^^^^^^^^^^^^^^^^^^^^^^^^^^^^^^^^^^
  File "C:\Users\youre\Downloads\ticket_sync\crawler.py", line 980, in enrich_ticket_from_detail_page
    if not _click_case_row_by_title(page, title, timeout_ms):
           ^^^^^^^^^^^^^^^^^^^^^^^^^^^^^^^^^^^^^^^^^^^^^^^^^
  File "C:\Users\youre\Downloads\ticket_sync\crawler.py", line 701, in _click_case_row_by_title
    link = _find_locator_in_frames(page, title, exact=True, timeout_ms=timeout_ms)
           ^^^^^^^^^^^^^^^^^^^^^^^^^^^^^^^^^^^^^^^^^^^^^^^^^^^^^^^^^^^^^^^^^^^^^^^
  File "C:\Users\youre\Downloads\ticket_sync\crawler.py", line 117, in _find_locator_in_frames
    _, loc = _find_in_frames_with_frame(page, text, exact=exact, timeout_ms=timeout_ms)
             ^^^^^^^^^^^^^^^^^^^^^^^^^^^^^^^^^^^^^^^^^^^^^^^^^^^^^^^^^^^^^^^^^^^^^^^^^^
  File "C:\Users\youre\Downloads\ticket_sync\crawler.py", line 112, in _find_in_frames_with_frame
    page.wait_for_timeout(300)
  File "C:\Users\youre\Downloads\ticket_sync\.venv\Lib\site-packages\playwright\sync_api\_generated.py", line 12529, in wait_for_timeout
    self._sync(
  File "C:\Users\youre\Downloads\ticket_sync\.venv\Lib\site-packages\playwright\_impl\_sync_base.py", line 115, in _sync
    return task.result()
           ^^^^^^^^^^^^^
  File "C:\Users\youre\Downloads\ticket_sync\.venv\Lib\site-packages\playwright\_impl\_page.py", line 1135, in wait_for_timeout
    await self._main_frame.wait_for_timeout(timeout)
  File "C:\Users\youre\Downloads\ticket_sync\.venv\Lib\site-packages\playwright\_impl\_frame.py", line 916, in wait_for_timeout
    await self._channel.send("waitForTimeout", None, {"waitTimeout": timeout})
  File "C:\Users\youre\Downloads\ticket_sync\.venv\Lib\site-packages\playwright\_impl\_connection.py", line 69, in send
    return await self._connection.wrap_api_call(
           ^^^^^^^^^^^^^^^^^^^^^^^^^^^^^^^^^^^^^
  File "C:\Users\youre\Downloads\ticket_sync\.venv\Lib\site-packages\playwright\_impl\_connection.py", line 563, in wrap_api_call
    raise rewrite_error(error, f"{parsed_st['apiName']}: {error}") from None
playwright._impl._errors.TargetClosedError: Page.wait_for_timeout: Target page, context or browser has been closed
2026-07-29 09:40:48 [WARNING] ticket_sync.crawler: 상세 보강 중 오류: Page.wait_for_timeout: Target page, context or browser has been closed
Traceback (most recent call last):
  File "C:\Users\youre\Downloads\ticket_sync\crawler.py", line 1131, in _collect_for_single_status
    filtered[i - 1] = enrich_ticket_from_detail_page(page, t, config, do_freshdesk)
                      ^^^^^^^^^^^^^^^^^^^^^^^^^^^^^^^^^^^^^^^^^^^^^^^^^^^^^^^^^^^^^
  File "C:\Users\youre\Downloads\ticket_sync\crawler.py", line 980, in enrich_ticket_from_detail_page
    if not _click_case_row_by_title(page, title, timeout_ms):
           ^^^^^^^^^^^^^^^^^^^^^^^^^^^^^^^^^^^^^^^^^^^^^^^^^
  File "C:\Users\youre\Downloads\ticket_sync\crawler.py", line 701, in _click_case_row_by_title
    link = _find_locator_in_frames(page, title, exact=True, timeout_ms=timeout_ms)
           ^^^^^^^^^^^^^^^^^^^^^^^^^^^^^^^^^^^^^^^^^^^^^^^^^^^^^^^^^^^^^^^^^^^^^^^
  File "C:\Users\youre\Downloads\ticket_sync\crawler.py", line 117, in _find_locator_in_frames
    _, loc = _find_in_frames_with_frame(page, text, exact=exact, timeout_ms=timeout_ms)
             ^^^^^^^^^^^^^^^^^^^^^^^^^^^^^^^^^^^^^^^^^^^^^^^^^^^^^^^^^^^^^^^^^^^^^^^^^^
  File "C:\Users\youre\Downloads\ticket_sync\crawler.py", line 112, in _find_in_frames_with_frame
    page.wait_for_timeout(300)
  File "C:\Users\youre\Downloads\ticket_sync\.venv\Lib\site-packages\playwright\sync_api\_generated.py", line 12529, in wait_for_timeout
    self._sync(
  File "C:\Users\youre\Downloads\ticket_sync\.venv\Lib\site-packages\playwright\_impl\_sync_base.py", line 115, in _sync
    return task.result()
           ^^^^^^^^^^^^^
  File "C:\Users\youre\Downloads\ticket_sync\.venv\Lib\site-packages\playwright\_impl\_page.py", line 1135, in wait_for_timeout
    await self._main_frame.wait_for_timeout(timeout)
  File "C:\Users\youre\Downloads\ticket_sync\.venv\Lib\site-packages\playwright\_impl\_frame.py", line 916, in wait_for_timeout
    await self._channel.send("waitForTimeout", None, {"waitTimeout": timeout})
  File "C:\Users\youre\Downloads\ticket_sync\.venv\Lib\site-packages\playwright\_impl\_connection.py", line 69, in send
    return await self._connection.wrap_api_call(
           ^^^^^^^^^^^^^^^^^^^^^^^^^^^^^^^^^^^^^
  File "C:\Users\youre\Downloads\ticket_sync\.venv\Lib\site-packages\playwright\_impl\_connection.py", line 563, in wrap_api_call
    raise rewrite_error(error, f"{parsed_st['apiName']}: {error}") from None
playwright._impl._errors.TargetClosedError: Page.wait_for_timeout: Target page, context or browser has been closed
2026-07-29 09:40:48 [WARNING] ticket_sync.crawler: 상세 보강 중 오류: Page.wait_for_timeout: Target page, context or browser has been closed
Traceback (most recent call last):
  File "C:\Users\youre\Downloads\ticket_sync\crawler.py", line 1131, in _collect_for_single_status
    filtered[i - 1] = enrich_ticket_from_detail_page(page, t, config, do_freshdesk)
                      ^^^^^^^^^^^^^^^^^^^^^^^^^^^^^^^^^^^^^^^^^^^^^^^^^^^^^^^^^^^^^
  File "C:\Users\youre\Downloads\ticket_sync\crawler.py", line 980, in enrich_ticket_from_detail_page
    if not _click_case_row_by_title(page, title, timeout_ms):
           ^^^^^^^^^^^^^^^^^^^^^^^^^^^^^^^^^^^^^^^^^^^^^^^^^
  File "C:\Users\youre\Downloads\ticket_sync\crawler.py", line 701, in _click_case_row_by_title
    link = _find_locator_in_frames(page, title, exact=True, timeout_ms=timeout_ms)
           ^^^^^^^^^^^^^^^^^^^^^^^^^^^^^^^^^^^^^^^^^^^^^^^^^^^^^^^^^^^^^^^^^^^^^^^
  File "C:\Users\youre\Downloads\ticket_sync\crawler.py", line 117, in _find_locator_in_frames
    _, loc = _find_in_frames_with_frame(page, text, exact=exact, timeout_ms=timeout_ms)
             ^^^^^^^^^^^^^^^^^^^^^^^^^^^^^^^^^^^^^^^^^^^^^^^^^^^^^^^^^^^^^^^^^^^^^^^^^^
  File "C:\Users\youre\Downloads\ticket_sync\crawler.py", line 112, in _find_in_frames_with_frame
    page.wait_for_timeout(300)
  File "C:\Users\youre\Downloads\ticket_sync\.venv\Lib\site-packages\playwright\sync_api\_generated.py", line 12529, in wait_for_timeout
    self._sync(
  File "C:\Users\youre\Downloads\ticket_sync\.venv\Lib\site-packages\playwright\_impl\_sync_base.py", line 115, in _sync
    return task.result()
           ^^^^^^^^^^^^^
  File "C:\Users\youre\Downloads\ticket_sync\.venv\Lib\site-packages\playwright\_impl\_page.py", line 1135, in wait_for_timeout
    await self._main_frame.wait_for_timeout(timeout)
  File "C:\Users\youre\Downloads\ticket_sync\.venv\Lib\site-packages\playwright\_impl\_frame.py", line 916, in wait_for_timeout
    await self._channel.send("waitForTimeout", None, {"waitTimeout": timeout})
  File "C:\Users\youre\Downloads\ticket_sync\.venv\Lib\site-packages\playwright\_impl\_connection.py", line 69, in send
    return await self._connection.wrap_api_call(
           ^^^^^^^^^^^^^^^^^^^^^^^^^^^^^^^^^^^^^
  File "C:\Users\youre\Downloads\ticket_sync\.venv\Lib\site-packages\playwright\_impl\_connection.py", line 563, in wrap_api_call
    raise rewrite_error(error, f"{parsed_st['apiName']}: {error}") from None
playwright._impl._errors.TargetClosedError: Page.wait_for_timeout: Target page, context or browser has been closed
2026-07-29 09:40:48 [WARNING] ticket_sync.crawler: 상세 보강 중 오류: Page.wait_for_timeout: Target page, context or browser has been closed
Traceback (most recent call last):
  File "C:\Users\youre\Downloads\ticket_sync\crawler.py", line 1131, in _collect_for_single_status
    filtered[i - 1] = enrich_ticket_from_detail_page(page, t, config, do_freshdesk)
                      ^^^^^^^^^^^^^^^^^^^^^^^^^^^^^^^^^^^^^^^^^^^^^^^^^^^^^^^^^^^^^
  File "C:\Users\youre\Downloads\ticket_sync\crawler.py", line 980, in enrich_ticket_from_detail_page
    if not _click_case_row_by_title(page, title, timeout_ms):
           ^^^^^^^^^^^^^^^^^^^^^^^^^^^^^^^^^^^^^^^^^^^^^^^^^
  File "C:\Users\youre\Downloads\ticket_sync\crawler.py", line 701, in _click_case_row_by_title
    link = _find_locator_in_frames(page, title, exact=True, timeout_ms=timeout_ms)
           ^^^^^^^^^^^^^^^^^^^^^^^^^^^^^^^^^^^^^^^^^^^^^^^^^^^^^^^^^^^^^^^^^^^^^^^
  File "C:\Users\youre\Downloads\ticket_sync\crawler.py", line 117, in _find_locator_in_frames
    _, loc = _find_in_frames_with_frame(page, text, exact=exact, timeout_ms=timeout_ms)
             ^^^^^^^^^^^^^^^^^^^^^^^^^^^^^^^^^^^^^^^^^^^^^^^^^^^^^^^^^^^^^^^^^^^^^^^^^^
  File "C:\Users\youre\Downloads\ticket_sync\crawler.py", line 112, in _find_in_frames_with_frame
    page.wait_for_timeout(300)
  File "C:\Users\youre\Downloads\ticket_sync\.venv\Lib\site-packages\playwright\sync_api\_generated.py", line 12529, in wait_for_timeout
    self._sync(
  File "C:\Users\youre\Downloads\ticket_sync\.venv\Lib\site-packages\playwright\_impl\_sync_base.py", line 115, in _sync
    return task.result()
           ^^^^^^^^^^^^^
  File "C:\Users\youre\Downloads\ticket_sync\.venv\Lib\site-packages\playwright\_impl\_page.py", line 1135, in wait_for_timeout
    await self._main_frame.wait_for_timeout(timeout)
  File "C:\Users\youre\Downloads\ticket_sync\.venv\Lib\site-packages\playwright\_impl\_frame.py", line 916, in wait_for_timeout
    await self._channel.send("waitForTimeout", None, {"waitTimeout": timeout})
  File "C:\Users\youre\Downloads\ticket_sync\.venv\Lib\site-packages\playwright\_impl\_connection.py", line 69, in send
    return await self._connection.wrap_api_call(
           ^^^^^^^^^^^^^^^^^^^^^^^^^^^^^^^^^^^^^
  File "C:\Users\youre\Downloads\ticket_sync\.venv\Lib\site-packages\playwright\_impl\_connection.py", line 563, in wrap_api_call
    raise rewrite_error(error, f"{parsed_st['apiName']}: {error}") from None
playwright._impl._errors.TargetClosedError: Page.wait_for_timeout: Target page, context or browser has been closed
2026-07-29 09:40:48 [WARNING] ticket_sync.crawler: 상세 보강 중 오류: Page.wait_for_timeout: Target page, context or browser has been closed
Traceback (most recent call last):
  File "C:\Users\youre\Downloads\ticket_sync\crawler.py", line 1131, in _collect_for_single_status
    filtered[i - 1] = enrich_ticket_from_detail_page(page, t, config, do_freshdesk)
                      ^^^^^^^^^^^^^^^^^^^^^^^^^^^^^^^^^^^^^^^^^^^^^^^^^^^^^^^^^^^^^
  File "C:\Users\youre\Downloads\ticket_sync\crawler.py", line 980, in enrich_ticket_from_detail_page
    if not _click_case_row_by_title(page, title, timeout_ms):
           ^^^^^^^^^^^^^^^^^^^^^^^^^^^^^^^^^^^^^^^^^^^^^^^^^
  File "C:\Users\youre\Downloads\ticket_sync\crawler.py", line 701, in _click_case_row_by_title
    link = _find_locator_in_frames(page, title, exact=True, timeout_ms=timeout_ms)
           ^^^^^^^^^^^^^^^^^^^^^^^^^^^^^^^^^^^^^^^^^^^^^^^^^^^^^^^^^^^^^^^^^^^^^^^
  File "C:\Users\youre\Downloads\ticket_sync\crawler.py", line 117, in _find_locator_in_frames
    _, loc = _find_in_frames_with_frame(page, text, exact=exact, timeout_ms=timeout_ms)
             ^^^^^^^^^^^^^^^^^^^^^^^^^^^^^^^^^^^^^^^^^^^^^^^^^^^^^^^^^^^^^^^^^^^^^^^^^^
  File "C:\Users\youre\Downloads\ticket_sync\crawler.py", line 112, in _find_in_frames_with_frame
    page.wait_for_timeout(300)
  File "C:\Users\youre\Downloads\ticket_sync\.venv\Lib\site-packages\playwright\sync_api\_generated.py", line 12529, in wait_for_timeout
    self._sync(
  File "C:\Users\youre\Downloads\ticket_sync\.venv\Lib\site-packages\playwright\_impl\_sync_base.py", line 115, in _sync
    return task.result()
           ^^^^^^^^^^^^^
  File "C:\Users\youre\Downloads\ticket_sync\.venv\Lib\site-packages\playwright\_impl\_page.py", line 1135, in wait_for_timeout
    await self._main_frame.wait_for_timeout(timeout)
  File "C:\Users\youre\Downloads\ticket_sync\.venv\Lib\site-packages\playwright\_impl\_frame.py", line 916, in wait_for_timeout
    await self._channel.send("waitForTimeout", None, {"waitTimeout": timeout})
  File "C:\Users\youre\Downloads\ticket_sync\.venv\Lib\site-packages\playwright\_impl\_connection.py", line 69, in send
    return await self._connection.wrap_api_call(
           ^^^^^^^^^^^^^^^^^^^^^^^^^^^^^^^^^^^^^
  File "C:\Users\youre\Downloads\ticket_sync\.venv\Lib\site-packages\playwright\_impl\_connection.py", line 563, in wrap_api_call
    raise rewrite_error(error, f"{parsed_st['apiName']}: {error}") from None
playwright._impl._errors.TargetClosedError: Page.wait_for_timeout: Target page, context or browser has been closed
2026-07-29 09:40:48 [WARNING] ticket_sync.crawler: 상세 보강 중 오류: Page.wait_for_timeout: Target page, context or browser has been closed
Traceback (most recent call last):
  File "C:\Users\youre\Downloads\ticket_sync\crawler.py", line 1131, in _collect_for_single_status
    filtered[i - 1] = enrich_ticket_from_detail_page(page, t, config, do_freshdesk)
                      ^^^^^^^^^^^^^^^^^^^^^^^^^^^^^^^^^^^^^^^^^^^^^^^^^^^^^^^^^^^^^
  File "C:\Users\youre\Downloads\ticket_sync\crawler.py", line 980, in enrich_ticket_from_detail_page
    if not _click_case_row_by_title(page, title, timeout_ms):
           ^^^^^^^^^^^^^^^^^^^^^^^^^^^^^^^^^^^^^^^^^^^^^^^^^
  File "C:\Users\youre\Downloads\ticket_sync\crawler.py", line 701, in _click_case_row_by_title
    link = _find_locator_in_frames(page, title, exact=True, timeout_ms=timeout_ms)
           ^^^^^^^^^^^^^^^^^^^^^^^^^^^^^^^^^^^^^^^^^^^^^^^^^^^^^^^^^^^^^^^^^^^^^^^
  File "C:\Users\youre\Downloads\ticket_sync\crawler.py", line 117, in _find_locator_in_frames
    _, loc = _find_in_frames_with_frame(page, text, exact=exact, timeout_ms=timeout_ms)
             ^^^^^^^^^^^^^^^^^^^^^^^^^^^^^^^^^^^^^^^^^^^^^^^^^^^^^^^^^^^^^^^^^^^^^^^^^^
  File "C:\Users\youre\Downloads\ticket_sync\crawler.py", line 112, in _find_in_frames_with_frame
    page.wait_for_timeout(300)
  File "C:\Users\youre\Downloads\ticket_sync\.venv\Lib\site-packages\playwright\sync_api\_generated.py", line 12529, in wait_for_timeout
    self._sync(
  File "C:\Users\youre\Downloads\ticket_sync\.venv\Lib\site-packages\playwright\_impl\_sync_base.py", line 115, in _sync
    return task.result()
           ^^^^^^^^^^^^^
  File "C:\Users\youre\Downloads\ticket_sync\.venv\Lib\site-packages\playwright\_impl\_page.py", line 1135, in wait_for_timeout
    await self._main_frame.wait_for_timeout(timeout)
  File "C:\Users\youre\Downloads\ticket_sync\.venv\Lib\site-packages\playwright\_impl\_frame.py", line 916, in wait_for_timeout
    await self._channel.send("waitForTimeout", None, {"waitTimeout": timeout})
  File "C:\Users\youre\Downloads\ticket_sync\.venv\Lib\site-packages\playwright\_impl\_connection.py", line 69, in send
    return await self._connection.wrap_api_call(
           ^^^^^^^^^^^^^^^^^^^^^^^^^^^^^^^^^^^^^
  File "C:\Users\youre\Downloads\ticket_sync\.venv\Lib\site-packages\playwright\_impl\_connection.py", line 563, in wrap_api_call
    raise rewrite_error(error, f"{parsed_st['apiName']}: {error}") from None
playwright._impl._errors.TargetClosedError: Page.wait_for_timeout: Target page, context or browser has been closed
2026-07-29 09:40:48 [WARNING] ticket_sync.crawler: 상세 보강 중 오류: Page.wait_for_timeout: Target page, context or browser has been closed
Traceback (most recent call last):
  File "C:\Users\youre\Downloads\ticket_sync\crawler.py", line 1131, in _collect_for_single_status
    filtered[i - 1] = enrich_ticket_from_detail_page(page, t, config, do_freshdesk)
                      ^^^^^^^^^^^^^^^^^^^^^^^^^^^^^^^^^^^^^^^^^^^^^^^^^^^^^^^^^^^^^
  File "C:\Users\youre\Downloads\ticket_sync\crawler.py", line 980, in enrich_ticket_from_detail_page
    if not _click_case_row_by_title(page, title, timeout_ms):
           ^^^^^^^^^^^^^^^^^^^^^^^^^^^^^^^^^^^^^^^^^^^^^^^^^
  File "C:\Users\youre\Downloads\ticket_sync\crawler.py", line 701, in _click_case_row_by_title
    link = _find_locator_in_frames(page, title, exact=True, timeout_ms=timeout_ms)
           ^^^^^^^^^^^^^^^^^^^^^^^^^^^^^^^^^^^^^^^^^^^^^^^^^^^^^^^^^^^^^^^^^^^^^^^
  File "C:\Users\youre\Downloads\ticket_sync\crawler.py", line 117, in _find_locator_in_frames
    _, loc = _find_in_frames_with_frame(page, text, exact=exact, timeout_ms=timeout_ms)
             ^^^^^^^^^^^^^^^^^^^^^^^^^^^^^^^^^^^^^^^^^^^^^^^^^^^^^^^^^^^^^^^^^^^^^^^^^^
  File "C:\Users\youre\Downloads\ticket_sync\crawler.py", line 112, in _find_in_frames_with_frame
    page.wait_for_timeout(300)
  File "C:\Users\youre\Downloads\ticket_sync\.venv\Lib\site-packages\playwright\sync_api\_generated.py", line 12529, in wait_for_timeout
    self._sync(
  File "C:\Users\youre\Downloads\ticket_sync\.venv\Lib\site-packages\playwright\_impl\_sync_base.py", line 115, in _sync
    return task.result()
           ^^^^^^^^^^^^^
  File "C:\Users\youre\Downloads\ticket_sync\.venv\Lib\site-packages\playwright\_impl\_page.py", line 1135, in wait_for_timeout
    await self._main_frame.wait_for_timeout(timeout)
  File "C:\Users\youre\Downloads\ticket_sync\.venv\Lib\site-packages\playwright\_impl\_frame.py", line 916, in wait_for_timeout
    await self._channel.send("waitForTimeout", None, {"waitTimeout": timeout})
  File "C:\Users\youre\Downloads\ticket_sync\.venv\Lib\site-packages\playwright\_impl\_connection.py", line 69, in send
    return await self._connection.wrap_api_call(
           ^^^^^^^^^^^^^^^^^^^^^^^^^^^^^^^^^^^^^
  File "C:\Users\youre\Downloads\ticket_sync\.venv\Lib\site-packages\playwright\_impl\_connection.py", line 563, in wrap_api_call
    raise rewrite_error(error, f"{parsed_st['apiName']}: {error}") from None
playwright._impl._errors.TargetClosedError: Page.wait_for_timeout: Target page, context or browser has been closed
2026-07-29 09:40:48 [WARNING] ticket_sync.crawler: 상세 보강 중 오류: Page.wait_for_timeout: Target page, context or browser has been closed
Traceback (most recent call last):
  File "C:\Users\youre\Downloads\ticket_sync\crawler.py", line 1131, in _collect_for_single_status
    filtered[i - 1] = enrich_ticket_from_detail_page(page, t, config, do_freshdesk)
                      ^^^^^^^^^^^^^^^^^^^^^^^^^^^^^^^^^^^^^^^^^^^^^^^^^^^^^^^^^^^^^
  File "C:\Users\youre\Downloads\ticket_sync\crawler.py", line 980, in enrich_ticket_from_detail_page
    if not _click_case_row_by_title(page, title, timeout_ms):
           ^^^^^^^^^^^^^^^^^^^^^^^^^^^^^^^^^^^^^^^^^^^^^^^^^
  File "C:\Users\youre\Downloads\ticket_sync\crawler.py", line 701, in _click_case_row_by_title
    link = _find_locator_in_frames(page, title, exact=True, timeout_ms=timeout_ms)
           ^^^^^^^^^^^^^^^^^^^^^^^^^^^^^^^^^^^^^^^^^^^^^^^^^^^^^^^^^^^^^^^^^^^^^^^
  File "C:\Users\youre\Downloads\ticket_sync\crawler.py", line 117, in _find_locator_in_frames
    _, loc = _find_in_frames_with_frame(page, text, exact=exact, timeout_ms=timeout_ms)
             ^^^^^^^^^^^^^^^^^^^^^^^^^^^^^^^^^^^^^^^^^^^^^^^^^^^^^^^^^^^^^^^^^^^^^^^^^^
  File "C:\Users\youre\Downloads\ticket_sync\crawler.py", line 112, in _find_in_frames_with_frame
    page.wait_for_timeout(300)
  File "C:\Users\youre\Downloads\ticket_sync\.venv\Lib\site-packages\playwright\sync_api\_generated.py", line 12529, in wait_for_timeout
    self._sync(
  File "C:\Users\youre\Downloads\ticket_sync\.venv\Lib\site-packages\playwright\_impl\_sync_base.py", line 115, in _sync
    return task.result()
           ^^^^^^^^^^^^^
  File "C:\Users\youre\Downloads\ticket_sync\.venv\Lib\site-packages\playwright\_impl\_page.py", line 1135, in wait_for_timeout
    await self._main_frame.wait_for_timeout(timeout)
  File "C:\Users\youre\Downloads\ticket_sync\.venv\Lib\site-packages\playwright\_impl\_frame.py", line 916, in wait_for_timeout
    await self._channel.send("waitForTimeout", None, {"waitTimeout": timeout})
  File "C:\Users\youre\Downloads\ticket_sync\.venv\Lib\site-packages\playwright\_impl\_connection.py", line 69, in send
    return await self._connection.wrap_api_call(
           ^^^^^^^^^^^^^^^^^^^^^^^^^^^^^^^^^^^^^
  File "C:\Users\youre\Downloads\ticket_sync\.venv\Lib\site-packages\playwright\_impl\_connection.py", line 563, in wrap_api_call
    raise rewrite_error(error, f"{parsed_st['apiName']}: {error}") from None
playwright._impl._errors.TargetClosedError: Page.wait_for_timeout: Target page, context or browser has been closed
2026-07-29 09:40:48 [WARNING] ticket_sync.crawler: 상세 보강 중 오류: Page.wait_for_timeout: Target page, context or browser has been closed
Traceback (most recent call last):
  File "C:\Users\youre\Downloads\ticket_sync\crawler.py", line 1131, in _collect_for_single_status
    filtered[i - 1] = enrich_ticket_from_detail_page(page, t, config, do_freshdesk)
                      ^^^^^^^^^^^^^^^^^^^^^^^^^^^^^^^^^^^^^^^^^^^^^^^^^^^^^^^^^^^^^
  File "C:\Users\youre\Downloads\ticket_sync\crawler.py", line 980, in enrich_ticket_from_detail_page
    if not _click_case_row_by_title(page, title, timeout_ms):
           ^^^^^^^^^^^^^^^^^^^^^^^^^^^^^^^^^^^^^^^^^^^^^^^^^
  File "C:\Users\youre\Downloads\ticket_sync\crawler.py", line 701, in _click_case_row_by_title
    link = _find_locator_in_frames(page, title, exact=True, timeout_ms=timeout_ms)
           ^^^^^^^^^^^^^^^^^^^^^^^^^^^^^^^^^^^^^^^^^^^^^^^^^^^^^^^^^^^^^^^^^^^^^^^
  File "C:\Users\youre\Downloads\ticket_sync\crawler.py", line 117, in _find_locator_in_frames
    _, loc = _find_in_frames_with_frame(page, text, exact=exact, timeout_ms=timeout_ms)
             ^^^^^^^^^^^^^^^^^^^^^^^^^^^^^^^^^^^^^^^^^^^^^^^^^^^^^^^^^^^^^^^^^^^^^^^^^^
  File "C:\Users\youre\Downloads\ticket_sync\crawler.py", line 112, in _find_in_frames_with_frame
    page.wait_for_timeout(300)
  File "C:\Users\youre\Downloads\ticket_sync\.venv\Lib\site-packages\playwright\sync_api\_generated.py", line 12529, in wait_for_timeout
    self._sync(
  File "C:\Users\youre\Downloads\ticket_sync\.venv\Lib\site-packages\playwright\_impl\_sync_base.py", line 115, in _sync
    return task.result()
           ^^^^^^^^^^^^^
  File "C:\Users\youre\Downloads\ticket_sync\.venv\Lib\site-packages\playwright\_impl\_page.py", line 1135, in wait_for_timeout
    await self._main_frame.wait_for_timeout(timeout)
  File "C:\Users\youre\Downloads\ticket_sync\.venv\Lib\site-packages\playwright\_impl\_frame.py", line 916, in wait_for_timeout
    await self._channel.send("waitForTimeout", None, {"waitTimeout": timeout})
  File "C:\Users\youre\Downloads\ticket_sync\.venv\Lib\site-packages\playwright\_impl\_connection.py", line 69, in send
    return await self._connection.wrap_api_call(
           ^^^^^^^^^^^^^^^^^^^^^^^^^^^^^^^^^^^^^
  File "C:\Users\youre\Downloads\ticket_sync\.venv\Lib\site-packages\playwright\_impl\_connection.py", line 563, in wrap_api_call
    raise rewrite_error(error, f"{parsed_st['apiName']}: {error}") from None
playwright._impl._errors.TargetClosedError: Page.wait_for_timeout: Target page, context or browser has been closed
2026-07-29 09:40:48 [WARNING] ticket_sync.crawler: 상세 보강 중 오류: Page.wait_for_timeout: Target page, context or browser has been closed
Traceback (most recent call last):
  File "C:\Users\youre\Downloads\ticket_sync\crawler.py", line 1131, in _collect_for_single_status
    filtered[i - 1] = enrich_ticket_from_detail_page(page, t, config, do_freshdesk)
                      ^^^^^^^^^^^^^^^^^^^^^^^^^^^^^^^^^^^^^^^^^^^^^^^^^^^^^^^^^^^^^
  File "C:\Users\youre\Downloads\ticket_sync\crawler.py", line 980, in enrich_ticket_from_detail_page
    if not _click_case_row_by_title(page, title, timeout_ms):
           ^^^^^^^^^^^^^^^^^^^^^^^^^^^^^^^^^^^^^^^^^^^^^^^^^
  File "C:\Users\youre\Downloads\ticket_sync\crawler.py", line 701, in _click_case_row_by_title
    link = _find_locator_in_frames(page, title, exact=True, timeout_ms=timeout_ms)
           ^^^^^^^^^^^^^^^^^^^^^^^^^^^^^^^^^^^^^^^^^^^^^^^^^^^^^^^^^^^^^^^^^^^^^^^
  File "C:\Users\youre\Downloads\ticket_sync\crawler.py", line 117, in _find_locator_in_frames
    _, loc = _find_in_frames_with_frame(page, text, exact=exact, timeout_ms=timeout_ms)
             ^^^^^^^^^^^^^^^^^^^^^^^^^^^^^^^^^^^^^^^^^^^^^^^^^^^^^^^^^^^^^^^^^^^^^^^^^^
  File "C:\Users\youre\Downloads\ticket_sync\crawler.py", line 112, in _find_in_frames_with_frame
    page.wait_for_timeout(300)
  File "C:\Users\youre\Downloads\ticket_sync\.venv\Lib\site-packages\playwright\sync_api\_generated.py", line 12529, in wait_for_timeout
    self._sync(
  File "C:\Users\youre\Downloads\ticket_sync\.venv\Lib\site-packages\playwright\_impl\_sync_base.py", line 115, in _sync
    return task.result()
           ^^^^^^^^^^^^^
  File "C:\Users\youre\Downloads\ticket_sync\.venv\Lib\site-packages\playwright\_impl\_page.py", line 1135, in wait_for_timeout
    await self._main_frame.wait_for_timeout(timeout)
  File "C:\Users\youre\Downloads\ticket_sync\.venv\Lib\site-packages\playwright\_impl\_frame.py", line 916, in wait_for_timeout
    await self._channel.send("waitForTimeout", None, {"waitTimeout": timeout})
  File "C:\Users\youre\Downloads\ticket_sync\.venv\Lib\site-packages\playwright\_impl\_connection.py", line 69, in send
    return await self._connection.wrap_api_call(
           ^^^^^^^^^^^^^^^^^^^^^^^^^^^^^^^^^^^^^
  File "C:\Users\youre\Downloads\ticket_sync\.venv\Lib\site-packages\playwright\_impl\_connection.py", line 563, in wrap_api_call
    raise rewrite_error(error, f"{parsed_st['apiName']}: {error}") from None
playwright._impl._errors.TargetClosedError: Page.wait_for_timeout: Target page, context or browser has been closed
2026-07-29 09:40:48 [WARNING] ticket_sync.crawler: 상세 보강 중 오류: Page.wait_for_timeout: Target page, context or browser has been closed
Traceback (most recent call last):
  File "C:\Users\youre\Downloads\ticket_sync\crawler.py", line 1131, in _collect_for_single_status
    filtered[i - 1] = enrich_ticket_from_detail_page(page, t, config, do_freshdesk)
                      ^^^^^^^^^^^^^^^^^^^^^^^^^^^^^^^^^^^^^^^^^^^^^^^^^^^^^^^^^^^^^
  File "C:\Users\youre\Downloads\ticket_sync\crawler.py", line 980, in enrich_ticket_from_detail_page
    if not _click_case_row_by_title(page, title, timeout_ms):
           ^^^^^^^^^^^^^^^^^^^^^^^^^^^^^^^^^^^^^^^^^^^^^^^^^
  File "C:\Users\youre\Downloads\ticket_sync\crawler.py", line 701, in _click_case_row_by_title
    link = _find_locator_in_frames(page, title, exact=True, timeout_ms=timeout_ms)
           ^^^^^^^^^^^^^^^^^^^^^^^^^^^^^^^^^^^^^^^^^^^^^^^^^^^^^^^^^^^^^^^^^^^^^^^
  File "C:\Users\youre\Downloads\ticket_sync\crawler.py", line 117, in _find_locator_in_frames
    _, loc = _find_in_frames_with_frame(page, text, exact=exact, timeout_ms=timeout_ms)
             ^^^^^^^^^^^^^^^^^^^^^^^^^^^^^^^^^^^^^^^^^^^^^^^^^^^^^^^^^^^^^^^^^^^^^^^^^^
  File "C:\Users\youre\Downloads\ticket_sync\crawler.py", line 112, in _find_in_frames_with_frame
    page.wait_for_timeout(300)
  File "C:\Users\youre\Downloads\ticket_sync\.venv\Lib\site-packages\playwright\sync_api\_generated.py", line 12529, in wait_for_timeout
    self._sync(
  File "C:\Users\youre\Downloads\ticket_sync\.venv\Lib\site-packages\playwright\_impl\_sync_base.py", line 115, in _sync
    return task.result()
           ^^^^^^^^^^^^^
  File "C:\Users\youre\Downloads\ticket_sync\.venv\Lib\site-packages\playwright\_impl\_page.py", line 1135, in wait_for_timeout
    await self._main_frame.wait_for_timeout(timeout)
  File "C:\Users\youre\Downloads\ticket_sync\.venv\Lib\site-packages\playwright\_impl\_frame.py", line 916, in wait_for_timeout
    await self._channel.send("waitForTimeout", None, {"waitTimeout": timeout})
  File "C:\Users\youre\Downloads\ticket_sync\.venv\Lib\site-packages\playwright\_impl\_connection.py", line 69, in send
    return await self._connection.wrap_api_call(
           ^^^^^^^^^^^^^^^^^^^^^^^^^^^^^^^^^^^^^
  File "C:\Users\youre\Downloads\ticket_sync\.venv\Lib\site-packages\playwright\_impl\_connection.py", line 563, in wrap_api_call
    raise rewrite_error(error, f"{parsed_st['apiName']}: {error}") from None
playwright._impl._errors.TargetClosedError: Page.wait_for_timeout: Target page, context or browser has been closed
2026-07-29 09:40:48 [WARNING] ticket_sync.crawler: 상세 보강 중 오류: Page.wait_for_timeout: Target page, context or browser has been closed
Traceback (most recent call last):
  File "C:\Users\youre\Downloads\ticket_sync\crawler.py", line 1131, in _collect_for_single_status
    filtered[i - 1] = enrich_ticket_from_detail_page(page, t, config, do_freshdesk)
                      ^^^^^^^^^^^^^^^^^^^^^^^^^^^^^^^^^^^^^^^^^^^^^^^^^^^^^^^^^^^^^
  File "C:\Users\youre\Downloads\ticket_sync\crawler.py", line 980, in enrich_ticket_from_detail_page
    if not _click_case_row_by_title(page, title, timeout_ms):
           ^^^^^^^^^^^^^^^^^^^^^^^^^^^^^^^^^^^^^^^^^^^^^^^^^
  File "C:\Users\youre\Downloads\ticket_sync\crawler.py", line 701, in _click_case_row_by_title
    link = _find_locator_in_frames(page, title, exact=True, timeout_ms=timeout_ms)
           ^^^^^^^^^^^^^^^^^^^^^^^^^^^^^^^^^^^^^^^^^^^^^^^^^^^^^^^^^^^^^^^^^^^^^^^
  File "C:\Users\youre\Downloads\ticket_sync\crawler.py", line 117, in _find_locator_in_frames
    _, loc = _find_in_frames_with_frame(page, text, exact=exact, timeout_ms=timeout_ms)
             ^^^^^^^^^^^^^^^^^^^^^^^^^^^^^^^^^^^^^^^^^^^^^^^^^^^^^^^^^^^^^^^^^^^^^^^^^^
  File "C:\Users\youre\Downloads\ticket_sync\crawler.py", line 112, in _find_in_frames_with_frame
    page.wait_for_timeout(300)
  File "C:\Users\youre\Downloads\ticket_sync\.venv\Lib\site-packages\playwright\sync_api\_generated.py", line 12529, in wait_for_timeout
    self._sync(
  File "C:\Users\youre\Downloads\ticket_sync\.venv\Lib\site-packages\playwright\_impl\_sync_base.py", line 115, in _sync
    return task.result()
           ^^^^^^^^^^^^^
  File "C:\Users\youre\Downloads\ticket_sync\.venv\Lib\site-packages\playwright\_impl\_page.py", line 1135, in wait_for_timeout
    await self._main_frame.wait_for_timeout(timeout)
  File "C:\Users\youre\Downloads\ticket_sync\.venv\Lib\site-packages\playwright\_impl\_frame.py", line 916, in wait_for_timeout
    await self._channel.send("waitForTimeout", None, {"waitTimeout": timeout})
  File "C:\Users\youre\Downloads\ticket_sync\.venv\Lib\site-packages\playwright\_impl\_connection.py", line 69, in send
    return await self._connection.wrap_api_call(
           ^^^^^^^^^^^^^^^^^^^^^^^^^^^^^^^^^^^^^
  File "C:\Users\youre\Downloads\ticket_sync\.venv\Lib\site-packages\playwright\_impl\_connection.py", line 563, in wrap_api_call
    raise rewrite_error(error, f"{parsed_st['apiName']}: {error}") from None
playwright._impl._errors.TargetClosedError: Page.wait_for_timeout: Target page, context or browser has been closed
2026-07-29 09:40:48 [WARNING] ticket_sync.crawler: 상세 보강 중 오류: Page.wait_for_timeout: Target page, context or browser has been closed
Traceback (most recent call last):
  File "C:\Users\youre\Downloads\ticket_sync\crawler.py", line 1131, in _collect_for_single_status
    filtered[i - 1] = enrich_ticket_from_detail_page(page, t, config, do_freshdesk)
                      ^^^^^^^^^^^^^^^^^^^^^^^^^^^^^^^^^^^^^^^^^^^^^^^^^^^^^^^^^^^^^
  File "C:\Users\youre\Downloads\ticket_sync\crawler.py", line 980, in enrich_ticket_from_detail_page
    if not _click_case_row_by_title(page, title, timeout_ms):
           ^^^^^^^^^^^^^^^^^^^^^^^^^^^^^^^^^^^^^^^^^^^^^^^^^
  File "C:\Users\youre\Downloads\ticket_sync\crawler.py", line 701, in _click_case_row_by_title
    link = _find_locator_in_frames(page, title, exact=True, timeout_ms=timeout_ms)
           ^^^^^^^^^^^^^^^^^^^^^^^^^^^^^^^^^^^^^^^^^^^^^^^^^^^^^^^^^^^^^^^^^^^^^^^
  File "C:\Users\youre\Downloads\ticket_sync\crawler.py", line 117, in _find_locator_in_frames
    _, loc = _find_in_frames_with_frame(page, text, exact=exact, timeout_ms=timeout_ms)
             ^^^^^^^^^^^^^^^^^^^^^^^^^^^^^^^^^^^^^^^^^^^^^^^^^^^^^^^^^^^^^^^^^^^^^^^^^^
  File "C:\Users\youre\Downloads\ticket_sync\crawler.py", line 112, in _find_in_frames_with_frame
    page.wait_for_timeout(300)
  File "C:\Users\youre\Downloads\ticket_sync\.venv\Lib\site-packages\playwright\sync_api\_generated.py", line 12529, in wait_for_timeout
    self._sync(
  File "C:\Users\youre\Downloads\ticket_sync\.venv\Lib\site-packages\playwright\_impl\_sync_base.py", line 115, in _sync
    return task.result()
           ^^^^^^^^^^^^^
  File "C:\Users\youre\Downloads\ticket_sync\.venv\Lib\site-packages\playwright\_impl\_page.py", line 1135, in wait_for_timeout
    await self._main_frame.wait_for_timeout(timeout)
  File "C:\Users\youre\Downloads\ticket_sync\.venv\Lib\site-packages\playwright\_impl\_frame.py", line 916, in wait_for_timeout
    await self._channel.send("waitForTimeout", None, {"waitTimeout": timeout})
  File "C:\Users\youre\Downloads\ticket_sync\.venv\Lib\site-packages\playwright\_impl\_connection.py", line 69, in send
    return await self._connection.wrap_api_call(
           ^^^^^^^^^^^^^^^^^^^^^^^^^^^^^^^^^^^^^
  File "C:\Users\youre\Downloads\ticket_sync\.venv\Lib\site-packages\playwright\_impl\_connection.py", line 563, in wrap_api_call
    raise rewrite_error(error, f"{parsed_st['apiName']}: {error}") from None
playwright._impl._errors.TargetClosedError: Page.wait_for_timeout: Target page, context or browser has been closed
2026-07-29 09:40:48 [WARNING] ticket_sync.crawler: 상세 보강 중 오류: Page.wait_for_timeout: Target page, context or browser has been closed
Traceback (most recent call last):
  File "C:\Users\youre\Downloads\ticket_sync\crawler.py", line 1131, in _collect_for_single_status
    filtered[i - 1] = enrich_ticket_from_detail_page(page, t, config, do_freshdesk)
                      ^^^^^^^^^^^^^^^^^^^^^^^^^^^^^^^^^^^^^^^^^^^^^^^^^^^^^^^^^^^^^
  File "C:\Users\youre\Downloads\ticket_sync\crawler.py", line 980, in enrich_ticket_from_detail_page
    if not _click_case_row_by_title(page, title, timeout_ms):
           ^^^^^^^^^^^^^^^^^^^^^^^^^^^^^^^^^^^^^^^^^^^^^^^^^
  File "C:\Users\youre\Downloads\ticket_sync\crawler.py", line 701, in _click_case_row_by_title
    link = _find_locator_in_frames(page, title, exact=True, timeout_ms=timeout_ms)
           ^^^^^^^^^^^^^^^^^^^^^^^^^^^^^^^^^^^^^^^^^^^^^^^^^^^^^^^^^^^^^^^^^^^^^^^
  File "C:\Users\youre\Downloads\ticket_sync\crawler.py", line 117, in _find_locator_in_frames
    _, loc = _find_in_frames_with_frame(page, text, exact=exact, timeout_ms=timeout_ms)
             ^^^^^^^^^^^^^^^^^^^^^^^^^^^^^^^^^^^^^^^^^^^^^^^^^^^^^^^^^^^^^^^^^^^^^^^^^^
  File "C:\Users\youre\Downloads\ticket_sync\crawler.py", line 112, in _find_in_frames_with_frame
    page.wait_for_timeout(300)
  File "C:\Users\youre\Downloads\ticket_sync\.venv\Lib\site-packages\playwright\sync_api\_generated.py", line 12529, in wait_for_timeout
    self._sync(
  File "C:\Users\youre\Downloads\ticket_sync\.venv\Lib\site-packages\playwright\_impl\_sync_base.py", line 115, in _sync
    return task.result()
           ^^^^^^^^^^^^^
  File "C:\Users\youre\Downloads\ticket_sync\.venv\Lib\site-packages\playwright\_impl\_page.py", line 1135, in wait_for_timeout
    await self._main_frame.wait_for_timeout(timeout)
  File "C:\Users\youre\Downloads\ticket_sync\.venv\Lib\site-packages\playwright\_impl\_frame.py", line 916, in wait_for_timeout
    await self._channel.send("waitForTimeout", None, {"waitTimeout": timeout})
  File "C:\Users\youre\Downloads\ticket_sync\.venv\Lib\site-packages\playwright\_impl\_connection.py", line 69, in send
    return await self._connection.wrap_api_call(
           ^^^^^^^^^^^^^^^^^^^^^^^^^^^^^^^^^^^^^
  File "C:\Users\youre\Downloads\ticket_sync\.venv\Lib\site-packages\playwright\_impl\_connection.py", line 563, in wrap_api_call
    raise rewrite_error(error, f"{parsed_st['apiName']}: {error}") from None
playwright._impl._errors.TargetClosedError: Page.wait_for_timeout: Target page, context or browser has been closed
2026-07-29 09:40:48 [WARNING] ticket_sync.crawler: 상세 보강 중 오류: Page.wait_for_timeout: Target page, context or browser has been closed
Traceback (most recent call last):
  File "C:\Users\youre\Downloads\ticket_sync\crawler.py", line 1131, in _collect_for_single_status
    filtered[i - 1] = enrich_ticket_from_detail_page(page, t, config, do_freshdesk)
                      ^^^^^^^^^^^^^^^^^^^^^^^^^^^^^^^^^^^^^^^^^^^^^^^^^^^^^^^^^^^^^
  File "C:\Users\youre\Downloads\ticket_sync\crawler.py", line 980, in enrich_ticket_from_detail_page
    if not _click_case_row_by_title(page, title, timeout_ms):
           ^^^^^^^^^^^^^^^^^^^^^^^^^^^^^^^^^^^^^^^^^^^^^^^^^
  File "C:\Users\youre\Downloads\ticket_sync\crawler.py", line 701, in _click_case_row_by_title
    link = _find_locator_in_frames(page, title, exact=True, timeout_ms=timeout_ms)
           ^^^^^^^^^^^^^^^^^^^^^^^^^^^^^^^^^^^^^^^^^^^^^^^^^^^^^^^^^^^^^^^^^^^^^^^
  File "C:\Users\youre\Downloads\ticket_sync\crawler.py", line 117, in _find_locator_in_frames
    _, loc = _find_in_frames_with_frame(page, text, exact=exact, timeout_ms=timeout_ms)
             ^^^^^^^^^^^^^^^^^^^^^^^^^^^^^^^^^^^^^^^^^^^^^^^^^^^^^^^^^^^^^^^^^^^^^^^^^^
  File "C:\Users\youre\Downloads\ticket_sync\crawler.py", line 112, in _find_in_frames_with_frame
    page.wait_for_timeout(300)
  File "C:\Users\youre\Downloads\ticket_sync\.venv\Lib\site-packages\playwright\sync_api\_generated.py", line 12529, in wait_for_timeout
    self._sync(
  File "C:\Users\youre\Downloads\ticket_sync\.venv\Lib\site-packages\playwright\_impl\_sync_base.py", line 115, in _sync
    return task.result()
           ^^^^^^^^^^^^^
  File "C:\Users\youre\Downloads\ticket_sync\.venv\Lib\site-packages\playwright\_impl\_page.py", line 1135, in wait_for_timeout
    await self._main_frame.wait_for_timeout(timeout)
  File "C:\Users\youre\Downloads\ticket_sync\.venv\Lib\site-packages\playwright\_impl\_frame.py", line 916, in wait_for_timeout
    await self._channel.send("waitForTimeout", None, {"waitTimeout": timeout})
  File "C:\Users\youre\Downloads\ticket_sync\.venv\Lib\site-packages\playwright\_impl\_connection.py", line 69, in send
    return await self._connection.wrap_api_call(
           ^^^^^^^^^^^^^^^^^^^^^^^^^^^^^^^^^^^^^
  File "C:\Users\youre\Downloads\ticket_sync\.venv\Lib\site-packages\playwright\_impl\_connection.py", line 563, in wrap_api_call
    raise rewrite_error(error, f"{parsed_st['apiName']}: {error}") from None
playwright._impl._errors.TargetClosedError: Page.wait_for_timeout: Target page, context or browser has been closed
2026-07-29 09:40:48 [WARNING] ticket_sync.crawler: 상세 보강 중 오류: Page.wait_for_timeout: Target page, context or browser has been closed
Traceback (most recent call last):
  File "C:\Users\youre\Downloads\ticket_sync\crawler.py", line 1131, in _collect_for_single_status
    filtered[i - 1] = enrich_ticket_from_detail_page(page, t, config, do_freshdesk)
                      ^^^^^^^^^^^^^^^^^^^^^^^^^^^^^^^^^^^^^^^^^^^^^^^^^^^^^^^^^^^^^
  File "C:\Users\youre\Downloads\ticket_sync\crawler.py", line 980, in enrich_ticket_from_detail_page
    if not _click_case_row_by_title(page, title, timeout_ms):
           ^^^^^^^^^^^^^^^^^^^^^^^^^^^^^^^^^^^^^^^^^^^^^^^^^
  File "C:\Users\youre\Downloads\ticket_sync\crawler.py", line 701, in _click_case_row_by_title
    link = _find_locator_in_frames(page, title, exact=True, timeout_ms=timeout_ms)
           ^^^^^^^^^^^^^^^^^^^^^^^^^^^^^^^^^^^^^^^^^^^^^^^^^^^^^^^^^^^^^^^^^^^^^^^
  File "C:\Users\youre\Downloads\ticket_sync\crawler.py", line 117, in _find_locator_in_frames
    _, loc = _find_in_frames_with_frame(page, text, exact=exact, timeout_ms=timeout_ms)
             ^^^^^^^^^^^^^^^^^^^^^^^^^^^^^^^^^^^^^^^^^^^^^^^^^^^^^^^^^^^^^^^^^^^^^^^^^^
  File "C:\Users\youre\Downloads\ticket_sync\crawler.py", line 112, in _find_in_frames_with_frame
    page.wait_for_timeout(300)
  File "C:\Users\youre\Downloads\ticket_sync\.venv\Lib\site-packages\playwright\sync_api\_generated.py", line 12529, in wait_for_timeout
    self._sync(
  File "C:\Users\youre\Downloads\ticket_sync\.venv\Lib\site-packages\playwright\_impl\_sync_base.py", line 115, in _sync
    return task.result()
           ^^^^^^^^^^^^^
  File "C:\Users\youre\Downloads\ticket_sync\.venv\Lib\site-packages\playwright\_impl\_page.py", line 1135, in wait_for_timeout
    await self._main_frame.wait_for_timeout(timeout)
  File "C:\Users\youre\Downloads\ticket_sync\.venv\Lib\site-packages\playwright\_impl\_frame.py", line 916, in wait_for_timeout
    await self._channel.send("waitForTimeout", None, {"waitTimeout": timeout})
  File "C:\Users\youre\Downloads\ticket_sync\.venv\Lib\site-packages\playwright\_impl\_connection.py", line 69, in send
    return await self._connection.wrap_api_call(
           ^^^^^^^^^^^^^^^^^^^^^^^^^^^^^^^^^^^^^
  File "C:\Users\youre\Downloads\ticket_sync\.venv\Lib\site-packages\playwright\_impl\_connection.py", line 563, in wrap_api_call
    raise rewrite_error(error, f"{parsed_st['apiName']}: {error}") from None
playwright._impl._errors.TargetClosedError: Page.wait_for_timeout: Target page, context or browser has been closed
2026-07-29 09:40:48 [WARNING] ticket_sync.crawler: 상세 보강 중 오류: Page.wait_for_timeout: Target page, context or browser has been closed
Traceback (most recent call last):
  File "C:\Users\youre\Downloads\ticket_sync\crawler.py", line 1131, in _collect_for_single_status
    filtered[i - 1] = enrich_ticket_from_detail_page(page, t, config, do_freshdesk)
                      ^^^^^^^^^^^^^^^^^^^^^^^^^^^^^^^^^^^^^^^^^^^^^^^^^^^^^^^^^^^^^
  File "C:\Users\youre\Downloads\ticket_sync\crawler.py", line 980, in enrich_ticket_from_detail_page
    if not _click_case_row_by_title(page, title, timeout_ms):
           ^^^^^^^^^^^^^^^^^^^^^^^^^^^^^^^^^^^^^^^^^^^^^^^^^
  File "C:\Users\youre\Downloads\ticket_sync\crawler.py", line 701, in _click_case_row_by_title
    link = _find_locator_in_frames(page, title, exact=True, timeout_ms=timeout_ms)
           ^^^^^^^^^^^^^^^^^^^^^^^^^^^^^^^^^^^^^^^^^^^^^^^^^^^^^^^^^^^^^^^^^^^^^^^
  File "C:\Users\youre\Downloads\ticket_sync\crawler.py", line 117, in _find_locator_in_frames
    _, loc = _find_in_frames_with_frame(page, text, exact=exact, timeout_ms=timeout_ms)
             ^^^^^^^^^^^^^^^^^^^^^^^^^^^^^^^^^^^^^^^^^^^^^^^^^^^^^^^^^^^^^^^^^^^^^^^^^^
  File "C:\Users\youre\Downloads\ticket_sync\crawler.py", line 112, in _find_in_frames_with_frame
    page.wait_for_timeout(300)
  File "C:\Users\youre\Downloads\ticket_sync\.venv\Lib\site-packages\playwright\sync_api\_generated.py", line 12529, in wait_for_timeout
    self._sync(
  File "C:\Users\youre\Downloads\ticket_sync\.venv\Lib\site-packages\playwright\_impl\_sync_base.py", line 115, in _sync
    return task.result()
           ^^^^^^^^^^^^^
  File "C:\Users\youre\Downloads\ticket_sync\.venv\Lib\site-packages\playwright\_impl\_page.py", line 1135, in wait_for_timeout
    await self._main_frame.wait_for_timeout(timeout)
  File "C:\Users\youre\Downloads\ticket_sync\.venv\Lib\site-packages\playwright\_impl\_frame.py", line 916, in wait_for_timeout
    await self._channel.send("waitForTimeout", None, {"waitTimeout": timeout})
  File "C:\Users\youre\Downloads\ticket_sync\.venv\Lib\site-packages\playwright\_impl\_connection.py", line 69, in send
    return await self._connection.wrap_api_call(
           ^^^^^^^^^^^^^^^^^^^^^^^^^^^^^^^^^^^^^
  File "C:\Users\youre\Downloads\ticket_sync\.venv\Lib\site-packages\playwright\_impl\_connection.py", line 563, in wrap_api_call
    raise rewrite_error(error, f"{parsed_st['apiName']}: {error}") from None
playwright._impl._errors.TargetClosedError: Page.wait_for_timeout: Target page, context or browser has been closed
2026-07-29 09:40:48 [WARNING] ticket_sync.crawler: 상세 보강 중 오류: Page.wait_for_timeout: Target page, context or browser has been closed
Traceback (most recent call last):
  File "C:\Users\youre\Downloads\ticket_sync\crawler.py", line 1131, in _collect_for_single_status
    filtered[i - 1] = enrich_ticket_from_detail_page(page, t, config, do_freshdesk)
                      ^^^^^^^^^^^^^^^^^^^^^^^^^^^^^^^^^^^^^^^^^^^^^^^^^^^^^^^^^^^^^
  File "C:\Users\youre\Downloads\ticket_sync\crawler.py", line 980, in enrich_ticket_from_detail_page
    if not _click_case_row_by_title(page, title, timeout_ms):
           ^^^^^^^^^^^^^^^^^^^^^^^^^^^^^^^^^^^^^^^^^^^^^^^^^
  File "C:\Users\youre\Downloads\ticket_sync\crawler.py", line 701, in _click_case_row_by_title
    link = _find_locator_in_frames(page, title, exact=True, timeout_ms=timeout_ms)
           ^^^^^^^^^^^^^^^^^^^^^^^^^^^^^^^^^^^^^^^^^^^^^^^^^^^^^^^^^^^^^^^^^^^^^^^
  File "C:\Users\youre\Downloads\ticket_sync\crawler.py", line 117, in _find_locator_in_frames
    _, loc = _find_in_frames_with_frame(page, text, exact=exact, timeout_ms=timeout_ms)
             ^^^^^^^^^^^^^^^^^^^^^^^^^^^^^^^^^^^^^^^^^^^^^^^^^^^^^^^^^^^^^^^^^^^^^^^^^^
  File "C:\Users\youre\Downloads\ticket_sync\crawler.py", line 112, in _find_in_frames_with_frame
    page.wait_for_timeout(300)
  File "C:\Users\youre\Downloads\ticket_sync\.venv\Lib\site-packages\playwright\sync_api\_generated.py", line 12529, in wait_for_timeout
    self._sync(
  File "C:\Users\youre\Downloads\ticket_sync\.venv\Lib\site-packages\playwright\_impl\_sync_base.py", line 115, in _sync
    return task.result()
           ^^^^^^^^^^^^^
  File "C:\Users\youre\Downloads\ticket_sync\.venv\Lib\site-packages\playwright\_impl\_page.py", line 1135, in wait_for_timeout
    await self._main_frame.wait_for_timeout(timeout)
  File "C:\Users\youre\Downloads\ticket_sync\.venv\Lib\site-packages\playwright\_impl\_frame.py", line 916, in wait_for_timeout
    await self._channel.send("waitForTimeout", None, {"waitTimeout": timeout})
  File "C:\Users\youre\Downloads\ticket_sync\.venv\Lib\site-packages\playwright\_impl\_connection.py", line 69, in send
    return await self._connection.wrap_api_call(
           ^^^^^^^^^^^^^^^^^^^^^^^^^^^^^^^^^^^^^
  File "C:\Users\youre\Downloads\ticket_sync\.venv\Lib\site-packages\playwright\_impl\_connection.py", line 563, in wrap_api_call
    raise rewrite_error(error, f"{parsed_st['apiName']}: {error}") from None
playwright._impl._errors.TargetClosedError: Page.wait_for_timeout: Target page, context or browser has been closed
2026-07-29 09:41:53 [INFO] ticket_sync.local_runner: 로컬 실행 에이전트: 동기화 시작 {'freshdesk_env': 'prod', 'do_freshdesk': False, 'mode': 'range', 'start_date': '2026-07-16', 'end_date': '2026-07-16', 'date_basis': 'created', 'case_status': 'closed', 'owner': 'web-ui'}
2026-07-29 09:41:57 [INFO] ticket_sync.crawler: 로그인 화면에서 'yr.choi@kt.com' 를 자동으로 클릭했습니다.
2026-07-29 09:41:59 [INFO] ticket_sync.crawler: 로그인 화면에서 '로그인' 를 자동으로 클릭했습니다.
2026-07-29 09:42:02 [INFO] ticket_sync.crawler: 로그인 화면에서 'yr.choi@kt.com' 를 자동으로 클릭했습니다.
2026-07-29 09:42:03 [WARNING] ticket_sync.crawler: 로그인 세션이 없거나 만료된 것으로 보입니다. 계정 선택/로그인 상태 유지 확인처럼 비밀번호 없이 넘어갈 수 있는 화면은 자동으로 눌러드리며, 비밀번호나 MFA가 필요하면 브라우저 창에서 직접 완료해주세요. 최대 300초 대기합니다.
2026-07-29 09:42:03 [INFO] ticket_sync.crawler: 로그인 화면에서 'yr.choi@kt.com' 를 자동으로 클릭했습니다.
2026-07-29 09:42:05 [INFO] ticket_sync.crawler: 로그인 화면에서 'yr.choi@kt.com' 를 자동으로 클릭했습니다.
2026-07-29 09:42:05 [INFO] ticket_sync.crawler: 수동 로그인 완료 확인됨. 세션이 저장되어 다음 실행부터는 재사용됩니다.
2026-07-29 09:42:13 [INFO] ticket_sync.crawler: 상태 필터 적용: case_status=closed (완료됨 체크=True)
2026-07-29 09:42:24 [INFO] ticket_sync.crawler: 생성일 화면 필터 적용: 2026-07-16 ~ 2026-07-16
2026-07-29 09:42:25 [INFO] ticket_sync.crawler: 케이스 목록 CSV 다운로드 완료: C:\Users\youre\Downloads\ticket_sync\data\downloads\SupportCases.csv
2026-07-29 09:42:25 [INFO] ticket_sync.crawler: CSV에서 총 17건 파싱됨 (날짜 필터 전, status=closed)
2026-07-29 09:42:25 [INFO] ticket_sync.crawler: 날짜 필터(created_at 기준) 적용 후 6건 (상세 보강 대상, status=closed)
2026-07-29 09:42:37 [INFO] ticket_sync.crawler: 커뮤니케이션 '더 로드' 1회 클릭함(전체 수집).
2026-07-29 09:42:37 [INFO] ticket_sync.crawler: 커뮤니케이션 원본 행 5개 확인됨.
2026-07-29 09:42:40 [INFO] ticket_sync.crawler: 커뮤니케이션 1/5 수집 완료 (source=supportmail@techsupport.microsoft.com, updated=2026. 7. 16. 오후 09:50, 길이=507자)
2026-07-29 09:42:43 [INFO] ticket_sync.crawler: 커뮤니케이션 2/5 수집 완료 (source=hugoaguiar@microsoft.com, updated=2026. 7. 16. 오후 10:57, 길이=1107자)
2026-07-29 09:42:46 [INFO] ticket_sync.crawler: 커뮤니케이션 3/5 수집 완료 (source=hugoaguiar@microsoft.com, updated=2026. 7. 17. 오후 11:01, 길이=745자)
2026-07-29 09:42:49 [INFO] ticket_sync.crawler: 커뮤니케이션 4/5 수집 완료 (source=hokyun.kim@kt.com, updated=2026. 7. 20. 오전 09:12, 길이=1433자)
2026-07-29 09:42:53 [INFO] ticket_sync.crawler: 커뮤니케이션 5/5 수집 완료 (source=hugoaguiar@microsoft.com, updated=2026. 7. 20. 오후 05:30, 길이=494자)
2026-07-29 09:42:56 [INFO] ticket_sync.crawler: 상세 보강 진행 1/6 완료 (case=2607160030005988)
2026-07-29 09:43:26 [WARNING] ticket_sync.crawler: 목록에서 'Standard_D4s_v6 cannot be created in zone 1' 제목의 케이스를 찾지 못해 상세 보강을 건너뜁니다.
2026-07-29 09:43:26 [INFO] ticket_sync.crawler: 상세 보강 진행 2/6 완료 (case=2607160030004784)
2026-07-29 09:43:41 [WARNING] ticket_sync.crawler: 상세 보강 중 오류: Page.wait_for_timeout: Target page, context or browser has been closed
Traceback (most recent call last):
  File "C:\Users\youre\Downloads\ticket_sync\crawler.py", line 1131, in _collect_for_single_status
    filtered[i - 1] = enrich_ticket_from_detail_page(page, t, config, do_freshdesk)
                      ^^^^^^^^^^^^^^^^^^^^^^^^^^^^^^^^^^^^^^^^^^^^^^^^^^^^^^^^^^^^^
  File "C:\Users\youre\Downloads\ticket_sync\crawler.py", line 980, in enrich_ticket_from_detail_page
    if not _click_case_row_by_title(page, title, timeout_ms):
           ^^^^^^^^^^^^^^^^^^^^^^^^^^^^^^^^^^^^^^^^^^^^^^^^^
  File "C:\Users\youre\Downloads\ticket_sync\crawler.py", line 701, in _click_case_row_by_title
    link = _find_locator_in_frames(page, title, exact=True, timeout_ms=timeout_ms)
           ^^^^^^^^^^^^^^^^^^^^^^^^^^^^^^^^^^^^^^^^^^^^^^^^^^^^^^^^^^^^^^^^^^^^^^^
  File "C:\Users\youre\Downloads\ticket_sync\crawler.py", line 117, in _find_locator_in_frames
    _, loc = _find_in_frames_with_frame(page, text, exact=exact, timeout_ms=timeout_ms)
             ^^^^^^^^^^^^^^^^^^^^^^^^^^^^^^^^^^^^^^^^^^^^^^^^^^^^^^^^^^^^^^^^^^^^^^^^^^
  File "C:\Users\youre\Downloads\ticket_sync\crawler.py", line 112, in _find_in_frames_with_frame
    page.wait_for_timeout(300)
  File "C:\Users\youre\Downloads\ticket_sync\.venv\Lib\site-packages\playwright\sync_api\_generated.py", line 12529, in wait_for_timeout
    self._sync(
  File "C:\Users\youre\Downloads\ticket_sync\.venv\Lib\site-packages\playwright\_impl\_sync_base.py", line 115, in _sync
    return task.result()
           ^^^^^^^^^^^^^
  File "C:\Users\youre\Downloads\ticket_sync\.venv\Lib\site-packages\playwright\_impl\_page.py", line 1135, in wait_for_timeout
    await self._main_frame.wait_for_timeout(timeout)
  File "C:\Users\youre\Downloads\ticket_sync\.venv\Lib\site-packages\playwright\_impl\_frame.py", line 916, in wait_for_timeout
    await self._channel.send("waitForTimeout", None, {"waitTimeout": timeout})
  File "C:\Users\youre\Downloads\ticket_sync\.venv\Lib\site-packages\playwright\_impl\_connection.py", line 69, in send
    return await self._connection.wrap_api_call(
           ^^^^^^^^^^^^^^^^^^^^^^^^^^^^^^^^^^^^^
  File "C:\Users\youre\Downloads\ticket_sync\.venv\Lib\site-packages\playwright\_impl\_connection.py", line 563, in wrap_api_call
    raise rewrite_error(error, f"{parsed_st['apiName']}: {error}") from None
playwright._impl._errors.TargetClosedError: Page.wait_for_timeout: Target page, context or browser has been closed
2026-07-29 09:43:41 [WARNING] ticket_sync.crawler: 상세 보강 중 오류: Page.wait_for_timeout: Target page, context or browser has been closed
Traceback (most recent call last):
  File "C:\Users\youre\Downloads\ticket_sync\crawler.py", line 1131, in _collect_for_single_status
    filtered[i - 1] = enrich_ticket_from_detail_page(page, t, config, do_freshdesk)
                      ^^^^^^^^^^^^^^^^^^^^^^^^^^^^^^^^^^^^^^^^^^^^^^^^^^^^^^^^^^^^^
  File "C:\Users\youre\Downloads\ticket_sync\crawler.py", line 980, in enrich_ticket_from_detail_page
    if not _click_case_row_by_title(page, title, timeout_ms):
           ^^^^^^^^^^^^^^^^^^^^^^^^^^^^^^^^^^^^^^^^^^^^^^^^^
  File "C:\Users\youre\Downloads\ticket_sync\crawler.py", line 701, in _click_case_row_by_title
    link = _find_locator_in_frames(page, title, exact=True, timeout_ms=timeout_ms)
           ^^^^^^^^^^^^^^^^^^^^^^^^^^^^^^^^^^^^^^^^^^^^^^^^^^^^^^^^^^^^^^^^^^^^^^^
  File "C:\Users\youre\Downloads\ticket_sync\crawler.py", line 117, in _find_locator_in_frames
    _, loc = _find_in_frames_with_frame(page, text, exact=exact, timeout_ms=timeout_ms)
             ^^^^^^^^^^^^^^^^^^^^^^^^^^^^^^^^^^^^^^^^^^^^^^^^^^^^^^^^^^^^^^^^^^^^^^^^^^
  File "C:\Users\youre\Downloads\ticket_sync\crawler.py", line 112, in _find_in_frames_with_frame
    page.wait_for_timeout(300)
  File "C:\Users\youre\Downloads\ticket_sync\.venv\Lib\site-packages\playwright\sync_api\_generated.py", line 12529, in wait_for_timeout
    self._sync(
  File "C:\Users\youre\Downloads\ticket_sync\.venv\Lib\site-packages\playwright\_impl\_sync_base.py", line 115, in _sync
    return task.result()
           ^^^^^^^^^^^^^
  File "C:\Users\youre\Downloads\ticket_sync\.venv\Lib\site-packages\playwright\_impl\_page.py", line 1135, in wait_for_timeout
    await self._main_frame.wait_for_timeout(timeout)
  File "C:\Users\youre\Downloads\ticket_sync\.venv\Lib\site-packages\playwright\_impl\_frame.py", line 916, in wait_for_timeout
    await self._channel.send("waitForTimeout", None, {"waitTimeout": timeout})
  File "C:\Users\youre\Downloads\ticket_sync\.venv\Lib\site-packages\playwright\_impl\_connection.py", line 69, in send
    return await self._connection.wrap_api_call(
           ^^^^^^^^^^^^^^^^^^^^^^^^^^^^^^^^^^^^^
  File "C:\Users\youre\Downloads\ticket_sync\.venv\Lib\site-packages\playwright\_impl\_connection.py", line 563, in wrap_api_call
    raise rewrite_error(error, f"{parsed_st['apiName']}: {error}") from None
playwright._impl._errors.TargetClosedError: Page.wait_for_timeout: Target page, context or browser has been closed
2026-07-29 09:43:41 [WARNING] ticket_sync.crawler: 상세 보강 중 오류: Page.wait_for_timeout: Target page, context or browser has been closed
Traceback (most recent call last):
  File "C:\Users\youre\Downloads\ticket_sync\crawler.py", line 1131, in _collect_for_single_status
    filtered[i - 1] = enrich_ticket_from_detail_page(page, t, config, do_freshdesk)
                      ^^^^^^^^^^^^^^^^^^^^^^^^^^^^^^^^^^^^^^^^^^^^^^^^^^^^^^^^^^^^^
  File "C:\Users\youre\Downloads\ticket_sync\crawler.py", line 980, in enrich_ticket_from_detail_page
    if not _click_case_row_by_title(page, title, timeout_ms):
           ^^^^^^^^^^^^^^^^^^^^^^^^^^^^^^^^^^^^^^^^^^^^^^^^^
  File "C:\Users\youre\Downloads\ticket_sync\crawler.py", line 701, in _click_case_row_by_title
    link = _find_locator_in_frames(page, title, exact=True, timeout_ms=timeout_ms)
           ^^^^^^^^^^^^^^^^^^^^^^^^^^^^^^^^^^^^^^^^^^^^^^^^^^^^^^^^^^^^^^^^^^^^^^^
  File "C:\Users\youre\Downloads\ticket_sync\crawler.py", line 117, in _find_locator_in_frames
    _, loc = _find_in_frames_with_frame(page, text, exact=exact, timeout_ms=timeout_ms)
             ^^^^^^^^^^^^^^^^^^^^^^^^^^^^^^^^^^^^^^^^^^^^^^^^^^^^^^^^^^^^^^^^^^^^^^^^^^
  File "C:\Users\youre\Downloads\ticket_sync\crawler.py", line 112, in _find_in_frames_with_frame
    page.wait_for_timeout(300)
  File "C:\Users\youre\Downloads\ticket_sync\.venv\Lib\site-packages\playwright\sync_api\_generated.py", line 12529, in wait_for_timeout
    self._sync(
  File "C:\Users\youre\Downloads\ticket_sync\.venv\Lib\site-packages\playwright\_impl\_sync_base.py", line 115, in _sync
    return task.result()
           ^^^^^^^^^^^^^
  File "C:\Users\youre\Downloads\ticket_sync\.venv\Lib\site-packages\playwright\_impl\_page.py", line 1135, in wait_for_timeout
    await self._main_frame.wait_for_timeout(timeout)
  File "C:\Users\youre\Downloads\ticket_sync\.venv\Lib\site-packages\playwright\_impl\_frame.py", line 916, in wait_for_timeout
    await self._channel.send("waitForTimeout", None, {"waitTimeout": timeout})
  File "C:\Users\youre\Downloads\ticket_sync\.venv\Lib\site-packages\playwright\_impl\_connection.py", line 69, in send
    return await self._connection.wrap_api_call(
           ^^^^^^^^^^^^^^^^^^^^^^^^^^^^^^^^^^^^^
  File "C:\Users\youre\Downloads\ticket_sync\.venv\Lib\site-packages\playwright\_impl\_connection.py", line 563, in wrap_api_call
    raise rewrite_error(error, f"{parsed_st['apiName']}: {error}") from None
playwright._impl._errors.TargetClosedError: Page.wait_for_timeout: Target page, context or browser has been closed
2026-07-29 09:43:41 [WARNING] ticket_sync.crawler: 상세 보강 중 오류: Page.wait_for_timeout: Target page, context or browser has been closed
Traceback (most recent call last):
  File "C:\Users\youre\Downloads\ticket_sync\crawler.py", line 1131, in _collect_for_single_status
    filtered[i - 1] = enrich_ticket_from_detail_page(page, t, config, do_freshdesk)
                      ^^^^^^^^^^^^^^^^^^^^^^^^^^^^^^^^^^^^^^^^^^^^^^^^^^^^^^^^^^^^^
  File "C:\Users\youre\Downloads\ticket_sync\crawler.py", line 980, in enrich_ticket_from_detail_page
    if not _click_case_row_by_title(page, title, timeout_ms):
           ^^^^^^^^^^^^^^^^^^^^^^^^^^^^^^^^^^^^^^^^^^^^^^^^^
  File "C:\Users\youre\Downloads\ticket_sync\crawler.py", line 701, in _click_case_row_by_title
    link = _find_locator_in_frames(page, title, exact=True, timeout_ms=timeout_ms)
           ^^^^^^^^^^^^^^^^^^^^^^^^^^^^^^^^^^^^^^^^^^^^^^^^^^^^^^^^^^^^^^^^^^^^^^^
  File "C:\Users\youre\Downloads\ticket_sync\crawler.py", line 117, in _find_locator_in_frames
    _, loc = _find_in_frames_with_frame(page, text, exact=exact, timeout_ms=timeout_ms)
             ^^^^^^^^^^^^^^^^^^^^^^^^^^^^^^^^^^^^^^^^^^^^^^^^^^^^^^^^^^^^^^^^^^^^^^^^^^
  File "C:\Users\youre\Downloads\ticket_sync\crawler.py", line 112, in _find_in_frames_with_frame
    page.wait_for_timeout(300)
  File "C:\Users\youre\Downloads\ticket_sync\.venv\Lib\site-packages\playwright\sync_api\_generated.py", line 12529, in wait_for_timeout
    self._sync(
  File "C:\Users\youre\Downloads\ticket_sync\.venv\Lib\site-packages\playwright\_impl\_sync_base.py", line 115, in _sync
    return task.result()
           ^^^^^^^^^^^^^
  File "C:\Users\youre\Downloads\ticket_sync\.venv\Lib\site-packages\playwright\_impl\_page.py", line 1135, in wait_for_timeout
    await self._main_frame.wait_for_timeout(timeout)
  File "C:\Users\youre\Downloads\ticket_sync\.venv\Lib\site-packages\playwright\_impl\_frame.py", line 916, in wait_for_timeout
    await self._channel.send("waitForTimeout", None, {"waitTimeout": timeout})
  File "C:\Users\youre\Downloads\ticket_sync\.venv\Lib\site-packages\playwright\_impl\_connection.py", line 69, in send
    return await self._connection.wrap_api_call(
           ^^^^^^^^^^^^^^^^^^^^^^^^^^^^^^^^^^^^^
  File "C:\Users\youre\Downloads\ticket_sync\.venv\Lib\site-packages\playwright\_impl\_connection.py", line 563, in wrap_api_call
    raise rewrite_error(error, f"{parsed_st['apiName']}: {error}") from None
playwright._impl._errors.TargetClosedError: Page.wait_for_timeout: Target page, context or browser has been closed
2026-07-29 09:43:42 [ERROR] ticket_sync.main: 티켓 수집 중 오류가 발생했습니다
Traceback (most recent call last):
  File "C:\Users\youre\Downloads\ticket_sync\main.py", line 239, in run_sync
    all_tickets, crawl_warnings = crawler.collect_tickets(
                                  ^^^^^^^^^^^^^^^^^^^^^^^^
  File "C:\Users\youre\Downloads\ticket_sync\crawler.py", line 1192, in collect_tickets
    context.close()
  File "C:\Users\youre\Downloads\ticket_sync\.venv\Lib\site-packages\playwright\sync_api\_generated.py", line 15212, in close
    return mapping.from_maybe_impl(self._sync(self._impl_obj.close(reason=reason)))
                                   ^^^^^^^^^^^^^^^^^^^^^^^^^^^^^^^^^^^^^^^^^^^^^^^
  File "C:\Users\youre\Downloads\ticket_sync\.venv\Lib\site-packages\playwright\_impl\_sync_base.py", line 115, in _sync
    return task.result()
           ^^^^^^^^^^^^^
  File "C:\Users\youre\Downloads\ticket_sync\.venv\Lib\site-packages\playwright\_impl\_browser_context.py", line 585, in close
    await self._channel.send("close", None, {"reason": reason})
  File "C:\Users\youre\Downloads\ticket_sync\.venv\Lib\site-packages\playwright\_impl\_connection.py", line 69, in send
    return await self._connection.wrap_api_call(
           ^^^^^^^^^^^^^^^^^^^^^^^^^^^^^^^^^^^^^
  File "C:\Users\youre\Downloads\ticket_sync\.venv\Lib\site-packages\playwright\_impl\_connection.py", line 563, in wrap_api_call
    raise rewrite_error(error, f"{parsed_st['apiName']}: {error}") from None
playwright._impl._errors.TargetClosedError: BrowserContext.close: Target page, context or browser has been closed
2026-07-29 09:44:35 [INFO] ticket_sync.local_runner: 로컬 실행 에이전트: 동기화 시작 {'freshdesk_env': 'prod', 'do_freshdesk': False, 'mode': 'range', 'start_date': '2026-07-21', 'end_date': '2026-07-21', 'date_basis': 'created', 'case_status': 'closed', 'owner': 'web-ui'}
2026-07-29 09:44:39 [INFO] ticket_sync.crawler: 로그인 화면에서 'yr.choi@kt.com' 를 자동으로 클릭했습니다.
2026-07-29 09:44:41 [INFO] ticket_sync.crawler: 로그인 화면에서 '로그인' 를 자동으로 클릭했습니다.
2026-07-29 09:44:44 [INFO] ticket_sync.crawler: 로그인 화면에서 'yr.choi@kt.com' 를 자동으로 클릭했습니다.
2026-07-29 09:44:44 [WARNING] ticket_sync.crawler: 로그인 세션이 없거나 만료된 것으로 보입니다. 계정 선택/로그인 상태 유지 확인처럼 비밀번호 없이 넘어갈 수 있는 화면은 자동으로 눌러드리며, 비밀번호나 MFA가 필요하면 브라우저 창에서 직접 완료해주세요. 최대 300초 대기합니다.
2026-07-29 09:44:45 [INFO] ticket_sync.crawler: 로그인 화면에서 'yr.choi@kt.com' 를 자동으로 클릭했습니다.
2026-07-29 09:44:46 [INFO] ticket_sync.crawler: 로그인 화면에서 'yr.choi@kt.com' 를 자동으로 클릭했습니다.
2026-07-29 09:44:47 [INFO] ticket_sync.crawler: 수동 로그인 완료 확인됨. 세션이 저장되어 다음 실행부터는 재사용됩니다.
2026-07-29 09:44:55 [INFO] ticket_sync.crawler: 상태 필터 적용: case_status=closed (완료됨 체크=True)
2026-07-29 09:45:15 [INFO] ticket_sync.crawler: 생성일 화면 필터 적용: 2026-07-21 ~ 2026-07-21
2026-07-29 09:45:15 [INFO] ticket_sync.crawler: 케이스 목록 CSV 다운로드 완료: C:\Users\youre\Downloads\ticket_sync\data\downloads\SupportCases.csv
2026-07-29 09:45:15 [INFO] ticket_sync.crawler: CSV에서 총 12건 파싱됨 (날짜 필터 전, status=closed)
2026-07-29 09:45:15 [INFO] ticket_sync.crawler: 날짜 필터(created_at 기준) 적용 후 5건 (상세 보강 대상, status=closed)
2026-07-29 09:45:15 [INFO] ticket_sync.crawler: 변경 없음(modified_at 동일) 확인되어 상세 보강 건너뜀 1/5 (case=2607210030005897)
2026-07-29 09:45:29 [INFO] ticket_sync.crawler: 커뮤니케이션 '더 로드' 1회 클릭함(전체 수집).
2026-07-29 09:45:30 [INFO] ticket_sync.crawler: 커뮤니케이션 원본 행 7개 확인됨.
2026-07-29 09:45:33 [INFO] ticket_sync.crawler: 커뮤니케이션 1/7 수집 완료 (source=supportmail@techsupport.microsoft.com, updated=2026. 7. 21. 오후 05:44, 길이=1184자)
2026-07-29 09:45:36 [INFO] ticket_sync.crawler: 커뮤니케이션 2/7 수집 완료 (source=supportmail@techsupport.microsoft.com, updated=2026. 7. 21. 오후 06:11, 길이=2612자)
2026-07-29 09:45:39 [INFO] ticket_sync.crawler: 커뮤니케이션 3/7 수집 완료 (source=siset@microsoft.com, updated=2026. 7. 22. 오전 09:00, 길이=439자)
2026-07-29 09:45:42 [INFO] ticket_sync.crawler: 커뮤니케이션 4/7 수집 완료 (source=hyukjun.nam@kt.com, updated=2026. 7. 22. 오전 10:02, 길이=1641자)
2026-07-29 09:45:45 [INFO] ticket_sync.crawler: 커뮤니케이션 5/7 수집 완료 (source=siset@microsoft.com, updated=2026. 7. 22. 오후 01:40, 길이=2495자)
2026-07-29 09:45:48 [INFO] ticket_sync.crawler: 커뮤니케이션 6/7 수집 완료 (source=hyukjun.nam@kt.com, updated=2026. 7. 22. 오후 01:51, 길이=527자)
2026-07-29 09:45:52 [INFO] ticket_sync.crawler: 커뮤니케이션 7/7 수집 완료 (source=siset@microsoft.com, updated=2026. 7. 22. 오후 02:01, 길이=2508자)
2026-07-29 09:45:55 [INFO] ticket_sync.crawler: 상세 보강 진행 2/5 완료 (case=2607210030005093)
2026-07-29 09:46:25 [WARNING] ticket_sync.crawler: 목록에서 'Kubernetes Gateway API' 제목의 케이스를 찾지 못해 상세 보강을 건너뜁니다.
2026-07-29 09:46:25 [INFO] ticket_sync.crawler: 상세 보강 진행 3/5 완료 (case=2607210030004076)
2026-07-29 09:46:55 [WARNING] ticket_sync.crawler: 목록에서 'aks cluster autoscaler' 제목의 케이스를 찾지 못해 상세 보강을 건너뜁니다.
2026-07-29 09:46:55 [INFO] ticket_sync.crawler: 상세 보강 진행 4/5 완료 (case=2607210030000644)
2026-07-29 09:46:55 [INFO] ticket_sync.crawler: 변경 없음(modified_at 동일) 확인되어 상세 보강 건너뜀 5/5 (case=2607210030000414)
2026-07-29 09:57:09 [INFO] ticket_sync.local_runner: 로컬 실행 에이전트: 동기화 시작 {'freshdesk_env': 'prod', 'do_freshdesk': False, 'mode': 'range', 'start_date': '2026-07-21', 'end_date': '2026-07-21', 'date_basis': 'created', 'case_status': 'closed', 'skip_dedup': True, 'owner': 'web-ui'}
2026-07-29 09:57:13 [INFO] ticket_sync.crawler: 로그인 화면에서 'yr.choi@kt.com' 를 자동으로 클릭했습니다.
2026-07-29 09:57:15 [INFO] ticket_sync.crawler: 로그인 화면에서 '로그인' 를 자동으로 클릭했습니다.
2026-07-29 09:57:16 [INFO] ticket_sync.crawler: 로그인 화면에서 'yr.choi@kt.com' 를 자동으로 클릭했습니다.
2026-07-29 09:57:18 [ERROR] ticket_sync.main: 티켓 수집 중 오류가 발생했습니다
Traceback (most recent call last):
  File "C:\Users\youre\Downloads\ticket_sync\main.py", line 245, in run_sync
    all_tickets, crawl_warnings = crawler.collect_tickets(
                                  ^^^^^^^^^^^^^^^^^^^^^^^^
  File "C:\Users\youre\Downloads\ticket_sync\crawler.py", line 1171, in collect_tickets
    ensure_logged_in(page, config)
  File "C:\Users\youre\Downloads\ticket_sync\crawler.py", line 264, in ensure_logged_in
    if _wait_for_login_marker(page, config, marker_text, timeout_ms=8000):
       ^^^^^^^^^^^^^^^^^^^^^^^^^^^^^^^^^^^^^^^^^^^^^^^^^^^^^^^^^^^^^^^^^^
  File "C:\Users\youre\Downloads\ticket_sync\crawler.py", line 250, in _wait_for_login_marker
    page.wait_for_timeout(300)
  File "C:\Users\youre\Downloads\ticket_sync\.venv\Lib\site-packages\playwright\sync_api\_generated.py", line 12529, in wait_for_timeout
    self._sync(
  File "C:\Users\youre\Downloads\ticket_sync\.venv\Lib\site-packages\playwright\_impl\_sync_base.py", line 115, in _sync
    return task.result()
           ^^^^^^^^^^^^^
  File "C:\Users\youre\Downloads\ticket_sync\.venv\Lib\site-packages\playwright\_impl\_page.py", line 1135, in wait_for_timeout
    await self._main_frame.wait_for_timeout(timeout)
  File "C:\Users\youre\Downloads\ticket_sync\.venv\Lib\site-packages\playwright\_impl\_frame.py", line 916, in wait_for_timeout
    await self._channel.send("waitForTimeout", None, {"waitTimeout": timeout})
  File "C:\Users\youre\Downloads\ticket_sync\.venv\Lib\site-packages\playwright\_impl\_connection.py", line 69, in send
    return await self._connection.wrap_api_call(
           ^^^^^^^^^^^^^^^^^^^^^^^^^^^^^^^^^^^^^
  File "C:\Users\youre\Downloads\ticket_sync\.venv\Lib\site-packages\playwright\_impl\_connection.py", line 563, in wrap_api_call
    raise rewrite_error(error, f"{parsed_st['apiName']}: {error}") from None
playwright._impl._errors.TargetClosedError: Page.wait_for_timeout: Target page, context or browser has been closed
2026-07-29 09:57:31 [INFO] ticket_sync.local_runner: 로컬 실행 에이전트: 동기화 시작 {'freshdesk_env': 'prod', 'do_freshdesk': False, 'mode': 'range', 'start_date': '2026-07-21', 'end_date': '2026-07-21', 'date_basis': 'created', 'case_status': 'closed', 'skip_dedup': True, 'owner': 'web-ui'}
2026-07-29 09:57:35 [INFO] ticket_sync.crawler: 로그인 화면에서 'yr.choi@kt.com' 를 자동으로 클릭했습니다.
2026-07-29 09:57:37 [INFO] ticket_sync.crawler: 로그인 화면에서 '로그인' 를 자동으로 클릭했습니다.
2026-07-29 09:57:40 [WARNING] ticket_sync.crawler: 로그인 세션이 없거나 만료된 것으로 보입니다. 계정 선택/로그인 상태 유지 확인처럼 비밀번호 없이 넘어갈 수 있는 화면은 자동으로 눌러드리며, 비밀번호나 MFA가 필요하면 브라우저 창에서 직접 완료해주세요. 최대 300초 대기합니다.
2026-07-29 09:57:41 [INFO] ticket_sync.crawler: 로그인 화면에서 'yr.choi@kt.com' 를 자동으로 클릭했습니다.
2026-07-29 09:57:43 [INFO] ticket_sync.crawler: 로그인 화면에서 'yr.choi@kt.com' 를 자동으로 클릭했습니다.
2026-07-29 09:57:43 [INFO] ticket_sync.crawler: 수동 로그인 완료 확인됨. 세션이 저장되어 다음 실행부터는 재사용됩니다.
2026-07-29 09:57:55 [WARNING] ticket_sync.crawler: 상태 필터에서 '열기' 항목을 찾지 못했습니다.
2026-07-29 09:58:00 [WARNING] ticket_sync.crawler: 상태 필터에서 '완료됨' 항목을 찾지 못했습니다.
2026-07-29 09:58:02 [INFO] ticket_sync.crawler: 상태 필터 적용: case_status=closed (완료됨 체크=True)
2026-07-29 09:58:13 [INFO] ticket_sync.crawler: 생성일 화면 필터 적용: 2026-07-21 ~ 2026-07-21
2026-07-29 09:58:14 [INFO] ticket_sync.crawler: 케이스 목록 CSV 다운로드 완료: C:\Users\youre\Downloads\ticket_sync\data\downloads\SupportCases.csv
2026-07-29 09:58:14 [INFO] ticket_sync.crawler: CSV에서 총 8건 파싱됨 (날짜 필터 전, status=closed)
2026-07-29 09:58:14 [INFO] ticket_sync.crawler: 날짜 필터(created_at 기준) 적용 후 3건 (상세 보강 대상, status=closed)
2026-07-29 09:58:29 [INFO] ticket_sync.crawler: 커뮤니케이션 '더 로드' 1회 클릭함(전체 수집).
2026-07-29 09:58:29 [INFO] ticket_sync.crawler: 커뮤니케이션 원본 행 7개 확인됨.
2026-07-29 09:58:32 [INFO] ticket_sync.crawler: 커뮤니케이션 1/7 수집 완료 (source=supportmail@techsupport.microsoft.com, updated=2026. 7. 21. 오후 02:49, 길이=1172자)
2026-07-29 09:58:36 [INFO] ticket_sync.crawler: 커뮤니케이션 2/7 수집 완료 (source=supportmail@techsupport.microsoft.com, updated=2026. 7. 21. 오후 04:43, 길이=2481자)
2026-07-29 09:58:39 [INFO] ticket_sync.crawler: 커뮤니케이션 3/7 수집 완료 (source=seongil.han@kt.com, updated=2026. 7. 21. 오후 05:55, 길이=3436자)
2026-07-29 09:58:42 [INFO] ticket_sync.crawler: 커뮤니케이션 4/7 수집 완료 (source=supportmail@techsupport.microsoft.com, updated=2026. 7. 22. 오후 05:23, 길이=617자)
2026-07-29 09:58:45 [INFO] ticket_sync.crawler: 커뮤니케이션 5/7 수집 완료 (source=supportmail@techsupport.microsoft.com, updated=2026. 7. 23. 오후 01:41, 길이=1908자)
2026-07-29 09:58:48 [INFO] ticket_sync.crawler: 커뮤니케이션 6/7 수집 완료 (source=supportmail@techsupport.microsoft.com, updated=2026. 7. 24. 오후 04:53, 길이=394자)
2026-07-29 09:58:51 [INFO] ticket_sync.crawler: 커뮤니케이션 7/7 수집 완료 (source=supportmail@techsupport.microsoft.com, updated=2026. 7. 28. 오후 01:32, 길이=435자)
2026-07-29 09:58:55 [INFO] ticket_sync.crawler: 상세 보강 진행 1/3 완료 (case=2607210030002868)
2026-07-29 09:59:25 [WARNING] ticket_sync.crawler: 목록에서 '[S-7478] Container 에 blob data contributor 권한 부여 했으나, AuthorizationFailure 지속 발생' 제목의 케이스를 찾지 못해 상세 보강을 건너뜁니다.
2026-07-29 09:59:25 [INFO] ticket_sync.crawler: 상세 보강 진행 2/3 완료 (case=2607210030002416)
2026-07-29 09:59:56 [WARNING] ticket_sync.crawler: 목록에서 ''59282147-4e06-47ed-bb04-cd383dd85c09' 구독에 대한 koreacentral의 할당량 증가를 요청하는 중' 제목의 케이스를 찾지 못해 상세 보강을 건너뜁니다.
2026-07-29 09:59:56 [INFO] ticket_sync.crawler: 상세 보강 진행 3/3 완료 (case=2607210030000935)
2026-07-29 10:03:01 [INFO] ticket_sync.local_runner: 로컬 실행 에이전트: 동기화 시작 {'freshdesk_env': 'prod', 'do_freshdesk': False, 'mode': 'range', 'start_date': '2026-07-21', 'end_date': '2026-07-21', 'date_basis': 'created', 'case_status': 'closed', 'skip_dedup': True, 'owner': 'web-ui'}
2026-07-29 10:03:07 [INFO] ticket_sync.crawler: 로그인 화면에서 'yr.choi@kt.com' 를 자동으로 클릭했습니다.
2026-07-29 10:03:09 [INFO] ticket_sync.crawler: 로그인 화면에서 '로그인' 를 자동으로 클릭했습니다.
2026-07-29 10:03:12 [WARNING] ticket_sync.crawler: 로그인 세션이 없거나 만료된 것으로 보입니다. 계정 선택/로그인 상태 유지 확인처럼 비밀번호 없이 넘어갈 수 있는 화면은 자동으로 눌러드리며, 비밀번호나 MFA가 필요하면 브라우저 창에서 직접 완료해주세요. 최대 300초 대기합니다.
2026-07-29 10:03:13 [INFO] ticket_sync.crawler: 로그인 화면에서 'yr.choi@kt.com' 를 자동으로 클릭했습니다.
2026-07-29 10:03:15 [INFO] ticket_sync.crawler: 로그인 화면에서 'yr.choi@kt.com' 를 자동으로 클릭했습니다.
2026-07-29 10:03:16 [INFO] ticket_sync.crawler: 수동 로그인 완료 확인됨. 세션이 저장되어 다음 실행부터는 재사용됩니다.
2026-07-29 10:03:28 [INFO] ticket_sync.crawler: 상태 필터 적용: case_status=closed (완료됨 체크=True)
2026-07-29 10:03:53 [INFO] ticket_sync.crawler: 생성일 화면 필터 적용: 2026-07-21 ~ 2026-07-21
2026-07-29 10:03:55 [INFO] ticket_sync.crawler: 케이스 목록 CSV 다운로드 완료: C:\Users\youre\Downloads\ticket_sync\data\downloads\SupportCases.csv
2026-07-29 10:03:55 [INFO] ticket_sync.crawler: CSV에서 총 12건 파싱됨 (날짜 필터 전, status=closed)
2026-07-29 10:03:55 [INFO] ticket_sync.crawler: 날짜 필터(created_at 기준) 적용 후 5건 (상세 보강 대상, status=closed)
2026-07-29 10:03:55 [INFO] ticket_sync.crawler: 변경 없음(modified_at 동일) 확인되어 상세 보강 건너뜀 1/5 (case=2607210030005897)
2026-07-29 10:03:55 [INFO] ticket_sync.crawler: 변경 없음(modified_at 동일) 확인되어 상세 보강 건너뜀 2/5 (case=2607210030005093)
2026-07-29 10:04:08 [INFO] ticket_sync.crawler: 커뮤니케이션 '더 로드' 1회 클릭함(전체 수집).
2026-07-29 10:04:09 [INFO] ticket_sync.crawler: 커뮤니케이션 원본 행 5개 확인됨.
2026-07-29 10:04:12 [INFO] ticket_sync.crawler: 커뮤니케이션 1/5 수집 완료 (source=supportmail@techsupport.microsoft.com, updated=2026. 7. 21. 오후 04:20, 길이=1197자)
2026-07-29 10:04:16 [INFO] ticket_sync.crawler: 커뮤니케이션 2/5 수집 완료 (source=supportmail@techsupport.microsoft.com, updated=2026. 7. 21. 오후 05:28, 길이=2582자)
2026-07-29 10:04:19 [INFO] ticket_sync.crawler: 커뮤니케이션 3/5 수집 완료 (source=jacobbaek@microsoft.com, updated=2026. 7. 23. 오전 09:50, 길이=508자)
2026-07-29 10:04:23 [INFO] ticket_sync.crawler: 커뮤니케이션 4/5 수집 완료 (source=wonsuk.choi@kt.com, updated=2026. 7. 23. 오전 11:26, 길이=1168자)
2026-07-29 10:04:26 [INFO] ticket_sync.crawler: 커뮤니케이션 5/5 수집 완료 (source=jacobbaek@microsoft.com, updated=2026. 7. 23. 오후 02:47, 길이=747자)
2026-07-29 10:04:42 [INFO] ticket_sync.crawler: 상세 보강 진행 3/5 완료 (case=2607210030004076)
2026-07-29 10:05:13 [WARNING] ticket_sync.crawler: 목록에서 'aks cluster autoscaler' 제목의 케이스를 찾지 못해 상세 보강을 건너뜁니다.
2026-07-29 10:05:13 [INFO] ticket_sync.crawler: 상세 보강 진행 4/5 완료 (case=2607210030000644)
2026-07-29 10:05:13 [INFO] ticket_sync.crawler: 변경 없음(modified_at 동일) 확인되어 상세 보강 건너뜀 5/5 (case=2607210030000414)
2026-07-29 14:47:05 [INFO] ticket_sync.local_runner: 로컬 실행 에이전트: 동기화 시작 {'freshdesk_env': 'prod', 'do_freshdesk': False, 'mode': 'today', 'start_date': None, 'end_date': None, 'date_basis': 'created', 'case_status': 'open', 'skip_dedup': True, 'owner': 'web-ui'}
2026-07-29 14:47:13 [INFO] ticket_sync.crawler: 로그인 화면에서 'yr.choi@kt.com' 를 자동으로 클릭했습니다.
2026-07-29 14:47:13 [ERROR] ticket_sync.main: 티켓 수집 중 오류가 발생했습니다
Traceback (most recent call last):
  File "C:\Users\youre\Downloads\ticket_sync\main.py", line 248, in run_sync
    all_tickets, crawl_warnings = crawler.collect_tickets(
                                  ^^^^^^^^^^^^^^^^^^^^^^^^
  File "C:\Users\youre\Downloads\ticket_sync\crawler.py", line 1197, in collect_tickets
    context.close()
  File "C:\Users\youre\Downloads\ticket_sync\.venv\Lib\site-packages\playwright\sync_api\_generated.py", line 15212, in close
    return mapping.from_maybe_impl(self._sync(self._impl_obj.close(reason=reason)))
                                   ^^^^^^^^^^^^^^^^^^^^^^^^^^^^^^^^^^^^^^^^^^^^^^^
  File "C:\Users\youre\Downloads\ticket_sync\.venv\Lib\site-packages\playwright\_impl\_sync_base.py", line 115, in _sync
    return task.result()
           ^^^^^^^^^^^^^
  File "C:\Users\youre\Downloads\ticket_sync\.venv\Lib\site-packages\playwright\_impl\_browser_context.py", line 585, in close
    await self._channel.send("close", None, {"reason": reason})
  File "C:\Users\youre\Downloads\ticket_sync\.venv\Lib\site-packages\playwright\_impl\_connection.py", line 69, in send
    return await self._connection.wrap_api_call(
           ^^^^^^^^^^^^^^^^^^^^^^^^^^^^^^^^^^^^^
  File "C:\Users\youre\Downloads\ticket_sync\.venv\Lib\site-packages\playwright\_impl\_connection.py", line 563, in wrap_api_call
    raise rewrite_error(error, f"{parsed_st['apiName']}: {error}") from None
playwright._impl._errors.TargetClosedError: BrowserContext.close: Target page, context or browser has been closed
2026-07-29 15:03:25 [INFO] ticket_sync.local_runner: 로컬 실행 에이전트: 동기화 시작 {'freshdesk_env': 'prod', 'do_freshdesk': False, 'mode': 'range', 'start_date': '2026-07-21', 'end_date': '2026-07-21', 'date_basis': 'created', 'case_status': 'closed', 'skip_dedup': True, 'owner': 'web-ui'}
2026-07-29 15:03:29 [INFO] ticket_sync.crawler: 로그인 화면에서 'yr.choi@kt.com' 를 자동으로 클릭했습니다.
2026-07-29 15:03:32 [INFO] ticket_sync.crawler: 로그인 화면에서 '로그인' 를 자동으로 클릭했습니다.
2026-07-29 15:03:35 [WARNING] ticket_sync.crawler: 로그인 세션이 없거나 만료된 것으로 보입니다. 계정 선택/로그인 상태 유지 확인처럼 비밀번호 없이 넘어갈 수 있는 화면은 자동으로 눌러드리며, 비밀번호나 MFA가 필요하면 브라우저 창에서 직접 완료해주세요. 최대 300초 대기합니다.
2026-07-29 15:03:35 [INFO] ticket_sync.crawler: 로그인 화면에서 'yr.choi@kt.com' 를 자동으로 클릭했습니다.
2026-07-29 15:03:37 [INFO] ticket_sync.crawler: 로그인 화면에서 'yr.choi@kt.com' 를 자동으로 클릭했습니다.
2026-07-29 15:03:38 [INFO] ticket_sync.crawler: 수동 로그인 완료 확인됨. 세션이 저장되어 다음 실행부터는 재사용됩니다.
2026-07-29 15:03:48 [INFO] ticket_sync.crawler: 상태 필터 적용: case_status=closed (완료됨 체크=True)
2026-07-29 15:04:07 [INFO] ticket_sync.crawler: 생성일 화면 필터 적용: 2026-07-21 ~ 2026-07-21
2026-07-29 15:04:08 [INFO] ticket_sync.crawler: 케이스 목록 CSV 다운로드 완료: C:\Users\youre\Downloads\ticket_sync\data\downloads\SupportCases.csv
2026-07-29 15:04:08 [INFO] ticket_sync.crawler: CSV에서 총 13건 파싱됨 (날짜 필터 전, status=closed)
2026-07-29 15:04:08 [INFO] ticket_sync.crawler: 날짜 필터(created_at 기준) 적용 후 6건 (상세 보강 대상, status=closed)
2026-07-29 15:04:16 [INFO] ticket_sync.crawler: 커뮤니케이션 '더 로드' 0회 클릭함(전체 수집).
2026-07-29 15:04:16 [INFO] ticket_sync.crawler: 커뮤니케이션 원본 행 3개 확인됨.
2026-07-29 15:04:19 [INFO] ticket_sync.crawler: 커뮤니케이션 1/3 수집 완료 (source=supportmail@techsupport.microsoft.com, updated=2026. 7. 21. 오후 06:58, 길이=380자)
2026-07-29 15:04:22 [INFO] ticket_sync.crawler: 커뮤니케이션 2/3 수집 완료 (source=supportmail@techsupport.microsoft.com, updated=2026. 7. 22. 오전 09:10, 길이=2060자)
2026-07-29 15:04:23 [WARNING] ticket_sync.crawler: 커뮤니케이션 3/3 수집 중 예기치 못한 오류로 중단합니다: Target page, context or browser has been closed
Traceback (most recent call last):
  File "C:\Users\youre\Downloads\ticket_sync\crawler.py", line 907, in collect_all_communications
    page.wait_for_load_state("networkidle", timeout=2500)
  File "C:\Users\youre\Downloads\ticket_sync\.venv\Lib\site-packages\playwright\sync_api\_generated.py", line 9875, in wait_for_load_state
    self._sync(
  File "C:\Users\youre\Downloads\ticket_sync\.venv\Lib\site-packages\playwright\_impl\_sync_base.py", line 115, in _sync
    return task.result()
           ^^^^^^^^^^^^^
  File "C:\Users\youre\Downloads\ticket_sync\.venv\Lib\site-packages\playwright\_impl\_page.py", line 580, in wait_for_load_state
    return await self._main_frame.wait_for_load_state(**locals_to_params(locals()))
           ^^^^^^^^^^^^^^^^^^^^^^^^^^^^^^^^^^^^^^^^^^^^^^^^^^^^^^^^^^^^^^^^^^^^^^^^
  File "C:\Users\youre\Downloads\ticket_sync\.venv\Lib\site-packages\playwright\_impl\_frame.py", line 298, in wait_for_load_state
    return await self._wait_for_load_state_impl(state, timeout)
           ^^^^^^^^^^^^^^^^^^^^^^^^^^^^^^^^^^^^^^^^^^^^^^^^^^^^
  File "C:\Users\youre\Downloads\ticket_sync\.venv\Lib\site-packages\playwright\_impl\_frame.py", line 326, in _wait_for_load_state_impl
    await waiter.result()
playwright._impl._errors.Error: Target page, context or browser has been closed
2026-07-29 15:04:25 [INFO] ticket_sync.crawler: 상세 보강 진행 1/6 완료 (case=2607210030005897)
2026-07-29 15:04:25 [INFO] ticket_sync.crawler: 변경 없음(modified_at 동일) 확인되어 상세 보강 건너뜀 2/6 (case=2607210030005093)
2026-07-29 15:04:25 [INFO] ticket_sync.crawler: 변경 없음(modified_at 동일) 확인되어 상세 보강 건너뜀 3/6 (case=2607210030004076)
2026-07-29 15:04:25 [WARNING] ticket_sync.crawler: 상세 보강 중 오류: Page.wait_for_timeout: Target page, context or browser has been closed
Traceback (most recent call last):
  File "C:\Users\youre\Downloads\ticket_sync\crawler.py", line 1136, in _collect_for_single_status
    filtered[i - 1] = enrich_ticket_from_detail_page(page, t, config, do_freshdesk)
                      ^^^^^^^^^^^^^^^^^^^^^^^^^^^^^^^^^^^^^^^^^^^^^^^^^^^^^^^^^^^^^
  File "C:\Users\youre\Downloads\ticket_sync\crawler.py", line 981, in enrich_ticket_from_detail_page
    if not _click_case_row_by_title(page, title, timeout_ms):
           ^^^^^^^^^^^^^^^^^^^^^^^^^^^^^^^^^^^^^^^^^^^^^^^^^
  File "C:\Users\youre\Downloads\ticket_sync\crawler.py", line 702, in _click_case_row_by_title
    link = _find_locator_in_frames(page, title, exact=True, timeout_ms=timeout_ms)
           ^^^^^^^^^^^^^^^^^^^^^^^^^^^^^^^^^^^^^^^^^^^^^^^^^^^^^^^^^^^^^^^^^^^^^^^
  File "C:\Users\youre\Downloads\ticket_sync\crawler.py", line 118, in _find_locator_in_frames
    _, loc = _find_in_frames_with_frame(page, text, exact=exact, timeout_ms=timeout_ms)
             ^^^^^^^^^^^^^^^^^^^^^^^^^^^^^^^^^^^^^^^^^^^^^^^^^^^^^^^^^^^^^^^^^^^^^^^^^^
  File "C:\Users\youre\Downloads\ticket_sync\crawler.py", line 113, in _find_in_frames_with_frame
    page.wait_for_timeout(300)
  File "C:\Users\youre\Downloads\ticket_sync\.venv\Lib\site-packages\playwright\sync_api\_generated.py", line 12529, in wait_for_timeout
    self._sync(
  File "C:\Users\youre\Downloads\ticket_sync\.venv\Lib\site-packages\playwright\_impl\_sync_base.py", line 115, in _sync
    return task.result()
           ^^^^^^^^^^^^^
  File "C:\Users\youre\Downloads\ticket_sync\.venv\Lib\site-packages\playwright\_impl\_page.py", line 1135, in wait_for_timeout
    await self._main_frame.wait_for_timeout(timeout)
  File "C:\Users\youre\Downloads\ticket_sync\.venv\Lib\site-packages\playwright\_impl\_frame.py", line 916, in wait_for_timeout
    await self._channel.send("waitForTimeout", None, {"waitTimeout": timeout})
  File "C:\Users\youre\Downloads\ticket_sync\.venv\Lib\site-packages\playwright\_impl\_connection.py", line 69, in send
    return await self._connection.wrap_api_call(
           ^^^^^^^^^^^^^^^^^^^^^^^^^^^^^^^^^^^^^
  File "C:\Users\youre\Downloads\ticket_sync\.venv\Lib\site-packages\playwright\_impl\_connection.py", line 563, in wrap_api_call
    raise rewrite_error(error, f"{parsed_st['apiName']}: {error}") from None
playwright._impl._errors.TargetClosedError: Page.wait_for_timeout: Target page, context or browser has been closed
2026-07-29 15:04:25 [WARNING] ticket_sync.crawler: 상세 보강 중 오류: Page.wait_for_timeout: Target page, context or browser has been closed
Traceback (most recent call last):
  File "C:\Users\youre\Downloads\ticket_sync\crawler.py", line 1136, in _collect_for_single_status
    filtered[i - 1] = enrich_ticket_from_detail_page(page, t, config, do_freshdesk)
                      ^^^^^^^^^^^^^^^^^^^^^^^^^^^^^^^^^^^^^^^^^^^^^^^^^^^^^^^^^^^^^
  File "C:\Users\youre\Downloads\ticket_sync\crawler.py", line 981, in enrich_ticket_from_detail_page
    if not _click_case_row_by_title(page, title, timeout_ms):
           ^^^^^^^^^^^^^^^^^^^^^^^^^^^^^^^^^^^^^^^^^^^^^^^^^
  File "C:\Users\youre\Downloads\ticket_sync\crawler.py", line 702, in _click_case_row_by_title
    link = _find_locator_in_frames(page, title, exact=True, timeout_ms=timeout_ms)
           ^^^^^^^^^^^^^^^^^^^^^^^^^^^^^^^^^^^^^^^^^^^^^^^^^^^^^^^^^^^^^^^^^^^^^^^
  File "C:\Users\youre\Downloads\ticket_sync\crawler.py", line 118, in _find_locator_in_frames
    _, loc = _find_in_frames_with_frame(page, text, exact=exact, timeout_ms=timeout_ms)
             ^^^^^^^^^^^^^^^^^^^^^^^^^^^^^^^^^^^^^^^^^^^^^^^^^^^^^^^^^^^^^^^^^^^^^^^^^^
  File "C:\Users\youre\Downloads\ticket_sync\crawler.py", line 113, in _find_in_frames_with_frame
    page.wait_for_timeout(300)
  File "C:\Users\youre\Downloads\ticket_sync\.venv\Lib\site-packages\playwright\sync_api\_generated.py", line 12529, in wait_for_timeout
    self._sync(
  File "C:\Users\youre\Downloads\ticket_sync\.venv\Lib\site-packages\playwright\_impl\_sync_base.py", line 115, in _sync
    return task.result()
           ^^^^^^^^^^^^^
  File "C:\Users\youre\Downloads\ticket_sync\.venv\Lib\site-packages\playwright\_impl\_page.py", line 1135, in wait_for_timeout
    await self._main_frame.wait_for_timeout(timeout)
  File "C:\Users\youre\Downloads\ticket_sync\.venv\Lib\site-packages\playwright\_impl\_frame.py", line 916, in wait_for_timeout
    await self._channel.send("waitForTimeout", None, {"waitTimeout": timeout})
  File "C:\Users\youre\Downloads\ticket_sync\.venv\Lib\site-packages\playwright\_impl\_connection.py", line 69, in send
    return await self._connection.wrap_api_call(
           ^^^^^^^^^^^^^^^^^^^^^^^^^^^^^^^^^^^^^
  File "C:\Users\youre\Downloads\ticket_sync\.venv\Lib\site-packages\playwright\_impl\_connection.py", line 563, in wrap_api_call
    raise rewrite_error(error, f"{parsed_st['apiName']}: {error}") from None
playwright._impl._errors.TargetClosedError: Page.wait_for_timeout: Target page, context or browser has been closed
2026-07-29 15:04:25 [INFO] ticket_sync.crawler: 변경 없음(modified_at 동일) 확인되어 상세 보강 건너뜀 6/6 (case=2607210030000414)
2026-07-29 15:24:32 [INFO] ticket_sync.local_runner: 로컬 실행 에이전트: 동기화 시작 {'freshdesk_env': 'prod', 'do_freshdesk': False, 'mode': 'range', 'start_date': '2026-07-21', 'end_date': '2026-07-21', 'date_basis': 'created', 'case_status': 'closed', 'skip_dedup': True, 'owner': 'web-ui'}
2026-07-29 15:24:36 [INFO] ticket_sync.crawler: 로그인 화면에서 'yr.choi@kt.com' 를 자동으로 클릭했습니다.
2026-07-29 15:24:39 [INFO] ticket_sync.crawler: 로그인 화면에서 '로그인' 를 자동으로 클릭했습니다.
2026-07-29 15:24:41 [WARNING] ticket_sync.crawler: 로그인 세션이 없거나 만료된 것으로 보입니다. 계정 선택/로그인 상태 유지 확인처럼 비밀번호 없이 넘어갈 수 있는 화면은 자동으로 눌러드리며, 비밀번호나 MFA가 필요하면 브라우저 창에서 직접 완료해주세요. 최대 300초 대기합니다.
2026-07-29 15:24:42 [INFO] ticket_sync.crawler: 로그인 화면에서 'yr.choi@kt.com' 를 자동으로 클릭했습니다.
2026-07-29 15:24:44 [INFO] ticket_sync.crawler: 로그인 화면에서 'yr.choi@kt.com' 를 자동으로 클릭했습니다.
2026-07-29 15:24:45 [INFO] ticket_sync.crawler: 수동 로그인 완료 확인됨. 세션이 저장되어 다음 실행부터는 재사용됩니다.
2026-07-29 15:24:54 [INFO] ticket_sync.crawler: 상태 필터 적용: case_status=closed (완료됨 체크=True)
2026-07-29 15:25:13 [INFO] ticket_sync.crawler: 생성일 화면 필터 적용: 2026-07-21 ~ 2026-07-21
2026-07-29 15:25:14 [INFO] ticket_sync.crawler: 케이스 목록 CSV 다운로드 완료: C:\Users\youre\Downloads\ticket_sync\data\downloads\SupportCases.csv
2026-07-29 15:25:14 [INFO] ticket_sync.crawler: CSV에서 총 13건 파싱됨 (날짜 필터 전, status=closed)
2026-07-29 15:25:14 [INFO] ticket_sync.crawler: 날짜 필터(created_at 기준) 적용 후 6건 (상세 보강 대상, status=closed)
2026-07-29 15:25:14 [INFO] ticket_sync.crawler: 변경 없음(modified_at 동일) 확인되어 상세 보강 건너뜀 1/6 (case=2607210030005897)
2026-07-29 15:25:14 [INFO] ticket_sync.crawler: 변경 없음(modified_at 동일) 확인되어 상세 보강 건너뜀 2/6 (case=2607210030005093)
2026-07-29 15:25:14 [INFO] ticket_sync.crawler: 변경 없음(modified_at 동일) 확인되어 상세 보강 건너뜀 3/6 (case=2607210030004076)
2026-07-29 15:25:35 [INFO] ticket_sync.crawler: 커뮤니케이션 '더 로드' 2회 클릭함(전체 수집).
2026-07-29 15:25:35 [INFO] ticket_sync.crawler: 커뮤니케이션 원본 행 11개 확인됨.
2026-07-29 15:25:38 [INFO] ticket_sync.crawler: 커뮤니케이션 1/11 수집 완료 (source=supportmail@techsupport.microsoft.com, updated=2026. 7. 21. 오후 02:06, 길이=1186자)
2026-07-29 15:25:41 [INFO] ticket_sync.crawler: 커뮤니케이션 2/11 수집 완료 (source=supportmail@techsupport.microsoft.com, updated=2026. 7. 21. 오후 04:31, 길이=2174자)
2026-07-29 15:25:45 [INFO] ticket_sync.crawler: 커뮤니케이션 3/11 수집 완료 (source=moonsoyoung@microsoft.com, updated=2026. 7. 22. 오후 03:58, 길이=580자)
2026-07-29 15:25:48 [INFO] ticket_sync.crawler: 커뮤니케이션 4/11 수집 완료 (source=kwangje.baeg@kt.com, updated=2026. 7. 22. 오후 04:02, 길이=203자)
2026-07-29 15:25:51 [INFO] ticket_sync.crawler: 커뮤니케이션 5/11 수집 완료 (source=kwangje.baeg@kt.com, updated=2026. 7. 22. 오후 04:41, 길이=715자)
2026-07-29 15:25:54 [INFO] ticket_sync.crawler: 커뮤니케이션 6/11 수집 완료 (source=moonsoyoung@microsoft.com, updated=2026. 7. 23. 오후 05:30, 길이=553자)
2026-07-29 15:25:57 [INFO] ticket_sync.crawler: 커뮤니케이션 7/11 수집 완료 (source=kwangje.baeg@kt.com, updated=2026. 7. 24. 오전 09:17, 길이=163자)
2026-07-29 15:26:01 [INFO] ticket_sync.crawler: 커뮤니케이션 8/11 수집 완료 (source=moonsoyoung@microsoft.com, updated=2026. 7. 24. 오후 01:37, 길이=1431자)
2026-07-29 15:26:04 [INFO] ticket_sync.crawler: 커뮤니케이션 9/11 수집 완료 (source=moonsoyoung@microsoft.com, updated=2026. 7. 28. 오후 02:09, 길이=558자)
2026-07-29 15:26:07 [INFO] ticket_sync.crawler: 커뮤니케이션 10/11 수집 완료 (source=kwangje.baeg@kt.com, updated=2026. 7. 29. 오전 11:51, 길이=256자)
2026-07-29 15:26:10 [INFO] ticket_sync.crawler: 커뮤니케이션 11/11 수집 완료 (source=moonsoyoung@microsoft.com, updated=2026. 7. 29. 오후 01:33, 길이=2167자)
2026-07-29 15:26:14 [INFO] ticket_sync.crawler: 상세 보강 진행 4/6 완료 (case=2607210030002416)
2026-07-29 15:26:44 [WARNING] ticket_sync.crawler: 목록에서 'aks cluster autoscaler' 제목의 케이스를 찾지 못해 상세 보강을 건너뜁니다.
2026-07-29 15:26:44 [INFO] ticket_sync.crawler: 상세 보강 진행 5/6 완료 (case=2607210030000644)
2026-07-29 15:26:44 [INFO] ticket_sync.crawler: 변경 없음(modified_at 동일) 확인되어 상세 보강 건너뜀 6/6 (case=2607210030000414)
2026-07-29 15:59:23 [INFO] ticket_sync.local_runner: 로컬 실행 에이전트: 동기화 시작 {'freshdesk_env': 'prod', 'do_freshdesk': True, 'mode': 'range', 'start_date': '2026-07-21', 'end_date': '2026-07-21', 'date_basis': 'created', 'case_status': 'closed', 'skip_dedup': True, 'owner': 'web-ui'}
2026-07-29 15:59:27 [INFO] ticket_sync.crawler: 로그인 화면에서 'yr.choi@kt.com' 를 자동으로 클릭했습니다.
2026-07-29 15:59:29 [INFO] ticket_sync.crawler: 로그인 화면에서 '로그인' 를 자동으로 클릭했습니다.
2026-07-29 15:59:32 [INFO] ticket_sync.crawler: 로그인 화면에서 'yr.choi@kt.com' 를 자동으로 클릭했습니다.
2026-07-29 15:59:33 [WARNING] ticket_sync.crawler: 로그인 세션이 없거나 만료된 것으로 보입니다. 계정 선택/로그인 상태 유지 확인처럼 비밀번호 없이 넘어갈 수 있는 화면은 자동으로 눌러드리며, 비밀번호나 MFA가 필요하면 브라우저 창에서 직접 완료해주세요. 최대 300초 대기합니다.
2026-07-29 15:59:33 [INFO] ticket_sync.crawler: 로그인 화면에서 'yr.choi@kt.com' 를 자동으로 클릭했습니다.
2026-07-29 15:59:34 [INFO] ticket_sync.crawler: 로그인 화면에서 'yr.choi@kt.com' 를 자동으로 클릭했습니다.
2026-07-29 15:59:36 [INFO] ticket_sync.crawler: 수동 로그인 완료 확인됨. 세션이 저장되어 다음 실행부터는 재사용됩니다.
2026-07-29 15:59:48 [INFO] ticket_sync.crawler: 상태 필터 적용: case_status=closed (완료됨 체크=True)
2026-07-29 16:00:05 [INFO] ticket_sync.crawler: 생성일 화면 필터 적용: 2026-07-21 ~ 2026-07-21
2026-07-29 16:00:51 [ERROR] ticket_sync.main: 티켓 수집 중 오류가 발생했습니다
Traceback (most recent call last):
  File "C:\Users\youre\Downloads\ticket_sync\main.py", line 248, in run_sync
    all_tickets, crawl_warnings = crawler.collect_tickets(
                                  ^^^^^^^^^^^^^^^^^^^^^^^^
  File "C:\Users\youre\Downloads\ticket_sync\crawler.py", line 1189, in collect_tickets
    tickets = _collect_for_single_status(
              ^^^^^^^^^^^^^^^^^^^^^^^^^^^
  File "C:\Users\youre\Downloads\ticket_sync\crawler.py", line 1107, in _collect_for_single_status
    csv_path = export_case_csv_with_retry(page, context, config)
               ^^^^^^^^^^^^^^^^^^^^^^^^^^^^^^^^^^^^^^^^^^^^^^^^^
  File "C:\Users\youre\Downloads\ticket_sync\crawler.py", line 555, in export_case_csv_with_retry
    return export_case_csv(page, context, config)
           ^^^^^^^^^^^^^^^^^^^^^^^^^^^^^^^^^^^^^^
  File "C:\Users\youre\Downloads\ticket_sync\crawler.py", line 532, in export_case_csv
    with page.expect_download(timeout=config.crawler.download_timeout_ms) as download_info:
         ^^^^^^^^^^^^^^^^^^^^^^^^^^^^^^^^^^^^^^^^^^^^^^^^^^^^^^^^^^^^^^^^
  File "C:\Users\youre\Downloads\ticket_sync\.venv\Lib\site-packages\playwright\_impl\_sync_base.py", line 85, in __exit__
    self._event.value
  File "C:\Users\youre\Downloads\ticket_sync\.venv\Lib\site-packages\playwright\_impl\_sync_base.py", line 59, in value
    raise exception
playwright._impl._errors.Error: Target page, context or browser has been closed
=========================== logs ===========================
waiting for event "download"
============================================================
2026-07-29 16:16:33 [INFO] ticket_sync.local_runner: 로컬 실행 에이전트: 동기화 시작 {'freshdesk_env': 'prod', 'do_freshdesk': False, 'mode': 'range', 'start_date': '2026-07-21', 'end_date': '2026-07-21', 'date_basis': 'created', 'case_status': 'closed', 'skip_dedup': True, 'save_excel': False, 'owner': 'web-ui'}
2026-07-29 16:16:37 [INFO] ticket_sync.crawler: 로그인 화면에서 'yr.choi@kt.com' 를 자동으로 클릭했습니다.
2026-07-29 16:16:39 [INFO] ticket_sync.crawler: 로그인 화면에서 '로그인' 를 자동으로 클릭했습니다.
2026-07-29 16:16:42 [INFO] ticket_sync.crawler: 로그인 화면에서 'yr.choi@kt.com' 를 자동으로 클릭했습니다.
2026-07-29 16:16:42 [WARNING] ticket_sync.crawler: 로그인 세션이 없거나 만료된 것으로 보입니다. 계정 선택/로그인 상태 유지 확인처럼 비밀번호 없이 넘어갈 수 있는 화면은 자동으로 눌러드리며, 비밀번호나 MFA가 필요하면 브라우저 창에서 직접 완료해주세요. 최대 300초 대기합니다.
2026-07-29 16:16:43 [INFO] ticket_sync.crawler: 로그인 화면에서 'yr.choi@kt.com' 를 자동으로 클릭했습니다.
2026-07-29 16:16:44 [INFO] ticket_sync.crawler: 로그인 화면에서 'yr.choi@kt.com' 를 자동으로 클릭했습니다.
2026-07-29 16:16:45 [INFO] ticket_sync.crawler: 수동 로그인 완료 확인됨. 세션이 저장되어 다음 실행부터는 재사용됩니다.
2026-07-29 16:16:55 [INFO] ticket_sync.crawler: 상태 필터 적용: case_status=closed (완료됨 체크=True)
2026-07-29 16:17:14 [INFO] ticket_sync.crawler: 생성일 화면 필터 적용: 2026-07-21 ~ 2026-07-21
2026-07-29 16:17:14 [INFO] ticket_sync.crawler: 케이스 목록 CSV 다운로드 완료: C:\Users\youre\Downloads\ticket_sync\data\downloads\SupportCases.csv
2026-07-29 16:17:15 [INFO] ticket_sync.crawler: CSV에서 총 13건 파싱됨 (날짜 필터 전, status=closed)
2026-07-29 16:17:15 [INFO] ticket_sync.crawler: 날짜 필터(created_at 기준) 적용 후 6건 (상세 보강 대상, status=closed)
2026-07-29 16:17:15 [INFO] ticket_sync.crawler: 변경 없음(modified_at 동일) 확인되어 상세 보강 건너뜀 1/6 (case=2607210030005897)
2026-07-29 16:17:15 [INFO] ticket_sync.crawler: 변경 없음(modified_at 동일) 확인되어 상세 보강 건너뜀 2/6 (case=2607210030005093)
2026-07-29 16:17:15 [INFO] ticket_sync.crawler: 변경 없음(modified_at 동일) 확인되어 상세 보강 건너뜀 3/6 (case=2607210030004076)
2026-07-29 16:17:15 [INFO] ticket_sync.crawler: 변경 없음(modified_at 동일) 확인되어 상세 보강 건너뜀 4/6 (case=2607210030002416)
2026-07-29 16:17:29 [INFO] ticket_sync.crawler: 커뮤니케이션 '더 로드' 1회 클릭함(전체 수집).
2026-07-29 16:17:29 [INFO] ticket_sync.crawler: 커뮤니케이션 원본 행 9개 확인됨.
2026-07-29 16:17:32 [INFO] ticket_sync.crawler: 커뮤니케이션 1/9 수집 완료 (source=supportmail@techsupport.microsoft.com, updated=2026. 7. 21. 오전 10:46, 길이=636자)
2026-07-29 16:17:36 [INFO] ticket_sync.crawler: 커뮤니케이션 2/9 수집 완료 (source=supportmail@techsupport.microsoft.com, updated=2026. 7. 21. 오후 12:05, 길이=4385자)
2026-07-29 16:17:39 [INFO] ticket_sync.crawler: 커뮤니케이션 3/9 수집 완료 (source=ps.hee@kt.com, updated=2026. 7. 21. 오후 03:12, 길이=5262자)
2026-07-29 16:17:42 [INFO] ticket_sync.crawler: 커뮤니케이션 4/9 수집 완료 (source=jaewonpark@microsoft.com, updated=2026. 7. 21. 오후 05:56, 길이=7485자)
2026-07-29 16:17:45 [INFO] ticket_sync.crawler: 커뮤니케이션 5/9 수집 완료 (source=jaewonpark@microsoft.com, updated=2026. 7. 22. 오전 10:36, 길이=9232자)
2026-07-29 16:17:48 [INFO] ticket_sync.crawler: 커뮤니케이션 6/9 수집 완료 (source=ps.hee@kt.com, updated=2026. 7. 22. 오전 11:35, 길이=9968자)
2026-07-29 16:17:52 [INFO] ticket_sync.crawler: 커뮤니케이션 7/9 수집 완료 (source=jaewonpark@microsoft.com, updated=2026. 7. 22. 오후 01:16, 길이=11622자)
2026-07-29 16:17:55 [INFO] ticket_sync.crawler: 커뮤니케이션 8/9 수집 완료 (source=ps.hee@kt.com, updated=2026. 7. 22. 오후 01:24, 길이=12207자)
2026-07-29 16:17:58 [INFO] ticket_sync.crawler: 커뮤니케이션 9/9 수집 완료 (source=jaewonpark@microsoft.com, updated=2026. 7. 22. 오후 02:55, 길이=13608자)
2026-07-29 16:18:01 [INFO] ticket_sync.crawler: 상세 보강 진행 5/6 완료 (case=2607210030000644)
2026-07-29 16:18:01 [INFO] ticket_sync.crawler: 변경 없음(modified_at 동일) 확인되어 상세 보강 건너뜀 6/6 (case=2607210030000414)
